ISO-10303-21;
HEADER;
/* Generated by software containing ST-Developer
 * from STEP Tools, Inc. (www.steptools.com) 
 */

FILE_DESCRIPTION(
/* description */ (''),
/* implementation_level */ '2;1');

FILE_NAME(
/* name */ 
'H:\\02_Technik\\01_Modelle\\8xx_SLHx\\801_SLH25\\801_xx2_SLH25_Nennsp
annposition.stp',
/* time_stamp */ '2022-08-23T15:38:07+02:00',
/* author */ ('rdupont'),
/* organization */ (''),
/* preprocessor_version */ 'ST-DEVELOPER v18',
/* originating_system */ 'Autodesk Inventor 2020',
/* authorisation */ '');

FILE_SCHEMA (('AUTOMOTIVE_DESIGN { 1 0 10303 214 3 1 1 }'));
ENDSEC;

DATA;
#10=MECHANICAL_DESIGN_GEOMETRIC_PRESENTATION_REPRESENTATION('',(#3778,#3779,
#3780,#3781,#3782,#3783,#3784,#3785,#3786,#3787,#3788,#3789,#3790,#3791,
#3792,#3793,#3794,#3795,#3796,#3797,#3798,#3799,#3800,#3801,#3802,#3803,
#3804,#3805,#3806,#3807,#3808,#3809,#3810,#3811,#3812,#3813,#3814,#3815,
#3816,#3817,#3818,#3819,#3820,#3821,#3822,#3823,#3824,#3825,#3826,#3827,
#3828,#3829,#3830,#3831,#3832,#3833,#3834,#3835,#3836,#3837,#3838,#3839,
#3840,#3841,#3842,#3843,#3844,#3845,#3846,#3847,#3848,#3849,#3850,#3851,
#3852,#3853,#3854,#3855,#3856,#3857,#3858,#3859,#3860,#3861,#3862,#3863,
#3864,#3865,#3866,#3867,#3868,#3869,#3870,#3871,#3872,#3873,#3874,#3875,
#3876,#3877,#3878,#3879,#3880,#3881,#3882,#3883,#3884,#3885,#3886,#3887,
#3888,#3889,#3890,#3891,#3892,#3893,#3894,#3895,#3896,#3897,#3898,#3899,
#3900,#3901,#3902,#3903,#3904,#3905,#3906,#3907,#3908,#3909,#3910,#3911,
#3912,#3913,#3914,#3915,#3916,#3917,#3918,#3919,#3920,#3921,#3922,#3923,
#3924,#3925,#3926,#3927,#3928,#3929,#3930,#3931,#3932,#3933,#3934,#3935,
#3936,#3937,#3938,#3939,#3940,#3941,#3942,#3943,#3944,#3945,#3946,#3947,
#3948,#3949,#3950,#3951,#3952,#3953,#3954,#3955,#3956,#3957,#3958,#3959,
#3960,#3961,#3962,#3963,#3964,#3965,#3966,#3967,#3968,#3969,#3970,#3971,
#3972,#3973,#3974,#3975,#3976,#3977,#3978,#3979,#3980,#3981,#3982,#3983,
#3984,#3985,#3986,#3987,#3988,#3989,#3990,#3991,#3992,#3993,#3994,#3995,
#3996,#3997,#3998),#7517);
#11=SHAPE_REPRESENTATION_RELATIONSHIP('SRR','None',#7524,#12);
#12=ADVANCED_BREP_SHAPE_REPRESENTATION('',(#15,#14),#7516);
#13=ORIENTED_CLOSED_SHELL('',*,#4219,.F.);
#14=BREP_WITH_VOIDS('Volumenk\X\F6rper1',#4220,(#13));
#15=MANIFOLD_SOLID_BREP('Volumenk\X\F6rper1',#4218);
#16=CONICAL_SURFACE('',#4332,7.36054930794905,1.13446401379631);
#17=CONICAL_SURFACE('',#4359,1.60155253703633,1.0471975511966);
#18=CONICAL_SURFACE('',#4367,4.93806102662208,1.46607657167521);
#19=CONICAL_SURFACE('',#4381,4.92536862672618,0.296705972839046);
#20=CONICAL_SURFACE('',#4384,5.13671842232276,0.0872664625997169);
#21=CONICAL_SURFACE('',#4390,7.18306278646241,0.575958653158129);
#22=CONICAL_SURFACE('',#4392,8.10566599729051,0.523598775598537);
#23=CONICAL_SURFACE('',#4402,8.13029052249702,0.104719755119661);
#24=CONICAL_SURFACE('',#4418,7.25000000000001,1.04719755119685);
#25=CONICAL_SURFACE('',#4429,6.72499999999997,0.26179938779915);
#26=CONICAL_SURFACE('',#4431,7.17000000000001,1.0471975511966);
#27=CONICAL_SURFACE('',#4434,5.00022421185712,0.488692190558409);
#28=CONICAL_SURFACE('',#4443,5.13671842232276,0.0872664625997169);
#29=CONICAL_SURFACE('',#4449,7.18306278646241,0.575958653158129);
#30=CONICAL_SURFACE('',#4459,6.72499999999997,0.26179938779915);
#31=CONICAL_SURFACE('',#4461,7.17000000000001,1.0471975511966);
#32=CONICAL_SURFACE('',#4472,7.18306278646241,0.575958653158129);
#33=CONICAL_SURFACE('',#4481,5.64862057515491,0.78539816339745);
#34=CONICAL_SURFACE('',#4485,6.72499999999997,0.26179938779915);
#35=CONICAL_SURFACE('',#4487,7.17000000000001,1.0471975511966);
#36=CONICAL_SURFACE('',#4495,5.13671842232276,0.0872664625997169);
#37=CONICAL_SURFACE('',#4501,7.18306278646241,0.575958653158129);
#38=CONICAL_SURFACE('',#4511,6.72499999999997,0.26179938779915);
#39=CONICAL_SURFACE('',#4513,7.17000000000001,1.0471975511966);
#40=CONICAL_SURFACE('',#4521,5.13671842232276,0.0872664625997169);
#41=CONICAL_SURFACE('',#4527,7.18306278646241,0.575958653158129);
#42=CONICAL_SURFACE('',#4537,6.72499999999997,0.26179938779915);
#43=CONICAL_SURFACE('',#4539,7.17000000000001,1.0471975511966);
#44=CONICAL_SURFACE('',#4542,5.00022421185712,0.488692190558409);
#45=CONICAL_SURFACE('',#4551,5.99,1.26601255918369);
#46=CONICAL_SURFACE('',#4554,7.74163634801078,1.4137166941154);
#47=CONICAL_SURFACE('',#4555,7.74163634801078,1.4137166941154);
#48=CONICAL_SURFACE('',#4556,7.74163634801078,1.4137166941154);
#49=CONICAL_SURFACE('',#4557,7.74163634801078,1.4137166941154);
#50=CONICAL_SURFACE('',#4558,7.74163634801078,1.4137166941154);
#51=CONICAL_SURFACE('',#4559,5.99,1.26601255918369);
#52=CONICAL_SURFACE('',#4561,5.99,1.26601255918369);
#53=CONICAL_SURFACE('',#4563,5.64862057515491,0.78539816339745);
#54=CONICAL_SURFACE('',#4565,5.64862057515491,0.78539816339745);
#55=CONICAL_SURFACE('',#4570,5.13671842232276,0.0872664625997169);
#56=CONICAL_SURFACE('',#4573,5.64862057515491,0.78539816339745);
#57=CONICAL_SURFACE('',#4577,5.64862057515491,0.78539816339745);
#58=CONICAL_SURFACE('',#4579,5.00022421185712,0.488692190558409);
#59=CONICAL_SURFACE('',#4581,5.99,1.26601255918369);
#60=CONICAL_SURFACE('',#4583,5.00022421185712,0.488692190558409);
#61=CONICAL_SURFACE('',#4585,5.99,1.26601255918369);
#62=CONICAL_SURFACE('',#4587,5.00022421185712,0.488692190558409);
#63=CONICAL_SURFACE('',#4589,0.824999999999999,1.02974425867666);
#64=CONICAL_SURFACE('',#4594,1.875,1.02974425867665);
#65=CONICAL_SURFACE('',#4602,2.24347154189362,0.523598775598299);
#66=CONICAL_SURFACE('',#4605,2.64347154189362,0.523598775598294);
#67=CONICAL_SURFACE('',#4622,5.18648328343843,0.467567787661657);
#68=CONICAL_SURFACE('',#4624,4.78812758270261,0.523598775598298);
#69=CONICAL_SURFACE('',#4634,5.04995716883684,0.0523598775039116);
#70=CONICAL_SURFACE('',#4644,4.88296181911282,0.05235987755983);
#71=CONICAL_SURFACE('',#4661,4.94527387262697,0.296705972839029);
#72=CONICAL_SURFACE('',#4662,4.93859315900376,0.0523598775598301);
#73=CONICAL_SURFACE('',#4663,4.24571008146093,0.191986217719376);
#74=CONICAL_SURFACE('',#4665,4.88296181911282,0.05235987755983);
#75=CONICAL_SURFACE('',#4667,4.88296181911282,0.05235987755983);
#76=CONICAL_SURFACE('',#4669,4.88296181911282,0.05235987755983);
#77=CONICAL_SURFACE('',#4671,4.88296181911282,0.05235987755983);
#78=CONICAL_SURFACE('',#4674,4.16520788217084,0.680678408277792);
#79=CONICAL_SURFACE('',#4690,1.76995625,0.523598775598299);
#80=TOROIDAL_SURFACE('',#4329,7.09999999999997,0.3);
#81=TOROIDAL_SURFACE('',#4330,7.09999999999997,0.3);
#82=TOROIDAL_SURFACE('',#4331,7.09999999999997,0.3);
#83=TOROIDAL_SURFACE('',#4340,7.07499999999999,0.199999999999997);
#84=TOROIDAL_SURFACE('',#4342,7.07499999999999,0.199999999999997);
#85=TOROIDAL_SURFACE('',#4344,7.07499999999999,0.199999999999997);
#86=TOROIDAL_SURFACE('',#4346,7.07499999999999,0.199999999999997);
#87=TOROIDAL_SURFACE('',#4353,7.07499999999999,0.199999999999997);
#88=TOROIDAL_SURFACE('',#4355,7.09999999999997,0.3);
#89=TOROIDAL_SURFACE('',#4358,7.09999999999997,0.3);
#90=TOROIDAL_SURFACE('',#4400,6.8,0.2);
#91=TOROIDAL_SURFACE('',#4453,6.8,0.2);
#92=TOROIDAL_SURFACE('',#4476,6.8,0.2);
#93=TOROIDAL_SURFACE('',#4505,6.8,0.2);
#94=TOROIDAL_SURFACE('',#4531,6.8,0.2);
#95=B_SPLINE_CURVE_WITH_KNOTS('',3,(#6109,#6110,#6111,#6112,#6113,#6114,
#6115,#6116,#6117,#6118),.UNSPECIFIED.,.F.,.F.,(4,2,2,2,4),(0.361104655421445,
0.394431655156743,0.472443867003022,0.550456078849301,0.583783078584599),
 .UNSPECIFIED.);
#96=B_SPLINE_CURVE_WITH_KNOTS('',3,(#6128,#6129,#6130,#6131,#6132,#6133,
#6134,#6135,#6136,#6137,#6138),.UNSPECIFIED.,.F.,.F.,(4,2,3,2,4),(-0.0963365758311207,
-0.0673879481655346,0.,0.0673879481655346,0.0963365758311207),
 .UNSPECIFIED.);
#97=B_SPLINE_CURVE_WITH_KNOTS('',3,(#6149,#6150,#6151,#6152,#6153,#6154,
#6155,#6156,#6157,#6158),.UNSPECIFIED.,.F.,.F.,(4,2,2,2,4),(0.361104655421444,
0.394431655156742,0.472443867003021,0.550456078849301,0.583783078584598),
 .UNSPECIFIED.);
#98=B_SPLINE_CURVE_WITH_KNOTS('',3,(#6168,#6169,#6170,#6171,#6172,#6173,
#6174,#6175,#6176,#6177,#6178),.UNSPECIFIED.,.F.,.F.,(4,2,3,2,4),(-0.0963365758311207,
-0.0673879481655338,0.,0.0673879481655339,0.0963365758311207),
 .UNSPECIFIED.);
#99=B_SPLINE_CURVE_WITH_KNOTS('',3,(#6189,#6190,#6191,#6192,#6193,#6194,
#6195,#6196,#6197,#6198),.UNSPECIFIED.,.F.,.F.,(4,2,2,2,4),(0.361104655421445,
0.394431655156744,0.472443867003022,0.550456078849301,0.583783078584599),
 .UNSPECIFIED.);
#100=B_SPLINE_CURVE_WITH_KNOTS('',3,(#6206,#6207,#6208,#6209,#6210,#6211,
#6212,#6213,#6214,#6215,#6216),.UNSPECIFIED.,.F.,.F.,(4,2,3,2,4),(-0.0963365758311207,
-0.0673879481655338,0.,0.0673879481655339,0.0963365758311207),
 .UNSPECIFIED.);
#101=B_SPLINE_CURVE_WITH_KNOTS('',3,(#6223,#6224,#6225,#6226,#6227,#6228,
#6229,#6230,#6231,#6232),.UNSPECIFIED.,.F.,.F.,(4,2,2,2,4),(0.361104655421445,
0.394431655156743,0.472443867003022,0.550456078849302,0.5837830785846),
 .UNSPECIFIED.);
#102=B_SPLINE_CURVE_WITH_KNOTS('',3,(#6240,#6241,#6242,#6243,#6244,#6245,
#6246,#6247,#6248,#6249,#6250),.UNSPECIFIED.,.F.,.F.,(4,2,3,2,4),(-0.0963365758311214,
-0.0673879481655328,0.,0.0673879481655328,0.0963365758311215),
 .UNSPECIFIED.);
#103=B_SPLINE_CURVE_WITH_KNOTS('',3,(#6291,#6292,#6293,#6294,#6295,#6296,
#6297,#6298,#6299,#6300),.UNSPECIFIED.,.F.,.F.,(4,2,2,2,4),(0.361104655421444,
0.394431655156744,0.472443867003022,0.5504560788493,0.583783078584599),
 .UNSPECIFIED.);
#104=B_SPLINE_CURVE_WITH_KNOTS('',3,(#6304,#6305,#6306,#6307,#6308,#6309,
#6310,#6311,#6312,#6313,#6314),.UNSPECIFIED.,.F.,.F.,(4,2,3,2,4),(-0.0963365758311214,
-0.0673879481655317,0.,0.0673879481655317,0.0963365758311214),
 .UNSPECIFIED.);
#105=B_SPLINE_CURVE_WITH_KNOTS('',3,(#6465,#6466,#6467,#6468,#6469,#6470,
#6471,#6472),.UNSPECIFIED.,.F.,.F.,(4,2,2,4),(0.0124337785985811,0.0147663480263525,
0.0224358987535685,0.0281839488066354),.UNSPECIFIED.);
#106=B_SPLINE_CURVE_WITH_KNOTS('',3,(#6473,#6474,#6475,#6476,#6477,#6478,
#6479,#6480),.UNSPECIFIED.,.F.,.F.,(4,2,2,4),(-0.0281839488066354,-0.0224358987535685,
-0.0147663480263525,-0.0124337785985809),.UNSPECIFIED.);
#107=B_SPLINE_CURVE_WITH_KNOTS('',3,(#6710,#6711,#6712,#6713,#6714,#6715,
#6716,#6717),.UNSPECIFIED.,.F.,.F.,(4,2,2,4),(0.0124337785985811,0.0147663480263525,
0.0224358987535685,0.0281839488066354),.UNSPECIFIED.);
#108=B_SPLINE_CURVE_WITH_KNOTS('',3,(#6718,#6719,#6720,#6721,#6722,#6723,
#6724,#6725),.UNSPECIFIED.,.F.,.F.,(4,2,2,4),(-0.0281839488066354,-0.0224358987535685,
-0.0147663480263525,-0.0124337785985809),.UNSPECIFIED.);
#109=B_SPLINE_CURVE_WITH_KNOTS('',3,(#6805,#6806,#6807,#6808,#6809,#6810,
#6811,#6812),.UNSPECIFIED.,.F.,.F.,(4,2,2,4),(0.0124337785985811,0.0147663480263525,
0.0224358987535685,0.0281839488066354),.UNSPECIFIED.);
#110=B_SPLINE_CURVE_WITH_KNOTS('',3,(#6813,#6814,#6815,#6816,#6817,#6818,
#6819,#6820),.UNSPECIFIED.,.F.,.F.,(4,2,2,4),(-0.0281839488066354,-0.0224358987535685,
-0.0147663480263525,-0.0124337785985809),.UNSPECIFIED.);
#111=B_SPLINE_CURVE_WITH_KNOTS('',3,(#6949,#6950,#6951,#6952,#6953,#6954,
#6955,#6956),.UNSPECIFIED.,.F.,.F.,(4,2,2,4),(0.0124337785985811,0.0147663480263525,
0.0224358987535685,0.0281839488066354),.UNSPECIFIED.);
#112=B_SPLINE_CURVE_WITH_KNOTS('',3,(#6957,#6958,#6959,#6960,#6961,#6962,
#6963,#6964),.UNSPECIFIED.,.F.,.F.,(4,2,2,4),(-0.0281839488066354,-0.0224358987535685,
-0.0147663480263525,-0.0124337785985809),.UNSPECIFIED.);
#113=B_SPLINE_CURVE_WITH_KNOTS('',3,(#7057,#7058,#7059,#7060,#7061,#7062,
#7063,#7064),.UNSPECIFIED.,.F.,.F.,(4,2,2,4),(0.0124337785985811,0.0147663480263525,
0.0224358987535685,0.0281839488066354),.UNSPECIFIED.);
#114=B_SPLINE_CURVE_WITH_KNOTS('',3,(#7065,#7066,#7067,#7068,#7069,#7070,
#7071,#7072),.UNSPECIFIED.,.F.,.F.,(4,2,2,4),(-0.0281839488066354,-0.0224358987535685,
-0.0147663480263525,-0.0124337785985809),.UNSPECIFIED.);
#115=(
BOUNDED_CURVE()
B_SPLINE_CURVE(2,(#5904,#5905,#5906),.UNSPECIFIED.,.F.,.F.)
B_SPLINE_CURVE_WITH_KNOTS((3,3),(0.0327942739720209,0.0488747705424124),
 .UNSPECIFIED.)
CURVE()
GEOMETRIC_REPRESENTATION_ITEM()
RATIONAL_B_SPLINE_CURVE((1.0002027333506,1.00015107128153,1.))
REPRESENTATION_ITEM('')
);
#116=(
BOUNDED_CURVE()
B_SPLINE_CURVE(2,(#5926,#5927,#5928),.UNSPECIFIED.,.F.,.F.)
B_SPLINE_CURVE_WITH_KNOTS((3,3),(0.0327942739713293,0.0488747705424123),
 .UNSPECIFIED.)
CURVE()
GEOMETRIC_REPRESENTATION_ITEM()
RATIONAL_B_SPLINE_CURVE((1.00020273336881,1.00015107129511,1.))
REPRESENTATION_ITEM('')
);
#117=(
BOUNDED_CURVE()
B_SPLINE_CURVE(2,(#5944,#5945,#5946),.UNSPECIFIED.,.F.,.F.)
B_SPLINE_CURVE_WITH_KNOTS((3,3),(0.0327942739717771,0.0488747705424123),
 .UNSPECIFIED.)
CURVE()
GEOMETRIC_REPRESENTATION_ITEM()
RATIONAL_B_SPLINE_CURVE((1.00020273336209,1.0001510712901,1.))
REPRESENTATION_ITEM('')
);
#118=(
BOUNDED_CURVE()
B_SPLINE_CURVE(2,(#5965,#5966,#5967),.UNSPECIFIED.,.F.,.F.)
B_SPLINE_CURVE_WITH_KNOTS((3,3),(0.,0.0160804965711376),.UNSPECIFIED.)
CURVE()
GEOMETRIC_REPRESENTATION_ITEM()
RATIONAL_B_SPLINE_CURVE((1.,1.00015107128782,1.00020273335904))
REPRESENTATION_ITEM('')
);
#119=(
BOUNDED_CURVE()
B_SPLINE_CURVE(2,(#6024,#6025,#6026),.UNSPECIFIED.,.F.,.F.)
B_SPLINE_CURVE_WITH_KNOTS((3,3),(0.,0.0160804965706351),.UNSPECIFIED.)
CURVE()
GEOMETRIC_REPRESENTATION_ITEM()
RATIONAL_B_SPLINE_CURVE((1.,1.0001510712901,1.00020273336209))
REPRESENTATION_ITEM('')
);
#120=(
BOUNDED_CURVE()
B_SPLINE_CURVE(2,(#6048,#6049,#6050),.UNSPECIFIED.,.F.,.F.)
B_SPLINE_CURVE_WITH_KNOTS((3,3),(0.,0.0160804965697027),.UNSPECIFIED.)
CURVE()
GEOMETRIC_REPRESENTATION_ITEM()
RATIONAL_B_SPLINE_CURVE((1.,1.00015107127903,1.00020273334724))
REPRESENTATION_ITEM('')
);
#121=(
BOUNDED_CURVE()
B_SPLINE_CURVE(2,(#6063,#6064,#6065),.UNSPECIFIED.,.F.,.F.)
B_SPLINE_CURVE_WITH_KNOTS((3,3),(0.,0.0160804965701481),.UNSPECIFIED.)
CURVE()
GEOMETRIC_REPRESENTATION_ITEM()
RATIONAL_B_SPLINE_CURVE((1.,1.0001510712885,1.00020273335994))
REPRESENTATION_ITEM('')
);
#122=(
BOUNDED_CURVE()
B_SPLINE_CURVE(2,(#6078,#6079,#6080),.UNSPECIFIED.,.F.,.F.)
B_SPLINE_CURVE_WITH_KNOTS((3,3),(0.,0.01608049657095),.UNSPECIFIED.)
CURVE()
GEOMETRIC_REPRESENTATION_ITEM()
RATIONAL_B_SPLINE_CURVE((1.,1.00015107129489,1.00020273336851))
REPRESENTATION_ITEM('')
);
#123=(
BOUNDED_CURVE()
B_SPLINE_CURVE(2,(#6122,#6123,#6124),.UNSPECIFIED.,.F.,.F.)
B_SPLINE_CURVE_WITH_KNOTS((3,3),(0.,0.0592927802917035),.UNSPECIFIED.)
CURVE()
GEOMETRIC_REPRESENTATION_ITEM()
RATIONAL_B_SPLINE_CURVE((1.,1.00198933333517,1.00237527638344))
REPRESENTATION_ITEM('')
);
#124=(
BOUNDED_CURVE()
B_SPLINE_CURVE(2,(#6141,#6142,#6143),.UNSPECIFIED.,.F.,.F.)
B_SPLINE_CURVE_WITH_KNOTS((3,3),(0.0878368428976348,0.147129623189339),
 .UNSPECIFIED.)
CURVE()
GEOMETRIC_REPRESENTATION_ITEM()
RATIONAL_B_SPLINE_CURVE((1.00237527638346,1.00198933333519,1.))
REPRESENTATION_ITEM('')
);
#125=(
BOUNDED_CURVE()
B_SPLINE_CURVE(2,(#6145,#6146,#6147),.UNSPECIFIED.,.F.,.F.)
B_SPLINE_CURVE_WITH_KNOTS((3,3),(0.0327942739714804,0.0488747705424122),
 .UNSPECIFIED.)
CURVE()
GEOMETRIC_REPRESENTATION_ITEM()
RATIONAL_B_SPLINE_CURVE((1.0002027333466,1.00015107127855,1.))
REPRESENTATION_ITEM('')
);
#126=(
BOUNDED_CURVE()
B_SPLINE_CURVE(2,(#6162,#6163,#6164),.UNSPECIFIED.,.F.,.F.)
B_SPLINE_CURVE_WITH_KNOTS((3,3),(0.,0.0592927802917041),.UNSPECIFIED.)
CURVE()
GEOMETRIC_REPRESENTATION_ITEM()
RATIONAL_B_SPLINE_CURVE((1.,1.00198933333517,1.00237527638344))
REPRESENTATION_ITEM('')
);
#127=(
BOUNDED_CURVE()
B_SPLINE_CURVE(2,(#6181,#6182,#6183),.UNSPECIFIED.,.F.,.F.)
B_SPLINE_CURVE_WITH_KNOTS((3,3),(0.0878368428976348,0.147129623189339),
 .UNSPECIFIED.)
CURVE()
GEOMETRIC_REPRESENTATION_ITEM()
RATIONAL_B_SPLINE_CURVE((1.00237527638343,1.00198933333517,1.))
REPRESENTATION_ITEM('')
);
#128=(
BOUNDED_CURVE()
B_SPLINE_CURVE(2,(#6185,#6186,#6187),.UNSPECIFIED.,.F.,.F.)
B_SPLINE_CURVE_WITH_KNOTS((3,3),(0.0327942739716287,0.0488747705424123),
 .UNSPECIFIED.)
CURVE()
GEOMETRIC_REPRESENTATION_ITEM()
RATIONAL_B_SPLINE_CURVE((1.00020273335762,1.00015107128677,1.))
REPRESENTATION_ITEM('')
);
#129=(
BOUNDED_CURVE()
B_SPLINE_CURVE(2,(#6200,#6201,#6202),.UNSPECIFIED.,.F.,.F.)
B_SPLINE_CURVE_WITH_KNOTS((3,3),(0.,0.059292780291703),.UNSPECIFIED.)
CURVE()
GEOMETRIC_REPRESENTATION_ITEM()
RATIONAL_B_SPLINE_CURVE((1.,1.0019893333352,1.00237527638347))
REPRESENTATION_ITEM('')
);
#130=(
BOUNDED_CURVE()
B_SPLINE_CURVE(2,(#6219,#6220,#6221),.UNSPECIFIED.,.F.,.F.)
B_SPLINE_CURVE_WITH_KNOTS((3,3),(0.0878368428976347,0.147129623189338),
 .UNSPECIFIED.)
CURVE()
GEOMETRIC_REPRESENTATION_ITEM()
RATIONAL_B_SPLINE_CURVE((1.00237527638345,1.00198933333518,1.))
REPRESENTATION_ITEM('')
);
#131=(
BOUNDED_CURVE()
B_SPLINE_CURVE(2,(#6234,#6235,#6236),.UNSPECIFIED.,.F.,.F.)
B_SPLINE_CURVE_WITH_KNOTS((3,3),(0.,0.0592927802917036),.UNSPECIFIED.)
CURVE()
GEOMETRIC_REPRESENTATION_ITEM()
RATIONAL_B_SPLINE_CURVE((1.,1.00198933333517,1.00237527638343))
REPRESENTATION_ITEM('')
);
#132=(
BOUNDED_CURVE()
B_SPLINE_CURVE(2,(#6253,#6254,#6255),.UNSPECIFIED.,.F.,.F.)
B_SPLINE_CURVE_WITH_KNOTS((3,3),(0.0878368428976351,0.147129623189338),
 .UNSPECIFIED.)
CURVE()
GEOMETRIC_REPRESENTATION_ITEM()
RATIONAL_B_SPLINE_CURVE((1.00237527638345,1.00198933333519,1.))
REPRESENTATION_ITEM('')
);
#133=(
BOUNDED_CURVE()
B_SPLINE_CURVE(2,(#6267,#6268,#6269),.UNSPECIFIED.,.F.,.F.)
B_SPLINE_CURVE_WITH_KNOTS((3,3),(0.0878368428976365,0.147129623189339),
 .UNSPECIFIED.)
CURVE()
GEOMETRIC_REPRESENTATION_ITEM()
RATIONAL_B_SPLINE_CURVE((1.00237527638343,1.00198933333517,1.))
REPRESENTATION_ITEM('')
);
#134=(
BOUNDED_CURVE()
B_SPLINE_CURVE(2,(#6272,#6273,#6274),.UNSPECIFIED.,.F.,.F.)
B_SPLINE_CURVE_WITH_KNOTS((3,3),(0.,0.0592927802917026),.UNSPECIFIED.)
CURVE()
GEOMETRIC_REPRESENTATION_ITEM()
RATIONAL_B_SPLINE_CURVE((1.,1.00198933333517,1.00237527638343))
REPRESENTATION_ITEM('')
);
#135=(
BOUNDED_CURVE()
B_SPLINE_CURVE(2,(#6341,#6342,#6343),.UNSPECIFIED.,.F.,.F.)
B_SPLINE_CURVE_WITH_KNOTS((3,3),(0.,0.0652878120828595),.UNSPECIFIED.)
CURVE()
GEOMETRIC_REPRESENTATION_ITEM()
RATIONAL_B_SPLINE_CURVE((1.,1.0058870709112,1.00897900864034))
REPRESENTATION_ITEM('')
);
#136=(
BOUNDED_CURVE()
B_SPLINE_CURVE(2,(#6347,#6348,#6349),.UNSPECIFIED.,.F.,.F.)
B_SPLINE_CURVE_WITH_KNOTS((3,3),(0.2097287644708,0.275016576552514),
 .UNSPECIFIED.)
CURVE()
GEOMETRIC_REPRESENTATION_ITEM()
RATIONAL_B_SPLINE_CURVE((1.00897900864307,1.00588707091295,1.))
REPRESENTATION_ITEM('')
);
#137=(
BOUNDED_CURVE()
B_SPLINE_CURVE(2,(#6353,#6354,#6355),.UNSPECIFIED.,.F.,.F.)
B_SPLINE_CURVE_WITH_KNOTS((3,3),(0.,0.0652878120817241),.UNSPECIFIED.)
CURVE()
GEOMETRIC_REPRESENTATION_ITEM()
RATIONAL_B_SPLINE_CURVE((1.,1.00588707091292,1.00897900864302))
REPRESENTATION_ITEM('')
);
#138=(
BOUNDED_CURVE()
B_SPLINE_CURVE(2,(#6359,#6360,#6361),.UNSPECIFIED.,.F.,.F.)
B_SPLINE_CURVE_WITH_KNOTS((3,3),(0.209728764470469,0.275016576552514),
 .UNSPECIFIED.)
CURVE()
GEOMETRIC_REPRESENTATION_ITEM()
RATIONAL_B_SPLINE_CURVE((1.00897900864278,1.00588707091278,1.))
REPRESENTATION_ITEM('')
);
#139=(
BOUNDED_CURVE()
B_SPLINE_CURVE(2,(#6365,#6366,#6367),.UNSPECIFIED.,.F.,.F.)
B_SPLINE_CURVE_WITH_KNOTS((3,3),(0.,0.0652878120821455),.UNSPECIFIED.)
CURVE()
GEOMETRIC_REPRESENTATION_ITEM()
RATIONAL_B_SPLINE_CURVE((1.,1.00588707091195,1.00897900864152))
REPRESENTATION_ITEM('')
);
#140=(
BOUNDED_CURVE()
B_SPLINE_CURVE(2,(#6378,#6379,#6380),.UNSPECIFIED.,.F.,.F.)
B_SPLINE_CURVE_WITH_KNOTS((3,3),(0.209728764470422,0.275016576552514),
 .UNSPECIFIED.)
CURVE()
GEOMETRIC_REPRESENTATION_ITEM()
RATIONAL_B_SPLINE_CURVE((1.00897900863924,1.00588707091046,1.))
REPRESENTATION_ITEM('')
);
#141=(
BOUNDED_CURVE()
B_SPLINE_CURVE(2,(#6384,#6385,#6386),.UNSPECIFIED.,.F.,.F.)
B_SPLINE_CURVE_WITH_KNOTS((3,3),(0.,0.0652878120820475),.UNSPECIFIED.)
CURVE()
GEOMETRIC_REPRESENTATION_ITEM()
RATIONAL_B_SPLINE_CURVE((1.,1.00588707091069,1.0089790086396))
REPRESENTATION_ITEM('')
);
#142=(
BOUNDED_CURVE()
B_SPLINE_CURVE(2,(#6390,#6391,#6392),.UNSPECIFIED.,.F.,.F.)
B_SPLINE_CURVE_WITH_KNOTS((3,3),(0.209728764470073,0.275016576552515),
 .UNSPECIFIED.)
CURVE()
GEOMETRIC_REPRESENTATION_ITEM()
RATIONAL_B_SPLINE_CURVE((1.00897900863853,1.00588707091,1.))
REPRESENTATION_ITEM('')
);
#143=(
BOUNDED_CURVE()
B_SPLINE_CURVE(2,(#6396,#6397,#6398),.UNSPECIFIED.,.F.,.F.)
B_SPLINE_CURVE_WITH_KNOTS((3,3),(0.,0.0652878120824607),.UNSPECIFIED.)
CURVE()
GEOMETRIC_REPRESENTATION_ITEM()
RATIONAL_B_SPLINE_CURVE((1.,1.00588707090995,1.00897900863845))
REPRESENTATION_ITEM('')
);
#144=(
BOUNDED_CURVE()
B_SPLINE_CURVE(2,(#6401,#6402,#6403),.UNSPECIFIED.,.F.,.F.)
B_SPLINE_CURVE_WITH_KNOTS((3,3),(0.209728764469271,0.275016576552515),
 .UNSPECIFIED.)
CURVE()
GEOMETRIC_REPRESENTATION_ITEM()
RATIONAL_B_SPLINE_CURVE((1.00897900863562,1.00588707090812,1.))
REPRESENTATION_ITEM('')
);
#145=(
BOUNDED_CURVE()
B_SPLINE_CURVE(2,(#6415,#6416,#6417),.UNSPECIFIED.,.F.,.F.)
B_SPLINE_CURVE_WITH_KNOTS((3,3),(0.318388173343393,1.21445768784763),
 .UNSPECIFIED.)
CURVE()
GEOMETRIC_REPRESENTATION_ITEM()
RATIONAL_B_SPLINE_CURVE((1.00229252227365,1.00440256219077,1.00023093472357))
REPRESENTATION_ITEM('')
);
#146=(
BOUNDED_CURVE()
B_SPLINE_CURVE(2,(#6420,#6421,#6422),.UNSPECIFIED.,.F.,.F.)
B_SPLINE_CURVE_WITH_KNOTS((3,3),(0.0235767362490605,0.891762827637044),
 .UNSPECIFIED.)
CURVE()
GEOMETRIC_REPRESENTATION_ITEM()
RATIONAL_B_SPLINE_CURVE((1.00017041517819,1.00322287867935,1.))
REPRESENTATION_ITEM('')
);
#147=(
BOUNDED_CURVE()
B_SPLINE_CURVE(2,(#6434,#6435,#6436),.UNSPECIFIED.,.F.,.F.)
B_SPLINE_CURVE_WITH_KNOTS((3,3),(0.,0.229380189876231),.UNSPECIFIED.)
CURVE()
GEOMETRIC_REPRESENTATION_ITEM()
RATIONAL_B_SPLINE_CURVE((1.,1.004025209438,1.))
REPRESENTATION_ITEM('')
);
#148=(
BOUNDED_CURVE()
B_SPLINE_CURVE(2,(#6438,#6439,#6440),.UNSPECIFIED.,.F.,.F.)
B_SPLINE_CURVE_WITH_KNOTS((3,3),(0.,0.229380189876231),.UNSPECIFIED.)
CURVE()
GEOMETRIC_REPRESENTATION_ITEM()
RATIONAL_B_SPLINE_CURVE((1.,1.004025209438,1.))
REPRESENTATION_ITEM('')
);
#149=(
BOUNDED_CURVE()
B_SPLINE_CURVE(2,(#6519,#6520,#6521),.UNSPECIFIED.,.F.,.F.)
B_SPLINE_CURVE_WITH_KNOTS((3,3),(0.0783386123141356,0.115206891543209),
 .UNSPECIFIED.)
CURVE()
GEOMETRIC_REPRESENTATION_ITEM()
RATIONAL_B_SPLINE_CURVE((1.00467740191132,1.00521821550485,1.00523207481168))
REPRESENTATION_ITEM('')
);
#150=(
BOUNDED_CURVE()
B_SPLINE_CURVE(2,(#6523,#6524,#6525),.UNSPECIFIED.,.F.,.F.)
B_SPLINE_CURVE_WITH_KNOTS((3,3),(0.122659242242222,0.161172614541339),
 .UNSPECIFIED.)
CURVE()
GEOMETRIC_REPRESENTATION_ITEM()
RATIONAL_B_SPLINE_CURVE((1.0016694140419,1.00109679393483,1.))
REPRESENTATION_ITEM('')
);
#151=(
BOUNDED_CURVE()
B_SPLINE_CURVE(2,(#6529,#6530,#6531),.UNSPECIFIED.,.F.,.F.)
B_SPLINE_CURVE_WITH_KNOTS((3,3),(0.0783386123141356,0.115206891543209),
 .UNSPECIFIED.)
CURVE()
GEOMETRIC_REPRESENTATION_ITEM()
RATIONAL_B_SPLINE_CURVE((1.00467740191132,1.00521821550485,1.00523207481168))
REPRESENTATION_ITEM('')
);
#152=(
BOUNDED_CURVE()
B_SPLINE_CURVE(2,(#6535,#6536,#6537),.UNSPECIFIED.,.F.,.F.)
B_SPLINE_CURVE_WITH_KNOTS((3,3),(0.122659242242222,0.161172614541339),
 .UNSPECIFIED.)
CURVE()
GEOMETRIC_REPRESENTATION_ITEM()
RATIONAL_B_SPLINE_CURVE((1.0016694140419,1.00109679393483,1.))
REPRESENTATION_ITEM('')
);
#153=(
BOUNDED_CURVE()
B_SPLINE_CURVE(2,(#6541,#6542,#6543),.UNSPECIFIED.,.F.,.F.)
B_SPLINE_CURVE_WITH_KNOTS((3,3),(0.0783386123141356,0.115206891543209),
 .UNSPECIFIED.)
CURVE()
GEOMETRIC_REPRESENTATION_ITEM()
RATIONAL_B_SPLINE_CURVE((1.00467740191132,1.00521821550485,1.00523207481168))
REPRESENTATION_ITEM('')
);
#154=(
BOUNDED_CURVE()
B_SPLINE_CURVE(2,(#6547,#6548,#6549),.UNSPECIFIED.,.F.,.F.)
B_SPLINE_CURVE_WITH_KNOTS((3,3),(0.122659242242222,0.161172614541339),
 .UNSPECIFIED.)
CURVE()
GEOMETRIC_REPRESENTATION_ITEM()
RATIONAL_B_SPLINE_CURVE((1.0016694140419,1.00109679393483,1.))
REPRESENTATION_ITEM('')
);
#155=(
BOUNDED_CURVE()
B_SPLINE_CURVE(2,(#6556,#6557,#6558),.UNSPECIFIED.,.F.,.F.)
B_SPLINE_CURVE_WITH_KNOTS((3,3),(0.0783386123141356,0.115206891543209),
 .UNSPECIFIED.)
CURVE()
GEOMETRIC_REPRESENTATION_ITEM()
RATIONAL_B_SPLINE_CURVE((1.00467740191132,1.00521821550485,1.00523207481168))
REPRESENTATION_ITEM('')
);
#156=(
BOUNDED_CURVE()
B_SPLINE_CURVE(2,(#6562,#6563,#6564),.UNSPECIFIED.,.F.,.F.)
B_SPLINE_CURVE_WITH_KNOTS((3,3),(0.122659242242222,0.161172614541339),
 .UNSPECIFIED.)
CURVE()
GEOMETRIC_REPRESENTATION_ITEM()
RATIONAL_B_SPLINE_CURVE((1.0016694140419,1.00109679393483,1.))
REPRESENTATION_ITEM('')
);
#157=(
BOUNDED_CURVE()
B_SPLINE_CURVE(2,(#6568,#6569,#6570),.UNSPECIFIED.,.F.,.F.)
B_SPLINE_CURVE_WITH_KNOTS((3,3),(0.0783386123141356,0.115206891543209),
 .UNSPECIFIED.)
CURVE()
GEOMETRIC_REPRESENTATION_ITEM()
RATIONAL_B_SPLINE_CURVE((1.00467740191132,1.00521821550485,1.00523207481168))
REPRESENTATION_ITEM('')
);
#158=(
BOUNDED_CURVE()
B_SPLINE_CURVE(2,(#6574,#6575,#6576),.UNSPECIFIED.,.F.,.F.)
B_SPLINE_CURVE_WITH_KNOTS((3,3),(0.122659242242222,0.161172614541339),
 .UNSPECIFIED.)
CURVE()
GEOMETRIC_REPRESENTATION_ITEM()
RATIONAL_B_SPLINE_CURVE((1.0016694140419,1.00109679393483,1.))
REPRESENTATION_ITEM('')
);
#159=(
BOUNDED_CURVE()
B_SPLINE_CURVE(2,(#6580,#6581,#6582),.UNSPECIFIED.,.F.,.F.)
B_SPLINE_CURVE_WITH_KNOTS((3,3),(0.,0.0620269098925868),.UNSPECIFIED.)
CURVE()
GEOMETRIC_REPRESENTATION_ITEM()
RATIONAL_B_SPLINE_CURVE((1.,1.00008036382653,1.))
REPRESENTATION_ITEM('')
);
#160=(
BOUNDED_CURVE()
B_SPLINE_CURVE(2,(#6584,#6585,#6586),.UNSPECIFIED.,.F.,.F.)
B_SPLINE_CURVE_WITH_KNOTS((3,3),(0.0278389950611044,0.0894991982293346),
 .UNSPECIFIED.)
CURVE()
GEOMETRIC_REPRESENTATION_ITEM()
RATIONAL_B_SPLINE_CURVE((1.00007256896769,1.00011665048272,1.))
REPRESENTATION_ITEM('')
);
#161=(
BOUNDED_CURVE()
B_SPLINE_CURVE(2,(#6592,#6593,#6594),.UNSPECIFIED.,.F.,.F.)
B_SPLINE_CURVE_WITH_KNOTS((3,3),(0.,0.139626956331243),.UNSPECIFIED.)
CURVE()
GEOMETRIC_REPRESENTATION_ITEM()
RATIONAL_B_SPLINE_CURVE((1.,1.00778461371748,1.00712106606223))
REPRESENTATION_ITEM('')
);
#162=(
BOUNDED_CURVE()
B_SPLINE_CURVE(2,(#6595,#6596,#6597),.UNSPECIFIED.,.F.,.F.)
B_SPLINE_CURVE_WITH_KNOTS((3,3),(0.,0.139626956331244),.UNSPECIFIED.)
CURVE()
GEOMETRIC_REPRESENTATION_ITEM()
RATIONAL_B_SPLINE_CURVE((1.,1.00778461371738,1.00712106606214))
REPRESENTATION_ITEM('')
);
#163=(
BOUNDED_CURVE()
B_SPLINE_CURVE(2,(#6605,#6606,#6607),.UNSPECIFIED.,.F.,.F.)
B_SPLINE_CURVE_WITH_KNOTS((3,3),(0.00900501572472228,0.171762759636137),
 .UNSPECIFIED.)
CURVE()
GEOMETRIC_REPRESENTATION_ITEM()
RATIONAL_B_SPLINE_CURVE((1.00103904552642,1.01033686372888,1.01630546182224))
REPRESENTATION_ITEM('')
);
#164=(
BOUNDED_CURVE()
B_SPLINE_CURVE(2,(#6608,#6609,#6610),.UNSPECIFIED.,.F.,.F.)
B_SPLINE_CURVE_WITH_KNOTS((3,3),(0.00900501572472253,0.171762759636137),
 .UNSPECIFIED.)
CURVE()
GEOMETRIC_REPRESENTATION_ITEM()
RATIONAL_B_SPLINE_CURVE((1.00103904552642,1.01033686372888,1.01630546182224))
REPRESENTATION_ITEM('')
);
#165=(
BOUNDED_CURVE()
B_SPLINE_CURVE(2,(#6613,#6614,#6615),.UNSPECIFIED.,.F.,.F.)
B_SPLINE_CURVE_WITH_KNOTS((3,3),(0.824337620306379,0.827863436948461),
 .UNSPECIFIED.)
CURVE()
GEOMETRIC_REPRESENTATION_ITEM()
RATIONAL_B_SPLINE_CURVE((1.000243811316,1.000145764278,1.0000468740557))
REPRESENTATION_ITEM('')
);
#166=(
BOUNDED_CURVE()
B_SPLINE_CURVE(2,(#6616,#6617,#6618),.UNSPECIFIED.,.F.,.F.)
B_SPLINE_CURVE_WITH_KNOTS((3,3),(0.00511129322269077,0.223951698876566),
 .UNSPECIFIED.)
CURVE()
GEOMETRIC_REPRESENTATION_ITEM()
RATIONAL_B_SPLINE_CURVE((1.00073435970391,1.01608801296571,1.))
REPRESENTATION_ITEM('')
);
#167=(
BOUNDED_CURVE()
B_SPLINE_CURVE(2,(#6620,#6621,#6622),.UNSPECIFIED.,.F.,.F.)
B_SPLINE_CURVE_WITH_KNOTS((3,3),(0.,0.198821975360959),.UNSPECIFIED.)
CURVE()
GEOMETRIC_REPRESENTATION_ITEM()
RATIONAL_B_SPLINE_CURVE((1.,1.00883665208818,1.00055472122334))
REPRESENTATION_ITEM('')
);
#168=(
BOUNDED_CURVE()
B_SPLINE_CURVE(2,(#6626,#6627,#6628),.UNSPECIFIED.,.F.,.F.)
B_SPLINE_CURVE_WITH_KNOTS((3,3),(0.,0.19694114952502),.UNSPECIFIED.)
CURVE()
GEOMETRIC_REPRESENTATION_ITEM()
RATIONAL_B_SPLINE_CURVE((1.,1.00006696006384,1.))
REPRESENTATION_ITEM('')
);
#169=(
BOUNDED_CURVE()
B_SPLINE_CURVE(2,(#6629,#6630,#6631),.UNSPECIFIED.,.F.,.F.)
B_SPLINE_CURVE_WITH_KNOTS((3,3),(0.,0.00143874107257719),.UNSPECIFIED.)
CURVE()
GEOMETRIC_REPRESENTATION_ITEM()
RATIONAL_B_SPLINE_CURVE((1.,1.00011677733449,1.00023211309572))
REPRESENTATION_ITEM('')
);
#170=(
BOUNDED_CURVE()
B_SPLINE_CURVE(2,(#6633,#6634,#6635),.UNSPECIFIED.,.F.,.F.)
B_SPLINE_CURVE_WITH_KNOTS((3,3),(0.,0.0399629624641323),.UNSPECIFIED.)
CURVE()
GEOMETRIC_REPRESENTATION_ITEM()
RATIONAL_B_SPLINE_CURVE((1.,1.00032562840795,1.))
REPRESENTATION_ITEM('')
);
#171=(
BOUNDED_CURVE()
B_SPLINE_CURVE(2,(#6644,#6645,#6646),.UNSPECIFIED.,.F.,.F.)
B_SPLINE_CURVE_WITH_KNOTS((3,3),(0.000834777555409765,0.00436059419749192),
 .UNSPECIFIED.)
CURVE()
GEOMETRIC_REPRESENTATION_ITEM()
RATIONAL_B_SPLINE_CURVE((1.0000468740557,1.000145764278,1.000243811316))
REPRESENTATION_ITEM('')
);
#172=(
BOUNDED_CURVE()
B_SPLINE_CURVE(2,(#6648,#6649,#6650),.UNSPECIFIED.,.F.,.F.)
B_SPLINE_CURVE_WITH_KNOTS((3,3),(0.231657075779225,0.233095816851803),
 .UNSPECIFIED.)
CURVE()
GEOMETRIC_REPRESENTATION_ITEM()
RATIONAL_B_SPLINE_CURVE((1.00023211309572,1.00011677733449,1.))
REPRESENTATION_ITEM('')
);
#173=(
BOUNDED_CURVE()
B_SPLINE_CURVE(2,(#6652,#6653,#6654),.UNSPECIFIED.,.F.,.F.)
B_SPLINE_CURVE_WITH_KNOTS((3,3),(0.,0.19694114952502),.UNSPECIFIED.)
CURVE()
GEOMETRIC_REPRESENTATION_ITEM()
RATIONAL_B_SPLINE_CURVE((1.,1.00006695994997,1.))
REPRESENTATION_ITEM('')
);
#174=(
BOUNDED_CURVE()
B_SPLINE_CURVE(2,(#6657,#6658,#6659),.UNSPECIFIED.,.F.,.F.)
B_SPLINE_CURVE_WITH_KNOTS((3,3),(0.126986281827925,0.310437524482694),
 .UNSPECIFIED.)
CURVE()
GEOMETRIC_REPRESENTATION_ITEM()
RATIONAL_B_SPLINE_CURVE((1.01189227774348,1.01453625230223,1.))
REPRESENTATION_ITEM('')
);
#175=(
BOUNDED_CURVE()
B_SPLINE_CURVE(2,(#6660,#6661,#6662),.UNSPECIFIED.,.F.,.F.)
B_SPLINE_CURVE_WITH_KNOTS((3,3),(0.,0.218840405653857),.UNSPECIFIED.)
CURVE()
GEOMETRIC_REPRESENTATION_ITEM()
RATIONAL_B_SPLINE_CURVE((1.,1.01608801296146,1.00073435970372))
REPRESENTATION_ITEM('')
);
#176=(
BOUNDED_CURVE()
B_SPLINE_CURVE(2,(#6664,#6665,#6666),.UNSPECIFIED.,.F.,.F.)
B_SPLINE_CURVE_WITH_KNOTS((3,3),(0.,0.039962962464132),.UNSPECIFIED.)
CURVE()
GEOMETRIC_REPRESENTATION_ITEM()
RATIONAL_B_SPLINE_CURVE((1.,1.00032562775525,1.))
REPRESENTATION_ITEM('')
);
#177=(
BOUNDED_CURVE()
B_SPLINE_CURVE(2,(#6673,#6674,#6675),.UNSPECIFIED.,.F.,.F.)
B_SPLINE_CURVE_WITH_KNOTS((3,3),(0.318388173343393,1.21445768784763),
 .UNSPECIFIED.)
CURVE()
GEOMETRIC_REPRESENTATION_ITEM()
RATIONAL_B_SPLINE_CURVE((1.00229252227365,1.00440256219077,1.00023093472357))
REPRESENTATION_ITEM('')
);
#178=(
BOUNDED_CURVE()
B_SPLINE_CURVE(2,(#6678,#6679,#6680),.UNSPECIFIED.,.F.,.F.)
B_SPLINE_CURVE_WITH_KNOTS((3,3),(0.0235767362490605,0.891762827637044),
 .UNSPECIFIED.)
CURVE()
GEOMETRIC_REPRESENTATION_ITEM()
RATIONAL_B_SPLINE_CURVE((1.00017041517819,1.00322287867935,1.))
REPRESENTATION_ITEM('')
);
#179=(
BOUNDED_CURVE()
B_SPLINE_CURVE(2,(#6692,#6693,#6694),.UNSPECIFIED.,.F.,.F.)
B_SPLINE_CURVE_WITH_KNOTS((3,3),(0.,0.229380189876231),.UNSPECIFIED.)
CURVE()
GEOMETRIC_REPRESENTATION_ITEM()
RATIONAL_B_SPLINE_CURVE((1.,1.004025209438,1.))
REPRESENTATION_ITEM('')
);
#180=(
BOUNDED_CURVE()
B_SPLINE_CURVE(2,(#6696,#6697,#6698),.UNSPECIFIED.,.F.,.F.)
B_SPLINE_CURVE_WITH_KNOTS((3,3),(0.,0.229380189876231),.UNSPECIFIED.)
CURVE()
GEOMETRIC_REPRESENTATION_ITEM()
RATIONAL_B_SPLINE_CURVE((1.,1.004025209438,1.))
REPRESENTATION_ITEM('')
);
#181=(
BOUNDED_CURVE()
B_SPLINE_CURVE(2,(#6740,#6741,#6742),.UNSPECIFIED.,.F.,.F.)
B_SPLINE_CURVE_WITH_KNOTS((3,3),(0.,0.0620269098925868),.UNSPECIFIED.)
CURVE()
GEOMETRIC_REPRESENTATION_ITEM()
RATIONAL_B_SPLINE_CURVE((1.,1.00008036382653,1.))
REPRESENTATION_ITEM('')
);
#182=(
BOUNDED_CURVE()
B_SPLINE_CURVE(2,(#6744,#6745,#6746),.UNSPECIFIED.,.F.,.F.)
B_SPLINE_CURVE_WITH_KNOTS((3,3),(0.0278389950611044,0.0894991982293346),
 .UNSPECIFIED.)
CURVE()
GEOMETRIC_REPRESENTATION_ITEM()
RATIONAL_B_SPLINE_CURVE((1.00007256896769,1.00011665048272,1.))
REPRESENTATION_ITEM('')
);
#183=(
BOUNDED_CURVE()
B_SPLINE_CURVE(2,(#6752,#6753,#6754),.UNSPECIFIED.,.F.,.F.)
B_SPLINE_CURVE_WITH_KNOTS((3,3),(0.,0.139626956331243),.UNSPECIFIED.)
CURVE()
GEOMETRIC_REPRESENTATION_ITEM()
RATIONAL_B_SPLINE_CURVE((1.,1.00778461371748,1.00712106606223))
REPRESENTATION_ITEM('')
);
#184=(
BOUNDED_CURVE()
B_SPLINE_CURVE(2,(#6755,#6756,#6757),.UNSPECIFIED.,.F.,.F.)
B_SPLINE_CURVE_WITH_KNOTS((3,3),(0.,0.139626956331244),.UNSPECIFIED.)
CURVE()
GEOMETRIC_REPRESENTATION_ITEM()
RATIONAL_B_SPLINE_CURVE((1.,1.00778461371738,1.00712106606214))
REPRESENTATION_ITEM('')
);
#185=(
BOUNDED_CURVE()
B_SPLINE_CURVE(2,(#6762,#6763,#6764),.UNSPECIFIED.,.F.,.F.)
B_SPLINE_CURVE_WITH_KNOTS((3,3),(0.,0.039962962464132),.UNSPECIFIED.)
CURVE()
GEOMETRIC_REPRESENTATION_ITEM()
RATIONAL_B_SPLINE_CURVE((1.,1.00032562767773,1.))
REPRESENTATION_ITEM('')
);
#186=(
BOUNDED_CURVE()
B_SPLINE_CURVE(2,(#6772,#6773,#6774),.UNSPECIFIED.,.F.,.F.)
B_SPLINE_CURVE_WITH_KNOTS((3,3),(0.,0.0399629624641323),.UNSPECIFIED.)
CURVE()
GEOMETRIC_REPRESENTATION_ITEM()
RATIONAL_B_SPLINE_CURVE((1.,1.00032562774428,1.))
REPRESENTATION_ITEM('')
);
#187=(
BOUNDED_CURVE()
B_SPLINE_CURVE(2,(#6787,#6788,#6789),.UNSPECIFIED.,.F.,.F.)
B_SPLINE_CURVE_WITH_KNOTS((3,3),(0.,0.229380189876231),.UNSPECIFIED.)
CURVE()
GEOMETRIC_REPRESENTATION_ITEM()
RATIONAL_B_SPLINE_CURVE((1.,1.004025209438,1.))
REPRESENTATION_ITEM('')
);
#188=(
BOUNDED_CURVE()
B_SPLINE_CURVE(2,(#6791,#6792,#6793),.UNSPECIFIED.,.F.,.F.)
B_SPLINE_CURVE_WITH_KNOTS((3,3),(0.,0.229380189876231),.UNSPECIFIED.)
CURVE()
GEOMETRIC_REPRESENTATION_ITEM()
RATIONAL_B_SPLINE_CURVE((1.,1.004025209438,1.))
REPRESENTATION_ITEM('')
);
#189=(
BOUNDED_CURVE()
B_SPLINE_CURVE(2,(#6836,#6837,#6838),.UNSPECIFIED.,.F.,.F.)
B_SPLINE_CURVE_WITH_KNOTS((3,3),(0.,0.198821975360959),.UNSPECIFIED.)
CURVE()
GEOMETRIC_REPRESENTATION_ITEM()
RATIONAL_B_SPLINE_CURVE((1.,1.00883665208818,1.00055472122334))
REPRESENTATION_ITEM('')
);
#190=(
BOUNDED_CURVE()
B_SPLINE_CURVE(2,(#6839,#6840,#6841),.UNSPECIFIED.,.F.,.F.)
B_SPLINE_CURVE_WITH_KNOTS((3,3),(0.126986281827925,0.310437524482694),
 .UNSPECIFIED.)
CURVE()
GEOMETRIC_REPRESENTATION_ITEM()
RATIONAL_B_SPLINE_CURVE((1.01189227774348,1.01453625230223,1.))
REPRESENTATION_ITEM('')
);
#191=(
BOUNDED_CURVE()
B_SPLINE_CURVE(2,(#6850,#6851,#6852),.UNSPECIFIED.,.F.,.F.)
B_SPLINE_CURVE_WITH_KNOTS((3,3),(0.,0.0620269098925868),.UNSPECIFIED.)
CURVE()
GEOMETRIC_REPRESENTATION_ITEM()
RATIONAL_B_SPLINE_CURVE((1.,1.00008036382653,1.))
REPRESENTATION_ITEM('')
);
#192=(
BOUNDED_CURVE()
B_SPLINE_CURVE(2,(#6854,#6855,#6856),.UNSPECIFIED.,.F.,.F.)
B_SPLINE_CURVE_WITH_KNOTS((3,3),(0.0278389950611044,0.0894991982293346),
 .UNSPECIFIED.)
CURVE()
GEOMETRIC_REPRESENTATION_ITEM()
RATIONAL_B_SPLINE_CURVE((1.00007256896769,1.00011665048272,1.))
REPRESENTATION_ITEM('')
);
#193=(
BOUNDED_CURVE()
B_SPLINE_CURVE(2,(#6862,#6863,#6864),.UNSPECIFIED.,.F.,.F.)
B_SPLINE_CURVE_WITH_KNOTS((3,3),(0.,0.139626956331243),.UNSPECIFIED.)
CURVE()
GEOMETRIC_REPRESENTATION_ITEM()
RATIONAL_B_SPLINE_CURVE((1.,1.00778461371748,1.00712106606223))
REPRESENTATION_ITEM('')
);
#194=(
BOUNDED_CURVE()
B_SPLINE_CURVE(2,(#6865,#6866,#6867),.UNSPECIFIED.,.F.,.F.)
B_SPLINE_CURVE_WITH_KNOTS((3,3),(0.,0.139626956331244),.UNSPECIFIED.)
CURVE()
GEOMETRIC_REPRESENTATION_ITEM()
RATIONAL_B_SPLINE_CURVE((1.,1.00778461371738,1.00712106606214))
REPRESENTATION_ITEM('')
);
#195=(
BOUNDED_CURVE()
B_SPLINE_CURVE(2,(#6874,#6875,#6876),.UNSPECIFIED.,.F.,.F.)
B_SPLINE_CURVE_WITH_KNOTS((3,3),(0.000834777555410503,0.00436059419749126),
 .UNSPECIFIED.)
CURVE()
GEOMETRIC_REPRESENTATION_ITEM()
RATIONAL_B_SPLINE_CURVE((1.0000468740557,1.000145764278,1.000243811316))
REPRESENTATION_ITEM('')
);
#196=(
BOUNDED_CURVE()
B_SPLINE_CURVE(2,(#6878,#6879,#6880),.UNSPECIFIED.,.F.,.F.)
B_SPLINE_CURVE_WITH_KNOTS((3,3),(0.0090050157247222,0.171762759636137),
 .UNSPECIFIED.)
CURVE()
GEOMETRIC_REPRESENTATION_ITEM()
RATIONAL_B_SPLINE_CURVE((1.00103904552642,1.01033686372888,1.01630546182224))
REPRESENTATION_ITEM('')
);
#197=(
BOUNDED_CURVE()
B_SPLINE_CURVE(2,(#6882,#6883,#6884),.UNSPECIFIED.,.F.,.F.)
B_SPLINE_CURVE_WITH_KNOTS((3,3),(0.318388173343393,1.21445768784763),
 .UNSPECIFIED.)
CURVE()
GEOMETRIC_REPRESENTATION_ITEM()
RATIONAL_B_SPLINE_CURVE((1.00229252227365,1.00440256219077,1.00023093472357))
REPRESENTATION_ITEM('')
);
#198=(
BOUNDED_CURVE()
B_SPLINE_CURVE(2,(#6886,#6887,#6888),.UNSPECIFIED.,.F.,.F.)
B_SPLINE_CURVE_WITH_KNOTS((3,3),(0.231657075779226,0.233095816851803),
 .UNSPECIFIED.)
CURVE()
GEOMETRIC_REPRESENTATION_ITEM()
RATIONAL_B_SPLINE_CURVE((1.00023211309572,1.00011677733449,1.))
REPRESENTATION_ITEM('')
);
#199=(
BOUNDED_CURVE()
B_SPLINE_CURVE(2,(#6890,#6891,#6892),.UNSPECIFIED.,.F.,.F.)
B_SPLINE_CURVE_WITH_KNOTS((3,3),(0.,0.19694114952502),.UNSPECIFIED.)
CURVE()
GEOMETRIC_REPRESENTATION_ITEM()
RATIONAL_B_SPLINE_CURVE((1.,1.00006695999975,1.))
REPRESENTATION_ITEM('')
);
#200=(
BOUNDED_CURVE()
B_SPLINE_CURVE(2,(#6894,#6895,#6896),.UNSPECIFIED.,.F.,.F.)
B_SPLINE_CURVE_WITH_KNOTS((3,3),(0.,0.218840405653879),.UNSPECIFIED.)
CURVE()
GEOMETRIC_REPRESENTATION_ITEM()
RATIONAL_B_SPLINE_CURVE((1.,1.01608801296413,1.00073435970383))
REPRESENTATION_ITEM('')
);
#201=(
BOUNDED_CURVE()
B_SPLINE_CURVE(2,(#6899,#6900,#6901),.UNSPECIFIED.,.F.,.F.)
B_SPLINE_CURVE_WITH_KNOTS((3,3),(0.,0.0399629624641319),.UNSPECIFIED.)
CURVE()
GEOMETRIC_REPRESENTATION_ITEM()
RATIONAL_B_SPLINE_CURVE((1.,1.00032562829998,1.))
REPRESENTATION_ITEM('')
);
#202=(
BOUNDED_CURVE()
B_SPLINE_CURVE(2,(#6904,#6905,#6906),.UNSPECIFIED.,.F.,.F.)
B_SPLINE_CURVE_WITH_KNOTS((3,3),(0.,0.0399629624641377),.UNSPECIFIED.)
CURVE()
GEOMETRIC_REPRESENTATION_ITEM()
RATIONAL_B_SPLINE_CURVE((1.,1.00032562795619,1.))
REPRESENTATION_ITEM('')
);
#203=(
BOUNDED_CURVE()
B_SPLINE_CURVE(2,(#6912,#6913,#6914),.UNSPECIFIED.,.F.,.F.)
B_SPLINE_CURVE_WITH_KNOTS((3,3),(0.318388173343393,1.21445768784763),
 .UNSPECIFIED.)
CURVE()
GEOMETRIC_REPRESENTATION_ITEM()
RATIONAL_B_SPLINE_CURVE((1.00229252227365,1.00440256219077,1.00023093472357))
REPRESENTATION_ITEM('')
);
#204=(
BOUNDED_CURVE()
B_SPLINE_CURVE(2,(#6917,#6918,#6919),.UNSPECIFIED.,.F.,.F.)
B_SPLINE_CURVE_WITH_KNOTS((3,3),(0.0235767362490604,0.891762827637044),
 .UNSPECIFIED.)
CURVE()
GEOMETRIC_REPRESENTATION_ITEM()
RATIONAL_B_SPLINE_CURVE((1.00017041517819,1.00322287867935,1.))
REPRESENTATION_ITEM('')
);
#205=(
BOUNDED_CURVE()
B_SPLINE_CURVE(2,(#6931,#6932,#6933),.UNSPECIFIED.,.F.,.F.)
B_SPLINE_CURVE_WITH_KNOTS((3,3),(0.,0.229380189876231),.UNSPECIFIED.)
CURVE()
GEOMETRIC_REPRESENTATION_ITEM()
RATIONAL_B_SPLINE_CURVE((1.,1.004025209438,1.))
REPRESENTATION_ITEM('')
);
#206=(
BOUNDED_CURVE()
B_SPLINE_CURVE(2,(#6935,#6936,#6937),.UNSPECIFIED.,.F.,.F.)
B_SPLINE_CURVE_WITH_KNOTS((3,3),(0.,0.229380189876231),.UNSPECIFIED.)
CURVE()
GEOMETRIC_REPRESENTATION_ITEM()
RATIONAL_B_SPLINE_CURVE((1.,1.004025209438,1.))
REPRESENTATION_ITEM('')
);
#207=(
BOUNDED_CURVE()
B_SPLINE_CURVE(2,(#6979,#6980,#6981),.UNSPECIFIED.,.F.,.F.)
B_SPLINE_CURVE_WITH_KNOTS((3,3),(0.,0.0620269098925868),.UNSPECIFIED.)
CURVE()
GEOMETRIC_REPRESENTATION_ITEM()
RATIONAL_B_SPLINE_CURVE((1.,1.00008036382653,1.))
REPRESENTATION_ITEM('')
);
#208=(
BOUNDED_CURVE()
B_SPLINE_CURVE(2,(#6983,#6984,#6985),.UNSPECIFIED.,.F.,.F.)
B_SPLINE_CURVE_WITH_KNOTS((3,3),(0.0278389950611044,0.0894991982293346),
 .UNSPECIFIED.)
CURVE()
GEOMETRIC_REPRESENTATION_ITEM()
RATIONAL_B_SPLINE_CURVE((1.00007256896769,1.00011665048272,1.))
REPRESENTATION_ITEM('')
);
#209=(
BOUNDED_CURVE()
B_SPLINE_CURVE(2,(#6991,#6992,#6993),.UNSPECIFIED.,.F.,.F.)
B_SPLINE_CURVE_WITH_KNOTS((3,3),(0.,0.139626956331243),.UNSPECIFIED.)
CURVE()
GEOMETRIC_REPRESENTATION_ITEM()
RATIONAL_B_SPLINE_CURVE((1.,1.00778461371748,1.00712106606223))
REPRESENTATION_ITEM('')
);
#210=(
BOUNDED_CURVE()
B_SPLINE_CURVE(2,(#6994,#6995,#6996),.UNSPECIFIED.,.F.,.F.)
B_SPLINE_CURVE_WITH_KNOTS((3,3),(0.,0.139626956331244),.UNSPECIFIED.)
CURVE()
GEOMETRIC_REPRESENTATION_ITEM()
RATIONAL_B_SPLINE_CURVE((1.,1.00778461371738,1.00712106606214))
REPRESENTATION_ITEM('')
);
#211=(
BOUNDED_CURVE()
B_SPLINE_CURVE(2,(#7001,#7002,#7003),.UNSPECIFIED.,.F.,.F.)
B_SPLINE_CURVE_WITH_KNOTS((3,3),(0.,0.0399629624641323),.UNSPECIFIED.)
CURVE()
GEOMETRIC_REPRESENTATION_ITEM()
RATIONAL_B_SPLINE_CURVE((1.,1.00032562798677,1.))
REPRESENTATION_ITEM('')
);
#212=(
BOUNDED_CURVE()
B_SPLINE_CURVE(2,(#7011,#7012,#7013),.UNSPECIFIED.,.F.,.F.)
B_SPLINE_CURVE_WITH_KNOTS((3,3),(0.,0.0399629624641323),.UNSPECIFIED.)
CURVE()
GEOMETRIC_REPRESENTATION_ITEM()
RATIONAL_B_SPLINE_CURVE((1.,1.00032562800897,1.))
REPRESENTATION_ITEM('')
);
#213=(
BOUNDED_CURVE()
B_SPLINE_CURVE(2,(#7020,#7021,#7022),.UNSPECIFIED.,.F.,.F.)
B_SPLINE_CURVE_WITH_KNOTS((3,3),(0.318388173343393,1.21445768784763),
 .UNSPECIFIED.)
CURVE()
GEOMETRIC_REPRESENTATION_ITEM()
RATIONAL_B_SPLINE_CURVE((1.00229252227365,1.00440256219077,1.00023093472357))
REPRESENTATION_ITEM('')
);
#214=(
BOUNDED_CURVE()
B_SPLINE_CURVE(2,(#7025,#7026,#7027),.UNSPECIFIED.,.F.,.F.)
B_SPLINE_CURVE_WITH_KNOTS((3,3),(0.0235767362490606,0.891762827637044),
 .UNSPECIFIED.)
CURVE()
GEOMETRIC_REPRESENTATION_ITEM()
RATIONAL_B_SPLINE_CURVE((1.00017041517819,1.00322287867935,1.))
REPRESENTATION_ITEM('')
);
#215=(
BOUNDED_CURVE()
B_SPLINE_CURVE(2,(#7039,#7040,#7041),.UNSPECIFIED.,.F.,.F.)
B_SPLINE_CURVE_WITH_KNOTS((3,3),(0.,0.229380189876231),.UNSPECIFIED.)
CURVE()
GEOMETRIC_REPRESENTATION_ITEM()
RATIONAL_B_SPLINE_CURVE((1.,1.004025209438,1.))
REPRESENTATION_ITEM('')
);
#216=(
BOUNDED_CURVE()
B_SPLINE_CURVE(2,(#7043,#7044,#7045),.UNSPECIFIED.,.F.,.F.)
B_SPLINE_CURVE_WITH_KNOTS((3,3),(0.,0.229380189876231),.UNSPECIFIED.)
CURVE()
GEOMETRIC_REPRESENTATION_ITEM()
RATIONAL_B_SPLINE_CURVE((1.,1.004025209438,1.))
REPRESENTATION_ITEM('')
);
#217=(
BOUNDED_CURVE()
B_SPLINE_CURVE(2,(#7087,#7088,#7089),.UNSPECIFIED.,.F.,.F.)
B_SPLINE_CURVE_WITH_KNOTS((3,3),(0.,0.0620269098925868),.UNSPECIFIED.)
CURVE()
GEOMETRIC_REPRESENTATION_ITEM()
RATIONAL_B_SPLINE_CURVE((1.,1.00008036382653,1.))
REPRESENTATION_ITEM('')
);
#218=(
BOUNDED_CURVE()
B_SPLINE_CURVE(2,(#7091,#7092,#7093),.UNSPECIFIED.,.F.,.F.)
B_SPLINE_CURVE_WITH_KNOTS((3,3),(0.0278389950611044,0.0894991982293346),
 .UNSPECIFIED.)
CURVE()
GEOMETRIC_REPRESENTATION_ITEM()
RATIONAL_B_SPLINE_CURVE((1.00007256896769,1.00011665048272,1.))
REPRESENTATION_ITEM('')
);
#219=(
BOUNDED_CURVE()
B_SPLINE_CURVE(2,(#7099,#7100,#7101),.UNSPECIFIED.,.F.,.F.)
B_SPLINE_CURVE_WITH_KNOTS((3,3),(0.,0.139626956331243),.UNSPECIFIED.)
CURVE()
GEOMETRIC_REPRESENTATION_ITEM()
RATIONAL_B_SPLINE_CURVE((1.,1.00778461371748,1.00712106606223))
REPRESENTATION_ITEM('')
);
#220=(
BOUNDED_CURVE()
B_SPLINE_CURVE(2,(#7102,#7103,#7104),.UNSPECIFIED.,.F.,.F.)
B_SPLINE_CURVE_WITH_KNOTS((3,3),(0.,0.139626956331244),.UNSPECIFIED.)
CURVE()
GEOMETRIC_REPRESENTATION_ITEM()
RATIONAL_B_SPLINE_CURVE((1.,1.00778461371738,1.00712106606214))
REPRESENTATION_ITEM('')
);
#221=(
BOUNDED_CURVE()
B_SPLINE_CURVE(2,(#7112,#7113,#7114),.UNSPECIFIED.,.F.,.F.)
B_SPLINE_CURVE_WITH_KNOTS((3,3),(0.00900501572472214,0.171762759636137),
 .UNSPECIFIED.)
CURVE()
GEOMETRIC_REPRESENTATION_ITEM()
RATIONAL_B_SPLINE_CURVE((1.00103904552642,1.01033686372888,1.01630546182224))
REPRESENTATION_ITEM('')
);
#222=(
BOUNDED_CURVE()
B_SPLINE_CURVE(2,(#7115,#7116,#7117),.UNSPECIFIED.,.F.,.F.)
B_SPLINE_CURVE_WITH_KNOTS((3,3),(0.00900501572472229,0.171762759636137),
 .UNSPECIFIED.)
CURVE()
GEOMETRIC_REPRESENTATION_ITEM()
RATIONAL_B_SPLINE_CURVE((1.00103904552642,1.01033686372888,1.01630546182224))
REPRESENTATION_ITEM('')
);
#223=(
BOUNDED_CURVE()
B_SPLINE_CURVE(2,(#7120,#7121,#7122),.UNSPECIFIED.,.F.,.F.)
B_SPLINE_CURVE_WITH_KNOTS((3,3),(0.824337620306381,0.827863436948461),
 .UNSPECIFIED.)
CURVE()
GEOMETRIC_REPRESENTATION_ITEM()
RATIONAL_B_SPLINE_CURVE((1.000243811316,1.000145764278,1.0000468740557))
REPRESENTATION_ITEM('')
);
#224=(
BOUNDED_CURVE()
B_SPLINE_CURVE(2,(#7123,#7124,#7125),.UNSPECIFIED.,.F.,.F.)
B_SPLINE_CURVE_WITH_KNOTS((3,3),(0.00511129322269122,0.223951698876566),
 .UNSPECIFIED.)
CURVE()
GEOMETRIC_REPRESENTATION_ITEM()
RATIONAL_B_SPLINE_CURVE((1.00073435970394,1.01608801296652,1.))
REPRESENTATION_ITEM('')
);
#225=(
BOUNDED_CURVE()
B_SPLINE_CURVE(2,(#7127,#7128,#7129),.UNSPECIFIED.,.F.,.F.)
B_SPLINE_CURVE_WITH_KNOTS((3,3),(0.,0.198821975360959),.UNSPECIFIED.)
CURVE()
GEOMETRIC_REPRESENTATION_ITEM()
RATIONAL_B_SPLINE_CURVE((1.,1.00883665208818,1.00055472122334))
REPRESENTATION_ITEM('')
);
#226=(
BOUNDED_CURVE()
B_SPLINE_CURVE(2,(#7133,#7134,#7135),.UNSPECIFIED.,.F.,.F.)
B_SPLINE_CURVE_WITH_KNOTS((3,3),(0.,0.19694114952502),.UNSPECIFIED.)
CURVE()
GEOMETRIC_REPRESENTATION_ITEM()
RATIONAL_B_SPLINE_CURVE((1.,1.00006696007384,1.))
REPRESENTATION_ITEM('')
);
#227=(
BOUNDED_CURVE()
B_SPLINE_CURVE(2,(#7136,#7137,#7138),.UNSPECIFIED.,.F.,.F.)
B_SPLINE_CURVE_WITH_KNOTS((3,3),(0.,0.00143874107257663),.UNSPECIFIED.)
CURVE()
GEOMETRIC_REPRESENTATION_ITEM()
RATIONAL_B_SPLINE_CURVE((1.,1.00011677733448,1.00023211309572))
REPRESENTATION_ITEM('')
);
#228=(
BOUNDED_CURVE()
B_SPLINE_CURVE(2,(#7140,#7141,#7142),.UNSPECIFIED.,.F.,.F.)
B_SPLINE_CURVE_WITH_KNOTS((3,3),(0.,0.0399629624641319),.UNSPECIFIED.)
CURVE()
GEOMETRIC_REPRESENTATION_ITEM()
RATIONAL_B_SPLINE_CURVE((1.,1.00032562840613,1.))
REPRESENTATION_ITEM('')
);
#229=(
BOUNDED_CURVE()
B_SPLINE_CURVE(2,(#7151,#7152,#7153),.UNSPECIFIED.,.F.,.F.)
B_SPLINE_CURVE_WITH_KNOTS((3,3),(0.000834777555410404,0.0043605941974907),
 .UNSPECIFIED.)
CURVE()
GEOMETRIC_REPRESENTATION_ITEM()
RATIONAL_B_SPLINE_CURVE((1.0000468740557,1.000145764278,1.000243811316))
REPRESENTATION_ITEM('')
);
#230=(
BOUNDED_CURVE()
B_SPLINE_CURVE(2,(#7155,#7156,#7157),.UNSPECIFIED.,.F.,.F.)
B_SPLINE_CURVE_WITH_KNOTS((3,3),(0.231657075779226,0.233095816851803),
 .UNSPECIFIED.)
CURVE()
GEOMETRIC_REPRESENTATION_ITEM()
RATIONAL_B_SPLINE_CURVE((1.00023211309572,1.00011677733449,1.))
REPRESENTATION_ITEM('')
);
#231=(
BOUNDED_CURVE()
B_SPLINE_CURVE(2,(#7159,#7160,#7161),.UNSPECIFIED.,.F.,.F.)
B_SPLINE_CURVE_WITH_KNOTS((3,3),(0.,0.19694114952502),.UNSPECIFIED.)
CURVE()
GEOMETRIC_REPRESENTATION_ITEM()
RATIONAL_B_SPLINE_CURVE((1.,1.00006695999673,1.))
REPRESENTATION_ITEM('')
);
#232=(
BOUNDED_CURVE()
B_SPLINE_CURVE(2,(#7164,#7165,#7166),.UNSPECIFIED.,.F.,.F.)
B_SPLINE_CURVE_WITH_KNOTS((3,3),(0.126986281827925,0.310437524482694),
 .UNSPECIFIED.)
CURVE()
GEOMETRIC_REPRESENTATION_ITEM()
RATIONAL_B_SPLINE_CURVE((1.01189227774348,1.01453625230223,1.))
REPRESENTATION_ITEM('')
);
#233=(
BOUNDED_CURVE()
B_SPLINE_CURVE(2,(#7167,#7168,#7169),.UNSPECIFIED.,.F.,.F.)
B_SPLINE_CURVE_WITH_KNOTS((3,3),(0.,0.218840405653869),.UNSPECIFIED.)
CURVE()
GEOMETRIC_REPRESENTATION_ITEM()
RATIONAL_B_SPLINE_CURVE((1.,1.01608801296525,1.00073435970389))
REPRESENTATION_ITEM('')
);
#234=(
BOUNDED_CURVE()
B_SPLINE_CURVE(2,(#7171,#7172,#7173),.UNSPECIFIED.,.F.,.F.)
B_SPLINE_CURVE_WITH_KNOTS((3,3),(0.,0.039962962464132),.UNSPECIFIED.)
CURVE()
GEOMETRIC_REPRESENTATION_ITEM()
RATIONAL_B_SPLINE_CURVE((1.,1.00032562839865,1.))
REPRESENTATION_ITEM('')
);
#235=(
BOUNDED_CURVE()
B_SPLINE_CURVE(2,(#7180,#7181,#7182),.UNSPECIFIED.,.F.,.F.)
B_SPLINE_CURVE_WITH_KNOTS((3,3),(0.00511129322271,0.223951698876566),
 .UNSPECIFIED.)
CURVE()
GEOMETRIC_REPRESENTATION_ITEM()
RATIONAL_B_SPLINE_CURVE((1.0007343597037,1.01608801296108,1.))
REPRESENTATION_ITEM('')
);
#236=(
BOUNDED_CURVE()
B_SPLINE_CURVE(2,(#7198,#7199,#7200),.UNSPECIFIED.,.F.,.F.)
B_SPLINE_CURVE_WITH_KNOTS((3,3),(0.,0.198821975360959),.UNSPECIFIED.)
CURVE()
GEOMETRIC_REPRESENTATION_ITEM()
RATIONAL_B_SPLINE_CURVE((1.,1.00883665208818,1.00055472122334))
REPRESENTATION_ITEM('')
);
#237=(
BOUNDED_CURVE()
B_SPLINE_CURVE(2,(#7201,#7202,#7203),.UNSPECIFIED.,.F.,.F.)
B_SPLINE_CURVE_WITH_KNOTS((3,3),(0.126986281827925,0.310437524482694),
 .UNSPECIFIED.)
CURVE()
GEOMETRIC_REPRESENTATION_ITEM()
RATIONAL_B_SPLINE_CURVE((1.01189227774348,1.01453625230223,1.))
REPRESENTATION_ITEM('')
);
#238=(
BOUNDED_CURVE()
B_SPLINE_CURVE(2,(#7207,#7208,#7209),.UNSPECIFIED.,.F.,.F.)
B_SPLINE_CURVE_WITH_KNOTS((3,3),(0.82433762030638,0.827863436948462),
 .UNSPECIFIED.)
CURVE()
GEOMETRIC_REPRESENTATION_ITEM()
RATIONAL_B_SPLINE_CURVE((1.000243811316,1.000145764278,1.0000468740557))
REPRESENTATION_ITEM('')
);
#239=(
BOUNDED_CURVE()
B_SPLINE_CURVE(2,(#7210,#7211,#7212),.UNSPECIFIED.,.F.,.F.)
B_SPLINE_CURVE_WITH_KNOTS((3,3),(0.0051112932227117,0.223951698876566),
 .UNSPECIFIED.)
CURVE()
GEOMETRIC_REPRESENTATION_ITEM()
RATIONAL_B_SPLINE_CURVE((1.00073435970376,1.01608801296244,1.))
REPRESENTATION_ITEM('')
);
#240=(
BOUNDED_CURVE()
B_SPLINE_CURVE(2,(#7216,#7217,#7218),.UNSPECIFIED.,.F.,.F.)
B_SPLINE_CURVE_WITH_KNOTS((3,3),(0.,0.19694114952502),.UNSPECIFIED.)
CURVE()
GEOMETRIC_REPRESENTATION_ITEM()
RATIONAL_B_SPLINE_CURVE((1.,1.00006696007652,1.))
REPRESENTATION_ITEM('')
);
#241=(
BOUNDED_CURVE()
B_SPLINE_CURVE(2,(#7219,#7220,#7221),.UNSPECIFIED.,.F.,.F.)
B_SPLINE_CURVE_WITH_KNOTS((3,3),(0.,0.00143874107257779),.UNSPECIFIED.)
CURVE()
GEOMETRIC_REPRESENTATION_ITEM()
RATIONAL_B_SPLINE_CURVE((1.,1.00011677733449,1.00023211309572))
REPRESENTATION_ITEM('')
);
#242=(
BOUNDED_CURVE()
B_SPLINE_CURVE(2,(#7222,#7223,#7224),.UNSPECIFIED.,.F.,.F.)
B_SPLINE_CURVE_WITH_KNOTS((3,3),(0.00900501572472243,0.171762759636137),
 .UNSPECIFIED.)
CURVE()
GEOMETRIC_REPRESENTATION_ITEM()
RATIONAL_B_SPLINE_CURVE((1.00103904552642,1.01033686372888,1.01630546182224))
REPRESENTATION_ITEM('')
);
#243=(
BOUNDED_CURVE()
B_SPLINE_CURVE(2,(#7228,#7229,#7230),.UNSPECIFIED.,.F.,.F.)
B_SPLINE_CURVE_WITH_KNOTS((3,3),(0.000834777555411213,0.00436059419749141),
 .UNSPECIFIED.)
CURVE()
GEOMETRIC_REPRESENTATION_ITEM()
RATIONAL_B_SPLINE_CURVE((1.0000468740557,1.000145764278,1.000243811316))
REPRESENTATION_ITEM('')
);
#244=(
BOUNDED_CURVE()
B_SPLINE_CURVE(2,(#7231,#7232,#7233),.UNSPECIFIED.,.F.,.F.)
B_SPLINE_CURVE_WITH_KNOTS((3,3),(0.00900501572472239,0.171762759636137),
 .UNSPECIFIED.)
CURVE()
GEOMETRIC_REPRESENTATION_ITEM()
RATIONAL_B_SPLINE_CURVE((1.00103904552642,1.01033686372888,1.01630546182224))
REPRESENTATION_ITEM('')
);
#245=(
BOUNDED_CURVE()
B_SPLINE_CURVE(2,(#7235,#7236,#7237),.UNSPECIFIED.,.F.,.F.)
B_SPLINE_CURVE_WITH_KNOTS((3,3),(0.231657075779225,0.233095816851803),
 .UNSPECIFIED.)
CURVE()
GEOMETRIC_REPRESENTATION_ITEM()
RATIONAL_B_SPLINE_CURVE((1.00023211309572,1.00011677733449,1.))
REPRESENTATION_ITEM('')
);
#246=(
BOUNDED_CURVE()
B_SPLINE_CURVE(2,(#7239,#7240,#7241),.UNSPECIFIED.,.F.,.F.)
B_SPLINE_CURVE_WITH_KNOTS((3,3),(0.,0.19694114952502),.UNSPECIFIED.)
CURVE()
GEOMETRIC_REPRESENTATION_ITEM()
RATIONAL_B_SPLINE_CURVE((1.,1.00006696009382,1.))
REPRESENTATION_ITEM('')
);
#247=(
BOUNDED_CURVE()
B_SPLINE_CURVE(2,(#7243,#7244,#7245),.UNSPECIFIED.,.F.,.F.)
B_SPLINE_CURVE_WITH_KNOTS((3,3),(0.,0.218840405653852),.UNSPECIFIED.)
CURVE()
GEOMETRIC_REPRESENTATION_ITEM()
RATIONAL_B_SPLINE_CURVE((1.,1.01608801296,1.00073435970365))
REPRESENTATION_ITEM('')
);
#248=(
BOUNDED_CURVE()
B_SPLINE_CURVE(2,(#7249,#7250,#7251),.UNSPECIFIED.,.F.,.F.)
B_SPLINE_CURVE_WITH_KNOTS((3,3),(0.824337620306381,0.827863436948463),
 .UNSPECIFIED.)
CURVE()
GEOMETRIC_REPRESENTATION_ITEM()
RATIONAL_B_SPLINE_CURVE((1.000243811316,1.000145764278,1.0000468740557))
REPRESENTATION_ITEM('')
);
#249=(
BOUNDED_CURVE()
B_SPLINE_CURVE(2,(#7252,#7253,#7254),.UNSPECIFIED.,.F.,.F.)
B_SPLINE_CURVE_WITH_KNOTS((3,3),(0.00511129322269966,0.223951698876563),
 .UNSPECIFIED.)
CURVE()
GEOMETRIC_REPRESENTATION_ITEM()
RATIONAL_B_SPLINE_CURVE((1.00073435970384,1.01608801296415,1.))
REPRESENTATION_ITEM('')
);
#250=(
BOUNDED_CURVE()
B_SPLINE_CURVE(2,(#7258,#7259,#7260),.UNSPECIFIED.,.F.,.F.)
B_SPLINE_CURVE_WITH_KNOTS((3,3),(0.,0.19694114952502),.UNSPECIFIED.)
CURVE()
GEOMETRIC_REPRESENTATION_ITEM()
RATIONAL_B_SPLINE_CURVE((1.,1.00006696003394,1.))
REPRESENTATION_ITEM('')
);
#251=(
BOUNDED_CURVE()
B_SPLINE_CURVE(2,(#7262,#7263,#7264),.UNSPECIFIED.,.F.,.F.)
B_SPLINE_CURVE_WITH_KNOTS((3,3),(0.,0.00143874107257722),.UNSPECIFIED.)
CURVE()
GEOMETRIC_REPRESENTATION_ITEM()
RATIONAL_B_SPLINE_CURVE((1.,1.00011677733449,1.00023211309572))
REPRESENTATION_ITEM('')
);
#252=(
BOUNDED_CURVE()
B_SPLINE_CURVE(2,(#7266,#7267,#7268),.UNSPECIFIED.,.F.,.F.)
B_SPLINE_CURVE_WITH_KNOTS((3,3),(0.0235767362490605,0.891762827637044),
 .UNSPECIFIED.)
CURVE()
GEOMETRIC_REPRESENTATION_ITEM()
RATIONAL_B_SPLINE_CURVE((1.00017041517819,1.00322287867935,1.))
REPRESENTATION_ITEM('')
);
#253=(
BOUNDED_CURVE()
B_SPLINE_CURVE(2,(#7269,#7270,#7271),.UNSPECIFIED.,.F.,.F.)
B_SPLINE_CURVE_WITH_KNOTS((3,3),(0.00900501572472227,0.171762759636137),
 .UNSPECIFIED.)
CURVE()
GEOMETRIC_REPRESENTATION_ITEM()
RATIONAL_B_SPLINE_CURVE((1.00103904552642,1.01033686372888,1.01630546182224))
REPRESENTATION_ITEM('')
);
#254=(
BOUNDED_CURVE()
B_SPLINE_CURVE(2,(#7279,#7280,#7281),.UNSPECIFIED.,.F.,.F.)
B_SPLINE_CURVE_WITH_KNOTS((3,3),(0.,0.198821975360959),.UNSPECIFIED.)
CURVE()
GEOMETRIC_REPRESENTATION_ITEM()
RATIONAL_B_SPLINE_CURVE((1.,1.00883665208818,1.00055472122334))
REPRESENTATION_ITEM('')
);
#255=(
BOUNDED_CURVE()
B_SPLINE_CURVE(2,(#7282,#7283,#7284),.UNSPECIFIED.,.F.,.F.)
B_SPLINE_CURVE_WITH_KNOTS((3,3),(0.126986281827925,0.310437524482694),
 .UNSPECIFIED.)
CURVE()
GEOMETRIC_REPRESENTATION_ITEM()
RATIONAL_B_SPLINE_CURVE((1.01189227774348,1.01453625230223,1.))
REPRESENTATION_ITEM('')
);
#256=(
BOUNDED_CURVE()
B_SPLINE_CURVE(2,(#7287,#7288,#7289),.UNSPECIFIED.,.F.,.F.)
B_SPLINE_CURVE_WITH_KNOTS((3,3),(0.824337620306381,0.827863436948462),
 .UNSPECIFIED.)
CURVE()
GEOMETRIC_REPRESENTATION_ITEM()
RATIONAL_B_SPLINE_CURVE((1.000243811316,1.000145764278,1.0000468740557))
REPRESENTATION_ITEM('')
);
#257=(
BOUNDED_CURVE()
B_SPLINE_CURVE(2,(#7293,#7294,#7295),.UNSPECIFIED.,.F.,.F.)
B_SPLINE_CURVE_WITH_KNOTS((3,3),(0.,0.19694114952502),.UNSPECIFIED.)
CURVE()
GEOMETRIC_REPRESENTATION_ITEM()
RATIONAL_B_SPLINE_CURVE((1.,1.00006695998701,1.))
REPRESENTATION_ITEM('')
);
#258=(
BOUNDED_CURVE()
B_SPLINE_CURVE(2,(#7296,#7297,#7298),.UNSPECIFIED.,.F.,.F.)
B_SPLINE_CURVE_WITH_KNOTS((3,3),(0.,0.00143874107257635),.UNSPECIFIED.)
CURVE()
GEOMETRIC_REPRESENTATION_ITEM()
RATIONAL_B_SPLINE_CURVE((1.,1.00011677733449,1.00023211309572))
REPRESENTATION_ITEM('')
);
#259=(
BOUNDED_CURVE()
B_SPLINE_CURVE(2,(#7299,#7300,#7301),.UNSPECIFIED.,.F.,.F.)
B_SPLINE_CURVE_WITH_KNOTS((3,3),(0.00900501572472255,0.171762759636137),
 .UNSPECIFIED.)
CURVE()
GEOMETRIC_REPRESENTATION_ITEM()
RATIONAL_B_SPLINE_CURVE((1.00103904552642,1.01033686372888,1.01630546182224))
REPRESENTATION_ITEM('')
);
#260=(
BOUNDED_CURVE()
B_SPLINE_CURVE(2,(#7305,#7306,#7307),.UNSPECIFIED.,.F.,.F.)
B_SPLINE_CURVE_WITH_KNOTS((3,3),(0.000834777555409712,0.00436059419749083),
 .UNSPECIFIED.)
CURVE()
GEOMETRIC_REPRESENTATION_ITEM()
RATIONAL_B_SPLINE_CURVE((1.0000468740557,1.000145764278,1.000243811316))
REPRESENTATION_ITEM('')
);
#261=(
BOUNDED_CURVE()
B_SPLINE_CURVE(2,(#7308,#7309,#7310),.UNSPECIFIED.,.F.,.F.)
B_SPLINE_CURVE_WITH_KNOTS((3,3),(0.00900501572472253,0.171762759636137),
 .UNSPECIFIED.)
CURVE()
GEOMETRIC_REPRESENTATION_ITEM()
RATIONAL_B_SPLINE_CURVE((1.00103904552642,1.01033686372888,1.01630546182224))
REPRESENTATION_ITEM('')
);
#262=(
BOUNDED_CURVE()
B_SPLINE_CURVE(2,(#7312,#7313,#7314),.UNSPECIFIED.,.F.,.F.)
B_SPLINE_CURVE_WITH_KNOTS((3,3),(0.231657075779226,0.233095816851803),
 .UNSPECIFIED.)
CURVE()
GEOMETRIC_REPRESENTATION_ITEM()
RATIONAL_B_SPLINE_CURVE((1.00023211309572,1.00011677733449,1.))
REPRESENTATION_ITEM('')
);
#263=(
BOUNDED_CURVE()
B_SPLINE_CURVE(2,(#7316,#7317,#7318),.UNSPECIFIED.,.F.,.F.)
B_SPLINE_CURVE_WITH_KNOTS((3,3),(0.,0.19694114952502),.UNSPECIFIED.)
CURVE()
GEOMETRIC_REPRESENTATION_ITEM()
RATIONAL_B_SPLINE_CURVE((1.,1.00006695996137,1.))
REPRESENTATION_ITEM('')
);
#264=(
BOUNDED_CURVE()
B_SPLINE_CURVE(2,(#7320,#7321,#7322),.UNSPECIFIED.,.F.,.F.)
B_SPLINE_CURVE_WITH_KNOTS((3,3),(0.,0.218840405653856),.UNSPECIFIED.)
CURVE()
GEOMETRIC_REPRESENTATION_ITEM()
RATIONAL_B_SPLINE_CURVE((1.,1.01608801296097,1.00073435970369))
REPRESENTATION_ITEM('')
);
#265=FACE_BOUND('',#585,.T.);
#266=FACE_BOUND('',#646,.T.);
#267=FACE_BOUND('',#771,.T.);
#268=FACE_BOUND('',#774,.T.);
#269=FACE_BOUND('',#778,.T.);
#270=FACE_BOUND('',#787,.T.);
#271=FACE_BOUND('',#790,.T.);
#272=FACE_BOUND('',#793,.T.);
#273=FACE_BOUND('',#805,.T.);
#274=FACE_BOUND('',#807,.T.);
#275=PLANE('',#4243);
#276=PLANE('',#4258);
#277=PLANE('',#4261);
#278=PLANE('',#4262);
#279=PLANE('',#4265);
#280=PLANE('',#4270);
#281=PLANE('',#4271);
#282=PLANE('',#4276);
#283=PLANE('',#4282);
#284=PLANE('',#4287);
#285=PLANE('',#4290);
#286=PLANE('',#4295);
#287=PLANE('',#4299);
#288=PLANE('',#4300);
#289=PLANE('',#4301);
#290=PLANE('',#4303);
#291=PLANE('',#4304);
#292=PLANE('',#4306);
#293=PLANE('',#4307);
#294=PLANE('',#4309);
#295=PLANE('',#4319);
#296=PLANE('',#4320);
#297=PLANE('',#4321);
#298=PLANE('',#4322);
#299=PLANE('',#4323);
#300=PLANE('',#4324);
#301=PLANE('',#4325);
#302=PLANE('',#4326);
#303=PLANE('',#4327);
#304=PLANE('',#4328);
#305=PLANE('',#4348);
#306=PLANE('',#4349);
#307=PLANE('',#4350);
#308=PLANE('',#4351);
#309=PLANE('',#4352);
#310=PLANE('',#4356);
#311=PLANE('',#4357);
#312=PLANE('',#4363);
#313=PLANE('',#4364);
#314=PLANE('',#4387);
#315=PLANE('',#4436);
#316=PLANE('',#4437);
#317=PLANE('',#4438);
#318=PLANE('',#4439);
#319=PLANE('',#4440);
#320=PLANE('',#4441);
#321=PLANE('',#4442);
#322=PLANE('',#4446);
#323=PLANE('',#4464);
#324=PLANE('',#4465);
#325=PLANE('',#4466);
#326=PLANE('',#4467);
#327=PLANE('',#4468);
#328=PLANE('',#4469);
#329=PLANE('',#4478);
#330=PLANE('',#4490);
#331=PLANE('',#4491);
#332=PLANE('',#4492);
#333=PLANE('',#4493);
#334=PLANE('',#4494);
#335=PLANE('',#4498);
#336=PLANE('',#4516);
#337=PLANE('',#4517);
#338=PLANE('',#4518);
#339=PLANE('',#4519);
#340=PLANE('',#4520);
#341=PLANE('',#4524);
#342=PLANE('',#4544);
#343=PLANE('',#4545);
#344=PLANE('',#4546);
#345=PLANE('',#4547);
#346=PLANE('',#4548);
#347=PLANE('',#4549);
#348=PLANE('',#4550);
#349=PLANE('',#4567);
#350=PLANE('',#4568);
#351=PLANE('',#4569);
#352=PLANE('',#4575);
#353=PLANE('',#4576);
#354=PLANE('',#4613);
#355=PLANE('',#4620);
#356=PLANE('',#4629);
#357=PLANE('',#4653);
#358=PLANE('',#4656);
#359=PLANE('',#4659);
#360=PLANE('',#4682);
#361=PLANE('',#4683);
#362=PLANE('',#4684);
#363=PLANE('',#4688);
#364=FACE_OUTER_BOUND('',#583,.T.);
#365=FACE_OUTER_BOUND('',#584,.T.);
#366=FACE_OUTER_BOUND('',#586,.T.);
#367=FACE_OUTER_BOUND('',#587,.T.);
#368=FACE_OUTER_BOUND('',#588,.T.);
#369=FACE_OUTER_BOUND('',#589,.T.);
#370=FACE_OUTER_BOUND('',#590,.T.);
#371=FACE_OUTER_BOUND('',#591,.T.);
#372=FACE_OUTER_BOUND('',#592,.T.);
#373=FACE_OUTER_BOUND('',#593,.T.);
#374=FACE_OUTER_BOUND('',#594,.T.);
#375=FACE_OUTER_BOUND('',#595,.T.);
#376=FACE_OUTER_BOUND('',#596,.T.);
#377=FACE_OUTER_BOUND('',#597,.T.);
#378=FACE_OUTER_BOUND('',#598,.T.);
#379=FACE_OUTER_BOUND('',#599,.T.);
#380=FACE_OUTER_BOUND('',#600,.T.);
#381=FACE_OUTER_BOUND('',#601,.T.);
#382=FACE_OUTER_BOUND('',#602,.T.);
#383=FACE_OUTER_BOUND('',#603,.T.);
#384=FACE_OUTER_BOUND('',#604,.T.);
#385=FACE_OUTER_BOUND('',#605,.T.);
#386=FACE_OUTER_BOUND('',#606,.T.);
#387=FACE_OUTER_BOUND('',#607,.T.);
#388=FACE_OUTER_BOUND('',#608,.T.);
#389=FACE_OUTER_BOUND('',#609,.T.);
#390=FACE_OUTER_BOUND('',#610,.T.);
#391=FACE_OUTER_BOUND('',#611,.T.);
#392=FACE_OUTER_BOUND('',#612,.T.);
#393=FACE_OUTER_BOUND('',#613,.T.);
#394=FACE_OUTER_BOUND('',#614,.T.);
#395=FACE_OUTER_BOUND('',#615,.T.);
#396=FACE_OUTER_BOUND('',#616,.T.);
#397=FACE_OUTER_BOUND('',#617,.T.);
#398=FACE_OUTER_BOUND('',#618,.T.);
#399=FACE_OUTER_BOUND('',#619,.T.);
#400=FACE_OUTER_BOUND('',#620,.T.);
#401=FACE_OUTER_BOUND('',#621,.T.);
#402=FACE_OUTER_BOUND('',#622,.T.);
#403=FACE_OUTER_BOUND('',#623,.T.);
#404=FACE_OUTER_BOUND('',#624,.T.);
#405=FACE_OUTER_BOUND('',#625,.T.);
#406=FACE_OUTER_BOUND('',#626,.T.);
#407=FACE_OUTER_BOUND('',#627,.T.);
#408=FACE_OUTER_BOUND('',#628,.T.);
#409=FACE_OUTER_BOUND('',#629,.T.);
#410=FACE_OUTER_BOUND('',#630,.T.);
#411=FACE_OUTER_BOUND('',#631,.T.);
#412=FACE_OUTER_BOUND('',#632,.T.);
#413=FACE_OUTER_BOUND('',#633,.T.);
#414=FACE_OUTER_BOUND('',#634,.T.);
#415=FACE_OUTER_BOUND('',#635,.T.);
#416=FACE_OUTER_BOUND('',#636,.T.);
#417=FACE_OUTER_BOUND('',#637,.T.);
#418=FACE_OUTER_BOUND('',#638,.T.);
#419=FACE_OUTER_BOUND('',#639,.T.);
#420=FACE_OUTER_BOUND('',#640,.T.);
#421=FACE_OUTER_BOUND('',#641,.T.);
#422=FACE_OUTER_BOUND('',#642,.T.);
#423=FACE_OUTER_BOUND('',#643,.T.);
#424=FACE_OUTER_BOUND('',#644,.T.);
#425=FACE_OUTER_BOUND('',#645,.T.);
#426=FACE_OUTER_BOUND('',#647,.T.);
#427=FACE_OUTER_BOUND('',#648,.T.);
#428=FACE_OUTER_BOUND('',#649,.T.);
#429=FACE_OUTER_BOUND('',#650,.T.);
#430=FACE_OUTER_BOUND('',#651,.T.);
#431=FACE_OUTER_BOUND('',#652,.T.);
#432=FACE_OUTER_BOUND('',#653,.T.);
#433=FACE_OUTER_BOUND('',#654,.T.);
#434=FACE_OUTER_BOUND('',#655,.T.);
#435=FACE_OUTER_BOUND('',#656,.T.);
#436=FACE_OUTER_BOUND('',#657,.T.);
#437=FACE_OUTER_BOUND('',#658,.T.);
#438=FACE_OUTER_BOUND('',#659,.T.);
#439=FACE_OUTER_BOUND('',#660,.T.);
#440=FACE_OUTER_BOUND('',#661,.T.);
#441=FACE_OUTER_BOUND('',#662,.T.);
#442=FACE_OUTER_BOUND('',#663,.T.);
#443=FACE_OUTER_BOUND('',#664,.T.);
#444=FACE_OUTER_BOUND('',#665,.T.);
#445=FACE_OUTER_BOUND('',#666,.T.);
#446=FACE_OUTER_BOUND('',#667,.T.);
#447=FACE_OUTER_BOUND('',#668,.T.);
#448=FACE_OUTER_BOUND('',#669,.T.);
#449=FACE_OUTER_BOUND('',#670,.T.);
#450=FACE_OUTER_BOUND('',#671,.T.);
#451=FACE_OUTER_BOUND('',#672,.T.);
#452=FACE_OUTER_BOUND('',#673,.T.);
#453=FACE_OUTER_BOUND('',#674,.T.);
#454=FACE_OUTER_BOUND('',#675,.T.);
#455=FACE_OUTER_BOUND('',#676,.T.);
#456=FACE_OUTER_BOUND('',#677,.T.);
#457=FACE_OUTER_BOUND('',#678,.T.);
#458=FACE_OUTER_BOUND('',#679,.T.);
#459=FACE_OUTER_BOUND('',#680,.T.);
#460=FACE_OUTER_BOUND('',#681,.T.);
#461=FACE_OUTER_BOUND('',#682,.T.);
#462=FACE_OUTER_BOUND('',#683,.T.);
#463=FACE_OUTER_BOUND('',#684,.T.);
#464=FACE_OUTER_BOUND('',#685,.T.);
#465=FACE_OUTER_BOUND('',#686,.T.);
#466=FACE_OUTER_BOUND('',#687,.T.);
#467=FACE_OUTER_BOUND('',#688,.T.);
#468=FACE_OUTER_BOUND('',#689,.T.);
#469=FACE_OUTER_BOUND('',#690,.T.);
#470=FACE_OUTER_BOUND('',#691,.T.);
#471=FACE_OUTER_BOUND('',#692,.T.);
#472=FACE_OUTER_BOUND('',#693,.T.);
#473=FACE_OUTER_BOUND('',#694,.T.);
#474=FACE_OUTER_BOUND('',#695,.T.);
#475=FACE_OUTER_BOUND('',#696,.T.);
#476=FACE_OUTER_BOUND('',#697,.T.);
#477=FACE_OUTER_BOUND('',#698,.T.);
#478=FACE_OUTER_BOUND('',#699,.T.);
#479=FACE_OUTER_BOUND('',#700,.T.);
#480=FACE_OUTER_BOUND('',#701,.T.);
#481=FACE_OUTER_BOUND('',#702,.T.);
#482=FACE_OUTER_BOUND('',#703,.T.);
#483=FACE_OUTER_BOUND('',#704,.T.);
#484=FACE_OUTER_BOUND('',#705,.T.);
#485=FACE_OUTER_BOUND('',#706,.T.);
#486=FACE_OUTER_BOUND('',#707,.T.);
#487=FACE_OUTER_BOUND('',#708,.T.);
#488=FACE_OUTER_BOUND('',#709,.T.);
#489=FACE_OUTER_BOUND('',#710,.T.);
#490=FACE_OUTER_BOUND('',#711,.T.);
#491=FACE_OUTER_BOUND('',#712,.T.);
#492=FACE_OUTER_BOUND('',#713,.T.);
#493=FACE_OUTER_BOUND('',#714,.T.);
#494=FACE_OUTER_BOUND('',#715,.T.);
#495=FACE_OUTER_BOUND('',#716,.T.);
#496=FACE_OUTER_BOUND('',#717,.T.);
#497=FACE_OUTER_BOUND('',#718,.T.);
#498=FACE_OUTER_BOUND('',#719,.T.);
#499=FACE_OUTER_BOUND('',#720,.T.);
#500=FACE_OUTER_BOUND('',#721,.T.);
#501=FACE_OUTER_BOUND('',#722,.T.);
#502=FACE_OUTER_BOUND('',#723,.T.);
#503=FACE_OUTER_BOUND('',#724,.T.);
#504=FACE_OUTER_BOUND('',#725,.T.);
#505=FACE_OUTER_BOUND('',#726,.T.);
#506=FACE_OUTER_BOUND('',#727,.T.);
#507=FACE_OUTER_BOUND('',#728,.T.);
#508=FACE_OUTER_BOUND('',#729,.T.);
#509=FACE_OUTER_BOUND('',#730,.T.);
#510=FACE_OUTER_BOUND('',#731,.T.);
#511=FACE_OUTER_BOUND('',#732,.T.);
#512=FACE_OUTER_BOUND('',#733,.T.);
#513=FACE_OUTER_BOUND('',#734,.T.);
#514=FACE_OUTER_BOUND('',#735,.T.);
#515=FACE_OUTER_BOUND('',#736,.T.);
#516=FACE_OUTER_BOUND('',#737,.T.);
#517=FACE_OUTER_BOUND('',#738,.T.);
#518=FACE_OUTER_BOUND('',#739,.T.);
#519=FACE_OUTER_BOUND('',#740,.T.);
#520=FACE_OUTER_BOUND('',#741,.T.);
#521=FACE_OUTER_BOUND('',#742,.T.);
#522=FACE_OUTER_BOUND('',#743,.T.);
#523=FACE_OUTER_BOUND('',#744,.T.);
#524=FACE_OUTER_BOUND('',#745,.T.);
#525=FACE_OUTER_BOUND('',#746,.T.);
#526=FACE_OUTER_BOUND('',#747,.T.);
#527=FACE_OUTER_BOUND('',#748,.T.);
#528=FACE_OUTER_BOUND('',#749,.T.);
#529=FACE_OUTER_BOUND('',#750,.T.);
#530=FACE_OUTER_BOUND('',#751,.T.);
#531=FACE_OUTER_BOUND('',#752,.T.);
#532=FACE_OUTER_BOUND('',#753,.T.);
#533=FACE_OUTER_BOUND('',#754,.T.);
#534=FACE_OUTER_BOUND('',#755,.T.);
#535=FACE_OUTER_BOUND('',#756,.T.);
#536=FACE_OUTER_BOUND('',#757,.T.);
#537=FACE_OUTER_BOUND('',#758,.T.);
#538=FACE_OUTER_BOUND('',#759,.T.);
#539=FACE_OUTER_BOUND('',#760,.T.);
#540=FACE_OUTER_BOUND('',#761,.T.);
#541=FACE_OUTER_BOUND('',#762,.T.);
#542=FACE_OUTER_BOUND('',#763,.T.);
#543=FACE_OUTER_BOUND('',#764,.T.);
#544=FACE_OUTER_BOUND('',#765,.T.);
#545=FACE_OUTER_BOUND('',#766,.T.);
#546=FACE_OUTER_BOUND('',#767,.T.);
#547=FACE_OUTER_BOUND('',#768,.T.);
#548=FACE_OUTER_BOUND('',#769,.T.);
#549=FACE_OUTER_BOUND('',#770,.T.);
#550=FACE_OUTER_BOUND('',#772,.T.);
#551=FACE_OUTER_BOUND('',#773,.T.);
#552=FACE_OUTER_BOUND('',#775,.T.);
#553=FACE_OUTER_BOUND('',#776,.T.);
#554=FACE_OUTER_BOUND('',#777,.T.);
#555=FACE_OUTER_BOUND('',#779,.T.);
#556=FACE_OUTER_BOUND('',#780,.T.);
#557=FACE_OUTER_BOUND('',#781,.T.);
#558=FACE_OUTER_BOUND('',#782,.T.);
#559=FACE_OUTER_BOUND('',#783,.T.);
#560=FACE_OUTER_BOUND('',#784,.T.);
#561=FACE_OUTER_BOUND('',#785,.T.);
#562=FACE_OUTER_BOUND('',#786,.T.);
#563=FACE_OUTER_BOUND('',#788,.T.);
#564=FACE_OUTER_BOUND('',#789,.T.);
#565=FACE_OUTER_BOUND('',#791,.T.);
#566=FACE_OUTER_BOUND('',#792,.T.);
#567=FACE_OUTER_BOUND('',#794,.T.);
#568=FACE_OUTER_BOUND('',#795,.T.);
#569=FACE_OUTER_BOUND('',#796,.T.);
#570=FACE_OUTER_BOUND('',#797,.T.);
#571=FACE_OUTER_BOUND('',#798,.T.);
#572=FACE_OUTER_BOUND('',#799,.T.);
#573=FACE_OUTER_BOUND('',#800,.T.);
#574=FACE_OUTER_BOUND('',#801,.T.);
#575=FACE_OUTER_BOUND('',#802,.T.);
#576=FACE_OUTER_BOUND('',#803,.T.);
#577=FACE_OUTER_BOUND('',#804,.T.);
#578=FACE_OUTER_BOUND('',#806,.T.);
#579=FACE_OUTER_BOUND('',#808,.T.);
#580=FACE_OUTER_BOUND('',#809,.T.);
#581=FACE_OUTER_BOUND('',#810,.T.);
#582=FACE_OUTER_BOUND('',#811,.T.);
#583=EDGE_LOOP('',(#2493,#2494,#2495,#2496));
#584=EDGE_LOOP('',(#2497));
#585=EDGE_LOOP('',(#2498,#2499,#2500,#2501,#2502,#2503,#2504,#2505,#2506,
#2507,#2508,#2509,#2510,#2511,#2512,#2513,#2514,#2515,#2516,#2517,#2518,
#2519,#2520,#2521,#2522,#2523,#2524,#2525,#2526,#2527));
#586=EDGE_LOOP('',(#2528,#2529,#2530,#2531));
#587=EDGE_LOOP('',(#2532,#2533,#2534,#2535));
#588=EDGE_LOOP('',(#2536,#2537,#2538,#2539,#2540,#2541,#2542,#2543,#2544));
#589=EDGE_LOOP('',(#2545,#2546,#2547,#2548));
#590=EDGE_LOOP('',(#2549,#2550,#2551,#2552,#2553,#2554,#2555,#2556,#2557));
#591=EDGE_LOOP('',(#2558,#2559,#2560,#2561,#2562,#2563,#2564,#2565,#2566));
#592=EDGE_LOOP('',(#2567,#2568,#2569,#2570));
#593=EDGE_LOOP('',(#2571,#2572,#2573,#2574));
#594=EDGE_LOOP('',(#2575,#2576,#2577,#2578));
#595=EDGE_LOOP('',(#2579,#2580,#2581,#2582,#2583,#2584,#2585,#2586,#2587));
#596=EDGE_LOOP('',(#2588,#2589,#2590,#2591));
#597=EDGE_LOOP('',(#2592,#2593,#2594,#2595));
#598=EDGE_LOOP('',(#2596,#2597,#2598,#2599,#2600));
#599=EDGE_LOOP('',(#2601,#2602,#2603,#2604));
#600=EDGE_LOOP('',(#2605,#2606,#2607,#2608));
#601=EDGE_LOOP('',(#2609,#2610,#2611,#2612));
#602=EDGE_LOOP('',(#2613,#2614,#2615,#2616));
#603=EDGE_LOOP('',(#2617,#2618,#2619,#2620,#2621,#2622,#2623,#2624,#2625));
#604=EDGE_LOOP('',(#2626,#2627,#2628,#2629));
#605=EDGE_LOOP('',(#2630,#2631,#2632,#2633));
#606=EDGE_LOOP('',(#2634,#2635,#2636,#2637));
#607=EDGE_LOOP('',(#2638,#2639,#2640,#2641));
#608=EDGE_LOOP('',(#2642,#2643,#2644,#2645));
#609=EDGE_LOOP('',(#2646,#2647,#2648,#2649,#2650,#2651,#2652,#2653,#2654));
#610=EDGE_LOOP('',(#2655,#2656,#2657,#2658));
#611=EDGE_LOOP('',(#2659,#2660,#2661,#2662,#2663,#2664,#2665,#2666,#2667));
#612=EDGE_LOOP('',(#2668,#2669,#2670,#2671));
#613=EDGE_LOOP('',(#2672,#2673,#2674,#2675,#2676,#2677,#2678,#2679,#2680));
#614=EDGE_LOOP('',(#2681,#2682,#2683,#2684));
#615=EDGE_LOOP('',(#2685,#2686,#2687,#2688));
#616=EDGE_LOOP('',(#2689,#2690,#2691,#2692));
#617=EDGE_LOOP('',(#2693,#2694,#2695,#2696));
#618=EDGE_LOOP('',(#2697,#2698,#2699,#2700));
#619=EDGE_LOOP('',(#2701,#2702,#2703,#2704));
#620=EDGE_LOOP('',(#2705,#2706,#2707,#2708));
#621=EDGE_LOOP('',(#2709,#2710,#2711,#2712));
#622=EDGE_LOOP('',(#2713,#2714,#2715,#2716));
#623=EDGE_LOOP('',(#2717,#2718,#2719,#2720));
#624=EDGE_LOOP('',(#2721,#2722,#2723,#2724,#2725,#2726,#2727,#2728,#2729,
#2730));
#625=EDGE_LOOP('',(#2731,#2732,#2733,#2734,#2735,#2736,#2737,#2738,#2739));
#626=EDGE_LOOP('',(#2740,#2741,#2742,#2743,#2744,#2745,#2746,#2747,#2748,
#2749));
#627=EDGE_LOOP('',(#2750,#2751,#2752,#2753,#2754,#2755,#2756,#2757,#2758));
#628=EDGE_LOOP('',(#2759,#2760,#2761,#2762,#2763,#2764,#2765,#2766,#2767,
#2768));
#629=EDGE_LOOP('',(#2769,#2770,#2771,#2772,#2773,#2774,#2775,#2776,#2777,
#2778));
#630=EDGE_LOOP('',(#2779,#2780));
#631=EDGE_LOOP('',(#2781,#2782));
#632=EDGE_LOOP('',(#2783,#2784));
#633=EDGE_LOOP('',(#2785,#2786,#2787,#2788,#2789,#2790,#2791,#2792,#2793,
#2794,#2795,#2796,#2797,#2798,#2799,#2800,#2801,#2802,#2803,#2804,#2805,
#2806,#2807,#2808,#2809,#2810,#2811,#2812,#2813,#2814,#2815,#2816,#2817,
#2818,#2819));
#634=EDGE_LOOP('',(#2820,#2821));
#635=EDGE_LOOP('',(#2822,#2823));
#636=EDGE_LOOP('',(#2824,#2825));
#637=EDGE_LOOP('',(#2826,#2827));
#638=EDGE_LOOP('',(#2828,#2829,#2830,#2831));
#639=EDGE_LOOP('',(#2832,#2833,#2834,#2835));
#640=EDGE_LOOP('',(#2836,#2837,#2838,#2839));
#641=EDGE_LOOP('',(#2840,#2841,#2842,#2843));
#642=EDGE_LOOP('',(#2844,#2845,#2846,#2847,#2848,#2849,#2850,#2851,#2852,
#2853));
#643=EDGE_LOOP('',(#2854,#2855));
#644=EDGE_LOOP('',(#2856,#2857));
#645=EDGE_LOOP('',(#2858));
#646=EDGE_LOOP('',(#2859,#2860));
#647=EDGE_LOOP('',(#2861,#2862,#2863,#2864));
#648=EDGE_LOOP('',(#2865,#2866));
#649=EDGE_LOOP('',(#2867,#2868,#2869,#2870,#2871));
#650=EDGE_LOOP('',(#2872));
#651=EDGE_LOOP('',(#2873));
#652=EDGE_LOOP('',(#2874,#2875,#2876,#2877,#2878));
#653=EDGE_LOOP('',(#2879,#2880,#2881,#2882,#2883,#2884,#2885,#2886,#2887,
#2888,#2889,#2890,#2891,#2892,#2893,#2894,#2895,#2896,#2897,#2898,#2899,
#2900,#2901,#2902,#2903));
#654=EDGE_LOOP('',(#2904,#2905,#2906,#2907,#2908,#2909));
#655=EDGE_LOOP('',(#2910,#2911,#2912,#2913));
#656=EDGE_LOOP('',(#2914,#2915,#2916,#2917));
#657=EDGE_LOOP('',(#2918,#2919,#2920,#2921));
#658=EDGE_LOOP('',(#2922,#2923,#2924,#2925,#2926,#2927));
#659=EDGE_LOOP('',(#2928,#2929,#2930,#2931));
#660=EDGE_LOOP('',(#2932,#2933,#2934,#2935));
#661=EDGE_LOOP('',(#2936,#2937,#2938,#2939,#2940,#2941,#2942,#2943,#2944,
#2945,#2946,#2947,#2948,#2949,#2950));
#662=EDGE_LOOP('',(#2951,#2952,#2953,#2954));
#663=EDGE_LOOP('',(#2955,#2956,#2957,#2958));
#664=EDGE_LOOP('',(#2959,#2960,#2961,#2962,#2963,#2964,#2965,#2966,#2967,
#2968,#2969,#2970,#2971,#2972,#2973,#2974,#2975,#2976,#2977,#2978,#2979,
#2980,#2981,#2982,#2983));
#665=EDGE_LOOP('',(#2984,#2985,#2986,#2987));
#666=EDGE_LOOP('',(#2988,#2989,#2990,#2991));
#667=EDGE_LOOP('',(#2992,#2993,#2994,#2995));
#668=EDGE_LOOP('',(#2996,#2997,#2998,#2999));
#669=EDGE_LOOP('',(#3000,#3001,#3002,#3003,#3004,#3005,#3006,#3007,#3008,
#3009,#3010,#3011,#3012,#3013,#3014,#3015));
#670=EDGE_LOOP('',(#3016,#3017,#3018));
#671=EDGE_LOOP('',(#3019,#3020,#3021));
#672=EDGE_LOOP('',(#3022,#3023,#3024,#3025,#3026,#3027));
#673=EDGE_LOOP('',(#3028,#3029,#3030,#3031,#3032,#3033,#3034,#3035,#3036,
#3037,#3038,#3039,#3040,#3041,#3042,#3043));
#674=EDGE_LOOP('',(#3044,#3045,#3046));
#675=EDGE_LOOP('',(#3047,#3048,#3049));
#676=EDGE_LOOP('',(#3050,#3051,#3052,#3053));
#677=EDGE_LOOP('',(#3054,#3055,#3056,#3057));
#678=EDGE_LOOP('',(#3058,#3059,#3060,#3061));
#679=EDGE_LOOP('',(#3062,#3063,#3064,#3065));
#680=EDGE_LOOP('',(#3066,#3067,#3068,#3069));
#681=EDGE_LOOP('',(#3070,#3071,#3072,#3073));
#682=EDGE_LOOP('',(#3074,#3075,#3076,#3077));
#683=EDGE_LOOP('',(#3078,#3079,#3080,#3081));
#684=EDGE_LOOP('',(#3082,#3083,#3084,#3085));
#685=EDGE_LOOP('',(#3086,#3087,#3088,#3089));
#686=EDGE_LOOP('',(#3090,#3091,#3092));
#687=EDGE_LOOP('',(#3093,#3094,#3095));
#688=EDGE_LOOP('',(#3096,#3097,#3098,#3099,#3100,#3101));
#689=EDGE_LOOP('',(#3102,#3103,#3104));
#690=EDGE_LOOP('',(#3105,#3106,#3107));
#691=EDGE_LOOP('',(#3108,#3109,#3110,#3111));
#692=EDGE_LOOP('',(#3112,#3113,#3114,#3115));
#693=EDGE_LOOP('',(#3116,#3117,#3118,#3119));
#694=EDGE_LOOP('',(#3120,#3121,#3122,#3123));
#695=EDGE_LOOP('',(#3124,#3125,#3126,#3127,#3128,#3129));
#696=EDGE_LOOP('',(#3130,#3131,#3132,#3133));
#697=EDGE_LOOP('',(#3134,#3135,#3136,#3137));
#698=EDGE_LOOP('',(#3138,#3139,#3140,#3141));
#699=EDGE_LOOP('',(#3142,#3143,#3144,#3145));
#700=EDGE_LOOP('',(#3146,#3147,#3148,#3149));
#701=EDGE_LOOP('',(#3150,#3151,#3152,#3153));
#702=EDGE_LOOP('',(#3154,#3155,#3156,#3157,#3158,#3159,#3160,#3161,#3162,
#3163,#3164,#3165,#3166,#3167,#3168,#3169));
#703=EDGE_LOOP('',(#3170,#3171,#3172));
#704=EDGE_LOOP('',(#3173,#3174,#3175));
#705=EDGE_LOOP('',(#3176,#3177,#3178));
#706=EDGE_LOOP('',(#3179,#3180,#3181));
#707=EDGE_LOOP('',(#3182,#3183,#3184,#3185));
#708=EDGE_LOOP('',(#3186,#3187,#3188,#3189));
#709=EDGE_LOOP('',(#3190,#3191,#3192,#3193));
#710=EDGE_LOOP('',(#3194,#3195,#3196,#3197));
#711=EDGE_LOOP('',(#3198,#3199,#3200,#3201));
#712=EDGE_LOOP('',(#3202,#3203,#3204,#3205));
#713=EDGE_LOOP('',(#3206,#3207,#3208,#3209));
#714=EDGE_LOOP('',(#3210,#3211,#3212,#3213));
#715=EDGE_LOOP('',(#3214,#3215,#3216,#3217));
#716=EDGE_LOOP('',(#3218,#3219,#3220,#3221));
#717=EDGE_LOOP('',(#3222,#3223,#3224));
#718=EDGE_LOOP('',(#3225,#3226,#3227));
#719=EDGE_LOOP('',(#3228,#3229,#3230,#3231,#3232,#3233));
#720=EDGE_LOOP('',(#3234,#3235,#3236));
#721=EDGE_LOOP('',(#3237,#3238,#3239));
#722=EDGE_LOOP('',(#3240,#3241,#3242,#3243));
#723=EDGE_LOOP('',(#3244,#3245,#3246,#3247));
#724=EDGE_LOOP('',(#3248,#3249,#3250,#3251));
#725=EDGE_LOOP('',(#3252,#3253,#3254,#3255));
#726=EDGE_LOOP('',(#3256,#3257,#3258,#3259));
#727=EDGE_LOOP('',(#3260,#3261,#3262,#3263));
#728=EDGE_LOOP('',(#3264,#3265,#3266,#3267));
#729=EDGE_LOOP('',(#3268,#3269,#3270,#3271));
#730=EDGE_LOOP('',(#3272,#3273,#3274,#3275));
#731=EDGE_LOOP('',(#3276,#3277,#3278,#3279));
#732=EDGE_LOOP('',(#3280,#3281,#3282,#3283));
#733=EDGE_LOOP('',(#3284,#3285,#3286,#3287,#3288,#3289,#3290,#3291,#3292,
#3293,#3294,#3295,#3296,#3297,#3298,#3299));
#734=EDGE_LOOP('',(#3300,#3301,#3302));
#735=EDGE_LOOP('',(#3303,#3304,#3305));
#736=EDGE_LOOP('',(#3306,#3307,#3308,#3309,#3310,#3311));
#737=EDGE_LOOP('',(#3312,#3313,#3314,#3315,#3316,#3317,#3318,#3319,#3320,
#3321,#3322,#3323,#3324,#3325,#3326,#3327));
#738=EDGE_LOOP('',(#3328,#3329,#3330));
#739=EDGE_LOOP('',(#3331,#3332,#3333));
#740=EDGE_LOOP('',(#3334,#3335,#3336,#3337,#3338));
#741=EDGE_LOOP('',(#3339,#3340,#3341,#3342));
#742=EDGE_LOOP('',(#3343,#3344,#3345,#3346));
#743=EDGE_LOOP('',(#3347,#3348,#3349,#3350,#3351,#3352));
#744=EDGE_LOOP('',(#3353,#3354,#3355,#3356));
#745=EDGE_LOOP('',(#3357,#3358,#3359,#3360));
#746=EDGE_LOOP('',(#3361,#3362,#3363,#3364));
#747=EDGE_LOOP('',(#3365,#3366,#3367,#3368));
#748=EDGE_LOOP('',(#3369,#3370,#3371,#3372));
#749=EDGE_LOOP('',(#3373,#3374,#3375,#3376));
#750=EDGE_LOOP('',(#3377,#3378,#3379,#3380,#3381,#3382,#3383,#3384,#3385,
#3386,#3387,#3388,#3389,#3390,#3391,#3392));
#751=EDGE_LOOP('',(#3393,#3394,#3395,#3396,#3397,#3398,#3399,#3400,#3401,
#3402,#3403,#3404,#3405,#3406,#3407,#3408));
#752=EDGE_LOOP('',(#3409,#3410,#3411,#3412,#3413,#3414,#3415,#3416,#3417,
#3418,#3419,#3420,#3421,#3422,#3423,#3424));
#753=EDGE_LOOP('',(#3425,#3426,#3427,#3428));
#754=EDGE_LOOP('',(#3429,#3430,#3431,#3432));
#755=EDGE_LOOP('',(#3433,#3434,#3435,#3436,#3437,#3438,#3439,#3440,#3441,
#3442,#3443,#3444,#3445,#3446,#3447,#3448));
#756=EDGE_LOOP('',(#3449,#3450,#3451,#3452,#3453,#3454,#3455,#3456,#3457,
#3458,#3459,#3460,#3461,#3462,#3463,#3464));
#757=EDGE_LOOP('',(#3465,#3466,#3467,#3468));
#758=EDGE_LOOP('',(#3469,#3470,#3471,#3472));
#759=EDGE_LOOP('',(#3473,#3474,#3475,#3476));
#760=EDGE_LOOP('',(#3477,#3478,#3479,#3480));
#761=EDGE_LOOP('',(#3481,#3482,#3483,#3484,#3485));
#762=EDGE_LOOP('',(#3486,#3487,#3488,#3489));
#763=EDGE_LOOP('',(#3490,#3491,#3492,#3493,#3494,#3495));
#764=EDGE_LOOP('',(#3496,#3497,#3498,#3499,#3500,#3501));
#765=EDGE_LOOP('',(#3502,#3503,#3504,#3505,#3506,#3507));
#766=EDGE_LOOP('',(#3508,#3509,#3510,#3511,#3512,#3513));
#767=EDGE_LOOP('',(#3514,#3515,#3516,#3517,#3518,#3519));
#768=EDGE_LOOP('',(#3520,#3521,#3522,#3523,#3524,#3525));
#769=EDGE_LOOP('',(#3526,#3527,#3528,#3529,#3530));
#770=EDGE_LOOP('',(#3531));
#771=EDGE_LOOP('',(#3532));
#772=EDGE_LOOP('',(#3533,#3534,#3535,#3536,#3537));
#773=EDGE_LOOP('',(#3538));
#774=EDGE_LOOP('',(#3539,#3540));
#775=EDGE_LOOP('',(#3541,#3542,#3543,#3544,#3545));
#776=EDGE_LOOP('',(#3546,#3547,#3548,#3549,#3550,#3551));
#777=EDGE_LOOP('',(#3552,#3553));
#778=EDGE_LOOP('',(#3554,#3555));
#779=EDGE_LOOP('',(#3556,#3557,#3558,#3559,#3560));
#780=EDGE_LOOP('',(#3561,#3562,#3563,#3564,#3565));
#781=EDGE_LOOP('',(#3566,#3567,#3568,#3569,#3570));
#782=EDGE_LOOP('',(#3571,#3572,#3573,#3574));
#783=EDGE_LOOP('',(#3575,#3576,#3577,#3578));
#784=EDGE_LOOP('',(#3579,#3580,#3581,#3582));
#785=EDGE_LOOP('',(#3583,#3584,#3585,#3586,#3587,#3588,#3589,#3590,#3591,
#3592,#3593,#3594,#3595,#3596,#3597,#3598,#3599,#3600,#3601,#3602,#3603,
#3604,#3605,#3606,#3607));
#786=EDGE_LOOP('',(#3608));
#787=EDGE_LOOP('',(#3609));
#788=EDGE_LOOP('',(#3610,#3611,#3612,#3613));
#789=EDGE_LOOP('',(#3614));
#790=EDGE_LOOP('',(#3615));
#791=EDGE_LOOP('',(#3616,#3617,#3618,#3619));
#792=EDGE_LOOP('',(#3620));
#793=EDGE_LOOP('',(#3621));
#794=EDGE_LOOP('',(#3622,#3623,#3624,#3625));
#795=EDGE_LOOP('',(#3626,#3627,#3628,#3629,#3630,#3631));
#796=EDGE_LOOP('',(#3632,#3633,#3634,#3635,#3636,#3637,#3638,#3639,#3640,
#3641,#3642,#3643,#3644,#3645,#3646,#3647,#3648,#3649,#3650,#3651,#3652,
#3653,#3654,#3655));
#797=EDGE_LOOP('',(#3656,#3657,#3658,#3659));
#798=EDGE_LOOP('',(#3660,#3661,#3662,#3663));
#799=EDGE_LOOP('',(#3664,#3665,#3666,#3667));
#800=EDGE_LOOP('',(#3668,#3669,#3670,#3671,#3672,#3673));
#801=EDGE_LOOP('',(#3674,#3675,#3676,#3677,#3678,#3679,#3680,#3681,#3682,
#3683,#3684,#3685,#3686,#3687,#3688,#3689,#3690,#3691,#3692,#3693,#3694,
#3695,#3696,#3697));
#802=EDGE_LOOP('',(#3698,#3699,#3700,#3701));
#803=EDGE_LOOP('',(#3702,#3703,#3704,#3705,#3706,#3707));
#804=EDGE_LOOP('',(#3708,#3709));
#805=EDGE_LOOP('',(#3710));
#806=EDGE_LOOP('',(#3711,#3712));
#807=EDGE_LOOP('',(#3713));
#808=EDGE_LOOP('',(#3714));
#809=EDGE_LOOP('',(#3715,#3716,#3717,#3718,#3719,#3720));
#810=EDGE_LOOP('',(#3721));
#811=EDGE_LOOP('',(#3722,#3723,#3724,#3725,#3726));
#812=CIRCLE('',#4241,6.79999999999997);
#813=CIRCLE('',#4242,6.79999999999997);
#814=CIRCLE('',#4244,8.9);
#815=CIRCLE('',#4245,7.09999999999997);
#816=CIRCLE('',#4246,6.79999999999997);
#817=CIRCLE('',#4247,7.09999999999997);
#818=CIRCLE('',#4248,6.79999999999997);
#819=CIRCLE('',#4249,7.09999999999997);
#820=CIRCLE('',#4250,6.79999999999997);
#821=CIRCLE('',#4251,7.09999999999997);
#822=CIRCLE('',#4252,6.79999999999997);
#823=CIRCLE('',#4253,7.09999999999997);
#824=CIRCLE('',#4255,6.79999999999997);
#825=CIRCLE('',#4257,6.79999999999997);
#826=CIRCLE('',#4260,6.79999999999997);
#827=CIRCLE('',#4264,6.79999999999997);
#828=CIRCLE('',#4266,6.875);
#829=CIRCLE('',#4267,7.1460986158981);
#830=CIRCLE('',#4269,6.875);
#831=CIRCLE('',#4272,7.1460986158981);
#832=CIRCLE('',#4273,6.875);
#833=CIRCLE('',#4275,6.875);
#834=CIRCLE('',#4277,7.1460986158981);
#835=CIRCLE('',#4278,7.1460986158981);
#836=CIRCLE('',#4279,6.875);
#837=CIRCLE('',#4281,6.875);
#838=CIRCLE('',#4283,7.1460986158981);
#839=CIRCLE('',#4284,6.875);
#840=CIRCLE('',#4286,6.875);
#841=CIRCLE('',#4288,7.1460986158981);
#842=CIRCLE('',#4289,6.875);
#843=CIRCLE('',#4292,6.875);
#844=CIRCLE('',#4294,8.9);
#845=CIRCLE('',#4296,5.1);
#846=CIRCLE('',#4298,5.1);
#847=CIRCLE('',#4302,5.1);
#848=CIRCLE('',#4305,5.1);
#849=CIRCLE('',#4308,5.1);
#850=CIRCLE('',#4310,5.1);
#851=CIRCLE('',#4312,5.1);
#852=CIRCLE('',#4314,5.1);
#853=CIRCLE('',#4316,5.1);
#854=CIRCLE('',#4318,5.1);
#855=CIRCLE('',#4333,7.575);
#856=CIRCLE('',#4334,7.1460986158981);
#857=CIRCLE('',#4335,7.1460986158981);
#858=CIRCLE('',#4336,7.1460986158981);
#859=CIRCLE('',#4337,7.1460986158981);
#860=CIRCLE('',#4338,7.1460986158981);
#861=CIRCLE('',#4339,7.575);
#862=CIRCLE('',#4341,7.075);
#863=CIRCLE('',#4343,7.075);
#864=CIRCLE('',#4345,7.075);
#865=CIRCLE('',#4347,7.075);
#866=CIRCLE('',#4354,7.075);
#867=CIRCLE('',#4360,1.65);
#868=CIRCLE('',#4361,1.65);
#869=CIRCLE('',#4362,1.20310507407265);
#870=CIRCLE('',#4365,1.65);
#871=CIRCLE('',#4368,6.82090569265353);
#872=CIRCLE('',#4369,7.55082961270969);
#873=CIRCLE('',#4370,6.82090569265353);
#874=CIRCLE('',#4371,7.55082961270969);
#875=CIRCLE('',#4372,6.82090569265353);
#876=CIRCLE('',#4373,7.55082961270969);
#877=CIRCLE('',#4374,4.96507125616183);
#878=CIRCLE('',#4375,4.96507125616183);
#879=CIRCLE('',#4376,7.55082961270969);
#880=CIRCLE('',#4377,6.82090569265353);
#881=CIRCLE('',#4378,7.55082961270969);
#882=CIRCLE('',#4379,6.82090569265353);
#883=CIRCLE('',#4380,7.55082961270969);
#884=CIRCLE('',#4382,4.91982817928295);
#885=CIRCLE('',#4383,4.91982817928295);
#886=CIRCLE('',#4385,4.81883230349436);
#887=CIRCLE('',#4386,5.57670367330672);
#888=CIRCLE('',#4388,6.29433400270948);
#889=CIRCLE('',#4389,6.56612557292477);
#890=CIRCLE('',#4391,7.80000000000004);
#891=CIRCLE('',#4393,8.05566599729049);
#892=CIRCLE('',#4394,8.05566599729049);
#893=CIRCLE('',#4395,8.15566599729053);
#894=CIRCLE('',#4396,8.15566599729053);
#895=CIRCLE('',#4398,7.93244308331187);
#896=CIRCLE('',#4399,7.93244308331187);
#897=CIRCLE('',#4401,6.95833670479967);
#898=CIRCLE('',#4403,7.93244308331187);
#899=CIRCLE('',#4404,7.93244308331187);
#900=CIRCLE('',#4405,7.93244308331187);
#901=CIRCLE('',#4406,7.93244308331187);
#902=CIRCLE('',#4407,7.93244308331187);
#903=CIRCLE('',#4408,7.93244308331187);
#904=CIRCLE('',#4409,7.93244308331187);
#905=CIRCLE('',#4410,7.93244308331187);
#906=CIRCLE('',#4411,7.93244308331187);
#907=CIRCLE('',#4412,7.93244308331187);
#908=CIRCLE('',#4414,7.80000000000004);
#909=CIRCLE('',#4416,6.69999999999997);
#910=CIRCLE('',#4417,6.69999999999997);
#911=CIRCLE('',#4419,7.);
#912=CIRCLE('',#4420,6.69999999999997);
#913=CIRCLE('',#4421,7.);
#914=CIRCLE('',#4422,6.69999999999997);
#915=CIRCLE('',#4423,7.);
#916=CIRCLE('',#4424,7.);
#917=CIRCLE('',#4425,6.69999999999997);
#918=CIRCLE('',#4426,7.);
#919=CIRCLE('',#4427,6.69999999999997);
#920=CIRCLE('',#4428,7.);
#921=CIRCLE('',#4430,6.53999999999997);
#922=CIRCLE('',#4432,6.53999999999997);
#923=CIRCLE('',#4435,5.00959878091436);
#924=CIRCLE('',#4444,4.81883230349436);
#925=CIRCLE('',#4445,5.57670367330672);
#926=CIRCLE('',#4447,6.29433400270948);
#927=CIRCLE('',#4448,6.56612557292477);
#928=CIRCLE('',#4450,7.80000000000004);
#929=CIRCLE('',#4452,7.93244308331187);
#930=CIRCLE('',#4454,6.95833670479967);
#931=CIRCLE('',#4456,7.80000000000004);
#932=CIRCLE('',#4458,6.69999999999997);
#933=CIRCLE('',#4460,6.53999999999997);
#934=CIRCLE('',#4462,6.53999999999997);
#935=CIRCLE('',#4470,6.29433400270948);
#936=CIRCLE('',#4471,6.56612557292477);
#937=CIRCLE('',#4473,7.80000000000004);
#938=CIRCLE('',#4475,7.93244308331187);
#939=CIRCLE('',#4477,6.95833670479967);
#940=CIRCLE('',#4480,7.80000000000004);
#941=CIRCLE('',#4482,4.93246515000002);
#942=CIRCLE('',#4484,6.69999999999997);
#943=CIRCLE('',#4486,6.53999999999997);
#944=CIRCLE('',#4488,6.53999999999997);
#945=CIRCLE('',#4496,4.81883230349436);
#946=CIRCLE('',#4497,5.57670367330672);
#947=CIRCLE('',#4499,6.29433400270948);
#948=CIRCLE('',#4500,6.56612557292477);
#949=CIRCLE('',#4502,7.80000000000004);
#950=CIRCLE('',#4504,7.93244308331187);
#951=CIRCLE('',#4506,6.95833670479967);
#952=CIRCLE('',#4508,7.80000000000004);
#953=CIRCLE('',#4510,6.69999999999997);
#954=CIRCLE('',#4512,6.53999999999997);
#955=CIRCLE('',#4514,6.53999999999997);
#956=CIRCLE('',#4522,4.81883230349436);
#957=CIRCLE('',#4523,5.57670367330672);
#958=CIRCLE('',#4525,6.29433400270948);
#959=CIRCLE('',#4526,6.56612557292477);
#960=CIRCLE('',#4528,7.80000000000004);
#961=CIRCLE('',#4530,7.93244308331187);
#962=CIRCLE('',#4532,6.95833670479967);
#963=CIRCLE('',#4534,7.80000000000004);
#964=CIRCLE('',#4536,6.69999999999997);
#965=CIRCLE('',#4538,6.53999999999997);
#966=CIRCLE('',#4540,6.53999999999997);
#967=CIRCLE('',#4543,5.00959878091436);
#968=CIRCLE('',#4552,5.01809020345089);
#969=CIRCLE('',#4553,5.01809020345089);
#970=CIRCLE('',#4560,5.01809020345089);
#971=CIRCLE('',#4562,5.01809020345089);
#972=CIRCLE('',#4564,4.93246515000002);
#973=CIRCLE('',#4566,4.93246515000002);
#974=CIRCLE('',#4571,4.81883230349436);
#975=CIRCLE('',#4572,5.57670367330672);
#976=CIRCLE('',#4574,4.93246515000002);
#977=CIRCLE('',#4578,4.93246515000002);
#978=CIRCLE('',#4580,5.00959878091436);
#979=CIRCLE('',#4582,5.01809020345089);
#980=CIRCLE('',#4584,5.00959878091436);
#981=CIRCLE('',#4586,5.01809020345089);
#982=CIRCLE('',#4588,5.00959878091436);
#983=CIRCLE('',#4590,1.65);
#984=CIRCLE('',#4591,2.5);
#985=CIRCLE('',#4592,2.5);
#986=CIRCLE('',#4593,1.65);
#987=CIRCLE('',#4595,2.1);
#988=CIRCLE('',#4596,1.65);
#989=CIRCLE('',#4597,1.65);
#990=CIRCLE('',#4598,2.1);
#991=CIRCLE('',#4600,2.1);
#992=CIRCLE('',#4601,2.1);
#993=CIRCLE('',#4603,2.38867513459481);
#994=CIRCLE('',#4604,2.38867513459481);
#995=CIRCLE('',#4606,2.5);
#996=CIRCLE('',#4607,2.78867513459481);
#997=CIRCLE('',#4608,2.78867513459481);
#998=CIRCLE('',#4609,2.5);
#999=CIRCLE('',#4612,1.65);
#1000=CIRCLE('',#4614,6.6485);
#1001=CIRCLE('',#4615,4.25);
#1002=CIRCLE('',#4617,6.6485);
#1003=CIRCLE('',#4618,6.6485);
#1004=CIRCLE('',#4619,6.6485);
#1005=CIRCLE('',#4621,5.253);
#1006=CIRCLE('',#4623,3.70300000000001);
#1007=CIRCLE('',#4625,4.93246515000002);
#1008=CIRCLE('',#4626,4.93246515000002);
#1009=CIRCLE('',#4627,4.6437900154052);
#1010=CIRCLE('',#4628,4.6437900154052);
#1011=CIRCLE('',#4631,5.075);
#1012=CIRCLE('',#4632,5.075);
#1013=CIRCLE('',#4633,5.075);
#1014=CIRCLE('',#4635,5.02298652345328);
#1015=CIRCLE('',#4637,4.8652222680075);
#1016=CIRCLE('',#4638,4.8652222680075);
#1017=CIRCLE('',#4639,4.8652222680075);
#1018=CIRCLE('',#4641,5.253);
#1019=CIRCLE('',#4643,6.6485);
#1020=CIRCLE('',#4645,4.82942259202734);
#1021=CIRCLE('',#4646,4.93246515000002);
#1022=CIRCLE('',#4648,4.93246515000002);
#1023=CIRCLE('',#4649,4.93246515000002);
#1024=CIRCLE('',#4650,4.93246515000002);
#1025=CIRCLE('',#4651,4.93246515000002);
#1026=CIRCLE('',#4652,4.93246515000002);
#1027=CIRCLE('',#4655,3.70300000000001);
#1028=CIRCLE('',#4658,4.25);
#1029=CIRCLE('',#4660,4.25);
#1030=CIRCLE('',#4664,3.44760617582241);
#1031=CIRCLE('',#4666,4.82942259202734);
#1032=CIRCLE('',#4668,4.82942259202734);
#1033=CIRCLE('',#4670,4.82942259202734);
#1034=CIRCLE('',#4672,4.82942259202734);
#1035=CIRCLE('',#4673,4.82942259202734);
#1036=CIRCLE('',#4676,4.25);
#1037=CIRCLE('',#4678,6.65);
#1038=CIRCLE('',#4679,6.65);
#1039=CIRCLE('',#4680,6.65);
#1040=CIRCLE('',#4681,6.65);
#1041=CIRCLE('',#4686,1.65);
#1042=CIRCLE('',#4687,1.65);
#1043=CIRCLE('',#4689,1.5399125);
#1044=LINE('',#5814,#1259);
#1045=LINE('',#5818,#1260);
#1046=LINE('',#5825,#1261);
#1047=LINE('',#5829,#1262);
#1048=LINE('',#5831,#1263);
#1049=LINE('',#5835,#1264);
#1050=LINE('',#5837,#1265);
#1051=LINE('',#5841,#1266);
#1052=LINE('',#5843,#1267);
#1053=LINE('',#5847,#1268);
#1054=LINE('',#5849,#1269);
#1055=LINE('',#5853,#1270);
#1056=LINE('',#5855,#1271);
#1057=LINE('',#5859,#1272);
#1058=LINE('',#5861,#1273);
#1059=LINE('',#5865,#1274);
#1060=LINE('',#5867,#1275);
#1061=LINE('',#5871,#1276);
#1062=LINE('',#5873,#1277);
#1063=LINE('',#5877,#1278);
#1064=LINE('',#5878,#1279);
#1065=LINE('',#5879,#1280);
#1066=LINE('',#5882,#1281);
#1067=LINE('',#5885,#1282);
#1068=LINE('',#5888,#1283);
#1069=LINE('',#5891,#1284);
#1070=LINE('',#5894,#1285);
#1071=LINE('',#5896,#1286);
#1072=LINE('',#5898,#1287);
#1073=LINE('',#5900,#1288);
#1074=LINE('',#5902,#1289);
#1075=LINE('',#5907,#1290);
#1076=LINE('',#5910,#1291);
#1077=LINE('',#5913,#1292);
#1078=LINE('',#5916,#1293);
#1079=LINE('',#5918,#1294);
#1080=LINE('',#5920,#1295);
#1081=LINE('',#5922,#1296);
#1082=LINE('',#5924,#1297);
#1083=LINE('',#5929,#1298);
#1084=LINE('',#5932,#1299);
#1085=LINE('',#5934,#1300);
#1086=LINE('',#5936,#1301);
#1087=LINE('',#5938,#1302);
#1088=LINE('',#5940,#1303);
#1089=LINE('',#5942,#1304);
#1090=LINE('',#5947,#1305);
#1091=LINE('',#5950,#1306);
#1092=LINE('',#5956,#1307);
#1093=LINE('',#5961,#1308);
#1094=LINE('',#5964,#1309);
#1095=LINE('',#5969,#1310);
#1096=LINE('',#5971,#1311);
#1097=LINE('',#5972,#1312);
#1098=LINE('',#5976,#1313);
#1099=LINE('',#5980,#1314);
#1100=LINE('',#5984,#1315);
#1101=LINE('',#5987,#1316);
#1102=LINE('',#5991,#1317);
#1103=LINE('',#5997,#1318);
#1104=LINE('',#6001,#1319);
#1105=LINE('',#6004,#1320);
#1106=LINE('',#6008,#1321);
#1107=LINE('',#6014,#1322);
#1108=LINE('',#6018,#1323);
#1109=LINE('',#6023,#1324);
#1110=LINE('',#6028,#1325);
#1111=LINE('',#6030,#1326);
#1112=LINE('',#6032,#1327);
#1113=LINE('',#6033,#1328);
#1114=LINE('',#6039,#1329);
#1115=LINE('',#6047,#1330);
#1116=LINE('',#6052,#1331);
#1117=LINE('',#6054,#1332);
#1118=LINE('',#6055,#1333);
#1119=LINE('',#6058,#1334);
#1120=LINE('',#6062,#1335);
#1121=LINE('',#6067,#1336);
#1122=LINE('',#6069,#1337);
#1123=LINE('',#6070,#1338);
#1124=LINE('',#6073,#1339);
#1125=LINE('',#6077,#1340);
#1126=LINE('',#6082,#1341);
#1127=LINE('',#6084,#1342);
#1128=LINE('',#6085,#1343);
#1129=LINE('',#6092,#1344);
#1130=LINE('',#6096,#1345);
#1131=LINE('',#6103,#1346);
#1132=LINE('',#6105,#1347);
#1133=LINE('',#6120,#1348);
#1134=LINE('',#6126,#1349);
#1135=LINE('',#6140,#1350);
#1136=LINE('',#6160,#1351);
#1137=LINE('',#6166,#1352);
#1138=LINE('',#6180,#1353);
#1139=LINE('',#6204,#1354);
#1140=LINE('',#6218,#1355);
#1141=LINE('',#6238,#1356);
#1142=LINE('',#6252,#1357);
#1143=LINE('',#6263,#1358);
#1144=LINE('',#6302,#1359);
#1145=LINE('',#6315,#1360);
#1146=LINE('',#6328,#1361);
#1147=LINE('',#6335,#1362);
#1148=LINE('',#6371,#1363);
#1149=LINE('',#6406,#1364);
#1150=LINE('',#6426,#1365);
#1151=LINE('',#6430,#1366);
#1152=LINE('',#6448,#1367);
#1153=LINE('',#6457,#1368);
#1154=LINE('',#6460,#1369);
#1155=LINE('',#6483,#1370);
#1156=LINE('',#6506,#1371);
#1157=LINE('',#6507,#1372);
#1158=LINE('',#6513,#1373);
#1159=LINE('',#6516,#1374);
#1160=LINE('',#6552,#1375);
#1161=LINE('',#6599,#1376);
#1162=LINE('',#6600,#1377);
#1163=LINE('',#6624,#1378);
#1164=LINE('',#6636,#1379);
#1165=LINE('',#6638,#1380);
#1166=LINE('',#6640,#1381);
#1167=LINE('',#6641,#1382);
#1168=LINE('',#6656,#1383);
#1169=LINE('',#6684,#1384);
#1170=LINE('',#6688,#1385);
#1171=LINE('',#6704,#1386);
#1172=LINE('',#6705,#1387);
#1173=LINE('',#6730,#1388);
#1174=LINE('',#6731,#1389);
#1175=LINE('',#6734,#1390);
#1176=LINE('',#6737,#1391);
#1177=LINE('',#6759,#1392);
#1178=LINE('',#6760,#1393);
#1179=LINE('',#6765,#1394);
#1180=LINE('',#6767,#1395);
#1181=LINE('',#6769,#1396);
#1182=LINE('',#6770,#1397);
#1183=LINE('',#6779,#1398);
#1184=LINE('',#6783,#1399);
#1185=LINE('',#6799,#1400);
#1186=LINE('',#6800,#1401);
#1187=LINE('',#6822,#1402);
#1188=LINE('',#6823,#1403);
#1189=LINE('',#6824,#1404);
#1190=LINE('',#6825,#1405);
#1191=LINE('',#6830,#1406);
#1192=LINE('',#6831,#1407);
#1193=LINE('',#6844,#1408);
#1194=LINE('',#6847,#1409);
#1195=LINE('',#6869,#1410);
#1196=LINE('',#6870,#1411);
#1197=LINE('',#6893,#1412);
#1198=LINE('',#6923,#1413);
#1199=LINE('',#6927,#1414);
#1200=LINE('',#6943,#1415);
#1201=LINE('',#6944,#1416);
#1202=LINE('',#6969,#1417);
#1203=LINE('',#6970,#1418);
#1204=LINE('',#6973,#1419);
#1205=LINE('',#6976,#1420);
#1206=LINE('',#6998,#1421);
#1207=LINE('',#6999,#1422);
#1208=LINE('',#7004,#1423);
#1209=LINE('',#7006,#1424);
#1210=LINE('',#7008,#1425);
#1211=LINE('',#7009,#1426);
#1212=LINE('',#7031,#1427);
#1213=LINE('',#7035,#1428);
#1214=LINE('',#7051,#1429);
#1215=LINE('',#7052,#1430);
#1216=LINE('',#7077,#1431);
#1217=LINE('',#7078,#1432);
#1218=LINE('',#7081,#1433);
#1219=LINE('',#7084,#1434);
#1220=LINE('',#7106,#1435);
#1221=LINE('',#7107,#1436);
#1222=LINE('',#7131,#1437);
#1223=LINE('',#7143,#1438);
#1224=LINE('',#7145,#1439);
#1225=LINE('',#7147,#1440);
#1226=LINE('',#7148,#1441);
#1227=LINE('',#7163,#1442);
#1228=LINE('',#7214,#1443);
#1229=LINE('',#7242,#1444);
#1230=LINE('',#7256,#1445);
#1231=LINE('',#7291,#1446);
#1232=LINE('',#7319,#1447);
#1233=LINE('',#7340,#1448);
#1234=LINE('',#7350,#1449);
#1235=LINE('',#7359,#1450);
#1236=LINE('',#7365,#1451);
#1237=LINE('',#7372,#1452);
#1238=LINE('',#7378,#1453);
#1239=LINE('',#7382,#1454);
#1240=LINE('',#7394,#1455);
#1241=LINE('',#7402,#1456);
#1242=LINE('',#7409,#1457);
#1243=LINE('',#7418,#1458);
#1244=LINE('',#7424,#1459);
#1245=LINE('',#7430,#1460);
#1246=LINE('',#7436,#1461);
#1247=LINE('',#7440,#1462);
#1248=LINE('',#7448,#1463);
#1249=LINE('',#7457,#1464);
#1250=LINE('',#7462,#1465);
#1251=LINE('',#7467,#1466);
#1252=LINE('',#7469,#1467);
#1253=LINE('',#7472,#1468);
#1254=LINE('',#7485,#1469);
#1255=LINE('',#7488,#1470);
#1256=LINE('',#7496,#1471);
#1257=LINE('',#7505,#1472);
#1258=LINE('',#7513,#1473);
#1259=VECTOR('',#4695,10.);
#1260=VECTOR('',#4698,10.);
#1261=VECTOR('',#4705,10.);
#1262=VECTOR('',#4708,10.);
#1263=VECTOR('',#4709,10.);
#1264=VECTOR('',#4712,10.);
#1265=VECTOR('',#4713,10.);
#1266=VECTOR('',#4716,10.);
#1267=VECTOR('',#4717,10.);
#1268=VECTOR('',#4720,10.);
#1269=VECTOR('',#4721,10.);
#1270=VECTOR('',#4724,10.);
#1271=VECTOR('',#4725,10.);
#1272=VECTOR('',#4728,10.);
#1273=VECTOR('',#4729,10.);
#1274=VECTOR('',#4732,10.);
#1275=VECTOR('',#4733,10.);
#1276=VECTOR('',#4736,10.);
#1277=VECTOR('',#4737,10.);
#1278=VECTOR('',#4740,10.);
#1279=VECTOR('',#4741,10.);
#1280=VECTOR('',#4742,10.);
#1281=VECTOR('',#4745,10.);
#1282=VECTOR('',#4748,10.);
#1283=VECTOR('',#4751,10.);
#1284=VECTOR('',#4754,10.);
#1285=VECTOR('',#4757,10.);
#1286=VECTOR('',#4758,10.);
#1287=VECTOR('',#4759,10.);
#1288=VECTOR('',#4760,10.);
#1289=VECTOR('',#4761,10.);
#1290=VECTOR('',#4762,10.);
#1291=VECTOR('',#4765,10.);
#1292=VECTOR('',#4768,10.);
#1293=VECTOR('',#4771,10.);
#1294=VECTOR('',#4772,10.);
#1295=VECTOR('',#4773,10.);
#1296=VECTOR('',#4774,10.);
#1297=VECTOR('',#4775,10.);
#1298=VECTOR('',#4776,10.);
#1299=VECTOR('',#4779,10.);
#1300=VECTOR('',#4780,10.);
#1301=VECTOR('',#4781,10.);
#1302=VECTOR('',#4782,10.);
#1303=VECTOR('',#4783,10.);
#1304=VECTOR('',#4784,10.);
#1305=VECTOR('',#4785,10.);
#1306=VECTOR('',#4788,10.);
#1307=VECTOR('',#4795,10.);
#1308=VECTOR('',#4802,10.);
#1309=VECTOR('',#4805,10.);
#1310=VECTOR('',#4806,10.);
#1311=VECTOR('',#4807,10.);
#1312=VECTOR('',#4808,10.);
#1313=VECTOR('',#4811,10.);
#1314=VECTOR('',#4814,10.);
#1315=VECTOR('',#4819,10.);
#1316=VECTOR('',#4822,10.);
#1317=VECTOR('',#4825,10.);
#1318=VECTOR('',#4830,10.);
#1319=VECTOR('',#4835,10.);
#1320=VECTOR('',#4838,10.);
#1321=VECTOR('',#4841,10.);
#1322=VECTOR('',#4850,10.);
#1323=VECTOR('',#4853,10.);
#1324=VECTOR('',#4860,10.);
#1325=VECTOR('',#4861,10.);
#1326=VECTOR('',#4862,10.);
#1327=VECTOR('',#4863,10.);
#1328=VECTOR('',#4864,10.);
#1329=VECTOR('',#4873,8.9);
#1330=VECTOR('',#4886,10.);
#1331=VECTOR('',#4887,10.);
#1332=VECTOR('',#4888,10.);
#1333=VECTOR('',#4889,10.);
#1334=VECTOR('',#4892,10.);
#1335=VECTOR('',#4897,10.);
#1336=VECTOR('',#4898,10.);
#1337=VECTOR('',#4899,10.);
#1338=VECTOR('',#4900,10.);
#1339=VECTOR('',#4903,10.);
#1340=VECTOR('',#4908,10.);
#1341=VECTOR('',#4909,10.);
#1342=VECTOR('',#4910,10.);
#1343=VECTOR('',#4911,10.);
#1344=VECTOR('',#4922,10.);
#1345=VECTOR('',#4927,10.);
#1346=VECTOR('',#4940,10.);
#1347=VECTOR('',#4943,10.);
#1348=VECTOR('',#4950,10.);
#1349=VECTOR('',#4951,10.);
#1350=VECTOR('',#4952,10.);
#1351=VECTOR('',#4957,10.);
#1352=VECTOR('',#4958,10.);
#1353=VECTOR('',#4959,10.);
#1354=VECTOR('',#4964,10.);
#1355=VECTOR('',#4965,10.);
#1356=VECTOR('',#4968,10.);
#1357=VECTOR('',#4969,10.);
#1358=VECTOR('',#4980,7.36054930794905);
#1359=VECTOR('',#5019,10.);
#1360=VECTOR('',#5020,10.);
#1361=VECTOR('',#5039,1.60155253703633);
#1362=VECTOR('',#5050,1.65);
#1363=VECTOR('',#5065,4.93806102662208);
#1364=VECTOR('',#5082,4.92536862672618);
#1365=VECTOR('',#5095,10.);
#1366=VECTOR('',#5098,10.);
#1367=VECTOR('',#5111,8.10566599729051);
#1368=VECTOR('',#5120,10.);
#1369=VECTOR('',#5123,10.);
#1370=VECTOR('',#5130,8.13029052249702);
#1371=VECTOR('',#5155,10.);
#1372=VECTOR('',#5156,10.);
#1373=VECTOR('',#5161,10.);
#1374=VECTOR('',#5164,10.);
#1375=VECTOR('',#5177,7.25);
#1376=VECTOR('',#5198,10.);
#1377=VECTOR('',#5199,10.);
#1378=VECTOR('',#5206,10.);
#1379=VECTOR('',#5209,10.);
#1380=VECTOR('',#5212,10.);
#1381=VECTOR('',#5215,10.);
#1382=VECTOR('',#5216,10.);
#1383=VECTOR('',#5219,10.);
#1384=VECTOR('',#5232,10.);
#1385=VECTOR('',#5235,10.);
#1386=VECTOR('',#5246,10.);
#1387=VECTOR('',#5247,10.);
#1388=VECTOR('',#5256,10.);
#1389=VECTOR('',#5257,10.);
#1390=VECTOR('',#5260,10.);
#1391=VECTOR('',#5263,10.);
#1392=VECTOR('',#5274,10.);
#1393=VECTOR('',#5275,10.);
#1394=VECTOR('',#5278,10.);
#1395=VECTOR('',#5281,10.);
#1396=VECTOR('',#5284,10.);
#1397=VECTOR('',#5285,10.);
#1398=VECTOR('',#5292,10.);
#1399=VECTOR('',#5295,10.);
#1400=VECTOR('',#5306,10.);
#1401=VECTOR('',#5307,10.);
#1402=VECTOR('',#5314,10.);
#1403=VECTOR('',#5315,10.);
#1404=VECTOR('',#5316,10.);
#1405=VECTOR('',#5317,10.);
#1406=VECTOR('',#5322,10.);
#1407=VECTOR('',#5323,10.);
#1408=VECTOR('',#5330,10.);
#1409=VECTOR('',#5333,10.);
#1410=VECTOR('',#5344,10.);
#1411=VECTOR('',#5345,10.);
#1412=VECTOR('',#5348,10.);
#1413=VECTOR('',#5365,10.);
#1414=VECTOR('',#5368,10.);
#1415=VECTOR('',#5379,10.);
#1416=VECTOR('',#5380,10.);
#1417=VECTOR('',#5389,10.);
#1418=VECTOR('',#5390,10.);
#1419=VECTOR('',#5393,10.);
#1420=VECTOR('',#5396,10.);
#1421=VECTOR('',#5407,10.);
#1422=VECTOR('',#5408,10.);
#1423=VECTOR('',#5411,10.);
#1424=VECTOR('',#5414,10.);
#1425=VECTOR('',#5417,10.);
#1426=VECTOR('',#5418,10.);
#1427=VECTOR('',#5431,10.);
#1428=VECTOR('',#5434,10.);
#1429=VECTOR('',#5445,10.);
#1430=VECTOR('',#5446,10.);
#1431=VECTOR('',#5455,10.);
#1432=VECTOR('',#5456,10.);
#1433=VECTOR('',#5459,10.);
#1434=VECTOR('',#5462,10.);
#1435=VECTOR('',#5473,10.);
#1436=VECTOR('',#5474,10.);
#1437=VECTOR('',#5481,10.);
#1438=VECTOR('',#5484,10.);
#1439=VECTOR('',#5487,10.);
#1440=VECTOR('',#5490,10.);
#1441=VECTOR('',#5491,10.);
#1442=VECTOR('',#5494,10.);
#1443=VECTOR('',#5533,10.);
#1444=VECTOR('',#5536,10.);
#1445=VECTOR('',#5539,10.);
#1446=VECTOR('',#5552,10.);
#1447=VECTOR('',#5555,10.);
#1448=VECTOR('',#5584,0.824999999999999);
#1449=VECTOR('',#5595,1.875);
#1450=VECTOR('',#5606,2.1);
#1451=VECTOR('',#5613,2.24347154189362);
#1452=VECTOR('',#5620,2.64347154189362);
#1453=VECTOR('',#5629,2.5);
#1454=VECTOR('',#5634,1.65);
#1455=VECTOR('',#5647,6.6485);
#1456=VECTOR('',#5658,5.18648328343843);
#1457=VECTOR('',#5665,4.78812758270261);
#1458=VECTOR('',#5676,5.075);
#1459=VECTOR('',#5683,5.04995716883684);
#1460=VECTOR('',#5690,4.8652222680075);
#1461=VECTOR('',#5697,5.253);
#1462=VECTOR('',#5702,6.6485);
#1463=VECTOR('',#5715,4.93246515000002);
#1464=VECTOR('',#5730,3.70300000000001);
#1465=VECTOR('',#5737,4.25);
#1466=VECTOR('',#5744,4.94527387262697);
#1467=VECTOR('',#5747,4.93859315900376);
#1468=VECTOR('',#5750,4.24571008146093);
#1469=VECTOR('',#5773,4.16520788217085);
#1470=VECTOR('',#5776,4.25);
#1471=VECTOR('',#5785,6.65);
#1472=VECTOR('',#5798,1.65);
#1473=VECTOR('',#5809,1.76995625);
#1474=VERTEX_POINT('',#5812);
#1475=VERTEX_POINT('',#5813);
#1476=VERTEX_POINT('',#5815);
#1477=VERTEX_POINT('',#5817);
#1478=VERTEX_POINT('',#5821);
#1479=VERTEX_POINT('',#5823);
#1480=VERTEX_POINT('',#5824);
#1481=VERTEX_POINT('',#5826);
#1482=VERTEX_POINT('',#5828);
#1483=VERTEX_POINT('',#5830);
#1484=VERTEX_POINT('',#5832);
#1485=VERTEX_POINT('',#5834);
#1486=VERTEX_POINT('',#5836);
#1487=VERTEX_POINT('',#5838);
#1488=VERTEX_POINT('',#5840);
#1489=VERTEX_POINT('',#5842);
#1490=VERTEX_POINT('',#5844);
#1491=VERTEX_POINT('',#5846);
#1492=VERTEX_POINT('',#5848);
#1493=VERTEX_POINT('',#5850);
#1494=VERTEX_POINT('',#5852);
#1495=VERTEX_POINT('',#5854);
#1496=VERTEX_POINT('',#5856);
#1497=VERTEX_POINT('',#5858);
#1498=VERTEX_POINT('',#5860);
#1499=VERTEX_POINT('',#5862);
#1500=VERTEX_POINT('',#5864);
#1501=VERTEX_POINT('',#5866);
#1502=VERTEX_POINT('',#5868);
#1503=VERTEX_POINT('',#5870);
#1504=VERTEX_POINT('',#5872);
#1505=VERTEX_POINT('',#5874);
#1506=VERTEX_POINT('',#5876);
#1507=VERTEX_POINT('',#5881);
#1508=VERTEX_POINT('',#5883);
#1509=VERTEX_POINT('',#5887);
#1510=VERTEX_POINT('',#5889);
#1511=VERTEX_POINT('',#5893);
#1512=VERTEX_POINT('',#5895);
#1513=VERTEX_POINT('',#5897);
#1514=VERTEX_POINT('',#5899);
#1515=VERTEX_POINT('',#5901);
#1516=VERTEX_POINT('',#5903);
#1517=VERTEX_POINT('',#5909);
#1518=VERTEX_POINT('',#5911);
#1519=VERTEX_POINT('',#5915);
#1520=VERTEX_POINT('',#5917);
#1521=VERTEX_POINT('',#5919);
#1522=VERTEX_POINT('',#5921);
#1523=VERTEX_POINT('',#5923);
#1524=VERTEX_POINT('',#5925);
#1525=VERTEX_POINT('',#5931);
#1526=VERTEX_POINT('',#5933);
#1527=VERTEX_POINT('',#5935);
#1528=VERTEX_POINT('',#5937);
#1529=VERTEX_POINT('',#5939);
#1530=VERTEX_POINT('',#5941);
#1531=VERTEX_POINT('',#5943);
#1532=VERTEX_POINT('',#5949);
#1533=VERTEX_POINT('',#5953);
#1534=VERTEX_POINT('',#5955);
#1535=VERTEX_POINT('',#5959);
#1536=VERTEX_POINT('',#5963);
#1537=VERTEX_POINT('',#5968);
#1538=VERTEX_POINT('',#5970);
#1539=VERTEX_POINT('',#5974);
#1540=VERTEX_POINT('',#5975);
#1541=VERTEX_POINT('',#5977);
#1542=VERTEX_POINT('',#5979);
#1543=VERTEX_POINT('',#5983);
#1544=VERTEX_POINT('',#5985);
#1545=VERTEX_POINT('',#5989);
#1546=VERTEX_POINT('',#5990);
#1547=VERTEX_POINT('',#5992);
#1548=VERTEX_POINT('',#5994);
#1549=VERTEX_POINT('',#5996);
#1550=VERTEX_POINT('',#6000);
#1551=VERTEX_POINT('',#6002);
#1552=VERTEX_POINT('',#6006);
#1553=VERTEX_POINT('',#6007);
#1554=VERTEX_POINT('',#6012);
#1555=VERTEX_POINT('',#6016);
#1556=VERTEX_POINT('',#6017);
#1557=VERTEX_POINT('',#6022);
#1558=VERTEX_POINT('',#6027);
#1559=VERTEX_POINT('',#6029);
#1560=VERTEX_POINT('',#6031);
#1561=VERTEX_POINT('',#6037);
#1562=VERTEX_POINT('',#6046);
#1563=VERTEX_POINT('',#6051);
#1564=VERTEX_POINT('',#6053);
#1565=VERTEX_POINT('',#6057);
#1566=VERTEX_POINT('',#6061);
#1567=VERTEX_POINT('',#6066);
#1568=VERTEX_POINT('',#6068);
#1569=VERTEX_POINT('',#6072);
#1570=VERTEX_POINT('',#6076);
#1571=VERTEX_POINT('',#6081);
#1572=VERTEX_POINT('',#6083);
#1573=VERTEX_POINT('',#6091);
#1574=VERTEX_POINT('',#6095);
#1575=VERTEX_POINT('',#6119);
#1576=VERTEX_POINT('',#6121);
#1577=VERTEX_POINT('',#6125);
#1578=VERTEX_POINT('',#6127);
#1579=VERTEX_POINT('',#6139);
#1580=VERTEX_POINT('',#6159);
#1581=VERTEX_POINT('',#6161);
#1582=VERTEX_POINT('',#6165);
#1583=VERTEX_POINT('',#6167);
#1584=VERTEX_POINT('',#6179);
#1585=VERTEX_POINT('',#6199);
#1586=VERTEX_POINT('',#6203);
#1587=VERTEX_POINT('',#6205);
#1588=VERTEX_POINT('',#6217);
#1589=VERTEX_POINT('',#6233);
#1590=VERTEX_POINT('',#6237);
#1591=VERTEX_POINT('',#6239);
#1592=VERTEX_POINT('',#6251);
#1593=VERTEX_POINT('',#6260);
#1594=VERTEX_POINT('',#6261);
#1595=VERTEX_POINT('',#6266);
#1596=VERTEX_POINT('',#6270);
#1597=VERTEX_POINT('',#6301);
#1598=VERTEX_POINT('',#6303);
#1599=VERTEX_POINT('',#6323);
#1600=VERTEX_POINT('',#6324);
#1601=VERTEX_POINT('',#6327);
#1602=VERTEX_POINT('',#6332);
#1603=VERTEX_POINT('',#6337);
#1604=VERTEX_POINT('',#6338);
#1605=VERTEX_POINT('',#6340);
#1606=VERTEX_POINT('',#6344);
#1607=VERTEX_POINT('',#6346);
#1608=VERTEX_POINT('',#6350);
#1609=VERTEX_POINT('',#6352);
#1610=VERTEX_POINT('',#6356);
#1611=VERTEX_POINT('',#6358);
#1612=VERTEX_POINT('',#6362);
#1613=VERTEX_POINT('',#6364);
#1614=VERTEX_POINT('',#6368);
#1615=VERTEX_POINT('',#6370);
#1616=VERTEX_POINT('',#6372);
#1617=VERTEX_POINT('',#6375);
#1618=VERTEX_POINT('',#6377);
#1619=VERTEX_POINT('',#6381);
#1620=VERTEX_POINT('',#6383);
#1621=VERTEX_POINT('',#6387);
#1622=VERTEX_POINT('',#6389);
#1623=VERTEX_POINT('',#6393);
#1624=VERTEX_POINT('',#6395);
#1625=VERTEX_POINT('',#6399);
#1626=VERTEX_POINT('',#6405);
#1627=VERTEX_POINT('',#6407);
#1628=VERTEX_POINT('',#6411);
#1629=VERTEX_POINT('',#6412);
#1630=VERTEX_POINT('',#6414);
#1631=VERTEX_POINT('',#6418);
#1632=VERTEX_POINT('',#6424);
#1633=VERTEX_POINT('',#6425);
#1634=VERTEX_POINT('',#6427);
#1635=VERTEX_POINT('',#6429);
#1636=VERTEX_POINT('',#6433);
#1637=VERTEX_POINT('',#6437);
#1638=VERTEX_POINT('',#6443);
#1639=VERTEX_POINT('',#6444);
#1640=VERTEX_POINT('',#6447);
#1641=VERTEX_POINT('',#6449);
#1642=VERTEX_POINT('',#6453);
#1643=VERTEX_POINT('',#6454);
#1644=VERTEX_POINT('',#6456);
#1645=VERTEX_POINT('',#6458);
#1646=VERTEX_POINT('',#6462);
#1647=VERTEX_POINT('',#6463);
#1648=VERTEX_POINT('',#6482);
#1649=VERTEX_POINT('',#6484);
#1650=VERTEX_POINT('',#6486);
#1651=VERTEX_POINT('',#6488);
#1652=VERTEX_POINT('',#6490);
#1653=VERTEX_POINT('',#6493);
#1654=VERTEX_POINT('',#6495);
#1655=VERTEX_POINT('',#6497);
#1656=VERTEX_POINT('',#6499);
#1657=VERTEX_POINT('',#6503);
#1658=VERTEX_POINT('',#6504);
#1659=VERTEX_POINT('',#6509);
#1660=VERTEX_POINT('',#6510);
#1661=VERTEX_POINT('',#6512);
#1662=VERTEX_POINT('',#6514);
#1663=VERTEX_POINT('',#6518);
#1664=VERTEX_POINT('',#6522);
#1665=VERTEX_POINT('',#6526);
#1666=VERTEX_POINT('',#6528);
#1667=VERTEX_POINT('',#6532);
#1668=VERTEX_POINT('',#6534);
#1669=VERTEX_POINT('',#6538);
#1670=VERTEX_POINT('',#6540);
#1671=VERTEX_POINT('',#6544);
#1672=VERTEX_POINT('',#6546);
#1673=VERTEX_POINT('',#6550);
#1674=VERTEX_POINT('',#6553);
#1675=VERTEX_POINT('',#6555);
#1676=VERTEX_POINT('',#6559);
#1677=VERTEX_POINT('',#6561);
#1678=VERTEX_POINT('',#6565);
#1679=VERTEX_POINT('',#6567);
#1680=VERTEX_POINT('',#6571);
#1681=VERTEX_POINT('',#6573);
#1682=VERTEX_POINT('',#6579);
#1683=VERTEX_POINT('',#6583);
#1684=VERTEX_POINT('',#6589);
#1685=VERTEX_POINT('',#6590);
#1686=VERTEX_POINT('',#6602);
#1687=VERTEX_POINT('',#6603);
#1688=VERTEX_POINT('',#6612);
#1689=VERTEX_POINT('',#6619);
#1690=VERTEX_POINT('',#6623);
#1691=VERTEX_POINT('',#6625);
#1692=VERTEX_POINT('',#6643);
#1693=VERTEX_POINT('',#6647);
#1694=VERTEX_POINT('',#6651);
#1695=VERTEX_POINT('',#6655);
#1696=VERTEX_POINT('',#6669);
#1697=VERTEX_POINT('',#6670);
#1698=VERTEX_POINT('',#6672);
#1699=VERTEX_POINT('',#6676);
#1700=VERTEX_POINT('',#6682);
#1701=VERTEX_POINT('',#6683);
#1702=VERTEX_POINT('',#6685);
#1703=VERTEX_POINT('',#6687);
#1704=VERTEX_POINT('',#6691);
#1705=VERTEX_POINT('',#6695);
#1706=VERTEX_POINT('',#6701);
#1707=VERTEX_POINT('',#6702);
#1708=VERTEX_POINT('',#6707);
#1709=VERTEX_POINT('',#6708);
#1710=VERTEX_POINT('',#6727);
#1711=VERTEX_POINT('',#6728);
#1712=VERTEX_POINT('',#6733);
#1713=VERTEX_POINT('',#6735);
#1714=VERTEX_POINT('',#6739);
#1715=VERTEX_POINT('',#6743);
#1716=VERTEX_POINT('',#6749);
#1717=VERTEX_POINT('',#6750);
#1718=VERTEX_POINT('',#6777);
#1719=VERTEX_POINT('',#6778);
#1720=VERTEX_POINT('',#6780);
#1721=VERTEX_POINT('',#6782);
#1722=VERTEX_POINT('',#6786);
#1723=VERTEX_POINT('',#6790);
#1724=VERTEX_POINT('',#6796);
#1725=VERTEX_POINT('',#6797);
#1726=VERTEX_POINT('',#6802);
#1727=VERTEX_POINT('',#6803);
#1728=VERTEX_POINT('',#6827);
#1729=VERTEX_POINT('',#6828);
#1730=VERTEX_POINT('',#6833);
#1731=VERTEX_POINT('',#6834);
#1732=VERTEX_POINT('',#6843);
#1733=VERTEX_POINT('',#6845);
#1734=VERTEX_POINT('',#6849);
#1735=VERTEX_POINT('',#6853);
#1736=VERTEX_POINT('',#6859);
#1737=VERTEX_POINT('',#6860);
#1738=VERTEX_POINT('',#6872);
#1739=VERTEX_POINT('',#6873);
#1740=VERTEX_POINT('',#6877);
#1741=VERTEX_POINT('',#6881);
#1742=VERTEX_POINT('',#6885);
#1743=VERTEX_POINT('',#6889);
#1744=VERTEX_POINT('',#6908);
#1745=VERTEX_POINT('',#6909);
#1746=VERTEX_POINT('',#6911);
#1747=VERTEX_POINT('',#6915);
#1748=VERTEX_POINT('',#6921);
#1749=VERTEX_POINT('',#6922);
#1750=VERTEX_POINT('',#6924);
#1751=VERTEX_POINT('',#6926);
#1752=VERTEX_POINT('',#6930);
#1753=VERTEX_POINT('',#6934);
#1754=VERTEX_POINT('',#6940);
#1755=VERTEX_POINT('',#6941);
#1756=VERTEX_POINT('',#6946);
#1757=VERTEX_POINT('',#6947);
#1758=VERTEX_POINT('',#6966);
#1759=VERTEX_POINT('',#6967);
#1760=VERTEX_POINT('',#6972);
#1761=VERTEX_POINT('',#6974);
#1762=VERTEX_POINT('',#6978);
#1763=VERTEX_POINT('',#6982);
#1764=VERTEX_POINT('',#6988);
#1765=VERTEX_POINT('',#6989);
#1766=VERTEX_POINT('',#7016);
#1767=VERTEX_POINT('',#7017);
#1768=VERTEX_POINT('',#7019);
#1769=VERTEX_POINT('',#7023);
#1770=VERTEX_POINT('',#7029);
#1771=VERTEX_POINT('',#7030);
#1772=VERTEX_POINT('',#7032);
#1773=VERTEX_POINT('',#7034);
#1774=VERTEX_POINT('',#7038);
#1775=VERTEX_POINT('',#7042);
#1776=VERTEX_POINT('',#7048);
#1777=VERTEX_POINT('',#7049);
#1778=VERTEX_POINT('',#7054);
#1779=VERTEX_POINT('',#7055);
#1780=VERTEX_POINT('',#7074);
#1781=VERTEX_POINT('',#7075);
#1782=VERTEX_POINT('',#7080);
#1783=VERTEX_POINT('',#7082);
#1784=VERTEX_POINT('',#7086);
#1785=VERTEX_POINT('',#7090);
#1786=VERTEX_POINT('',#7096);
#1787=VERTEX_POINT('',#7097);
#1788=VERTEX_POINT('',#7109);
#1789=VERTEX_POINT('',#7110);
#1790=VERTEX_POINT('',#7119);
#1791=VERTEX_POINT('',#7126);
#1792=VERTEX_POINT('',#7130);
#1793=VERTEX_POINT('',#7132);
#1794=VERTEX_POINT('',#7150);
#1795=VERTEX_POINT('',#7154);
#1796=VERTEX_POINT('',#7158);
#1797=VERTEX_POINT('',#7162);
#1798=VERTEX_POINT('',#7176);
#1799=VERTEX_POINT('',#7177);
#1800=VERTEX_POINT('',#7195);
#1801=VERTEX_POINT('',#7196);
#1802=VERTEX_POINT('',#7205);
#1803=VERTEX_POINT('',#7206);
#1804=VERTEX_POINT('',#7213);
#1805=VERTEX_POINT('',#7215);
#1806=VERTEX_POINT('',#7226);
#1807=VERTEX_POINT('',#7227);
#1808=VERTEX_POINT('',#7234);
#1809=VERTEX_POINT('',#7238);
#1810=VERTEX_POINT('',#7247);
#1811=VERTEX_POINT('',#7248);
#1812=VERTEX_POINT('',#7255);
#1813=VERTEX_POINT('',#7257);
#1814=VERTEX_POINT('',#7261);
#1815=VERTEX_POINT('',#7265);
#1816=VERTEX_POINT('',#7276);
#1817=VERTEX_POINT('',#7277);
#1818=VERTEX_POINT('',#7286);
#1819=VERTEX_POINT('',#7290);
#1820=VERTEX_POINT('',#7292);
#1821=VERTEX_POINT('',#7303);
#1822=VERTEX_POINT('',#7304);
#1823=VERTEX_POINT('',#7311);
#1824=VERTEX_POINT('',#7315);
#1825=VERTEX_POINT('',#7336);
#1826=VERTEX_POINT('',#7337);
#1827=VERTEX_POINT('',#7339);
#1828=VERTEX_POINT('',#7341);
#1829=VERTEX_POINT('',#7346);
#1830=VERTEX_POINT('',#7347);
#1831=VERTEX_POINT('',#7349);
#1832=VERTEX_POINT('',#7351);
#1833=VERTEX_POINT('',#7356);
#1834=VERTEX_POINT('',#7357);
#1835=VERTEX_POINT('',#7362);
#1836=VERTEX_POINT('',#7363);
#1837=VERTEX_POINT('',#7368);
#1838=VERTEX_POINT('',#7369);
#1839=VERTEX_POINT('',#7371);
#1840=VERTEX_POINT('',#7373);
#1841=VERTEX_POINT('',#7380);
#1842=VERTEX_POINT('',#7384);
#1843=VERTEX_POINT('',#7386);
#1844=VERTEX_POINT('',#7389);
#1845=VERTEX_POINT('',#7390);
#1846=VERTEX_POINT('',#7393);
#1847=VERTEX_POINT('',#7397);
#1848=VERTEX_POINT('',#7400);
#1849=VERTEX_POINT('',#7404);
#1850=VERTEX_POINT('',#7405);
#1851=VERTEX_POINT('',#7408);
#1852=VERTEX_POINT('',#7410);
#1853=VERTEX_POINT('',#7415);
#1854=VERTEX_POINT('',#7417);
#1855=VERTEX_POINT('',#7419);
#1856=VERTEX_POINT('',#7423);
#1857=VERTEX_POINT('',#7427);
#1858=VERTEX_POINT('',#7429);
#1859=VERTEX_POINT('',#7431);
#1860=VERTEX_POINT('',#7435);
#1861=VERTEX_POINT('',#7439);
#1862=VERTEX_POINT('',#7446);
#1863=VERTEX_POINT('',#7455);
#1864=VERTEX_POINT('',#7460);
#1865=VERTEX_POINT('',#7464);
#1866=VERTEX_POINT('',#7471);
#1867=VERTEX_POINT('',#7481);
#1868=VERTEX_POINT('',#7487);
#1869=VERTEX_POINT('',#7491);
#1870=VERTEX_POINT('',#7492);
#1871=VERTEX_POINT('',#7495);
#1872=VERTEX_POINT('',#7497);
#1873=VERTEX_POINT('',#7504);
#1874=VERTEX_POINT('',#7506);
#1875=VERTEX_POINT('',#7510);
#1876=EDGE_CURVE('',#1474,#1475,#1044,.T.);
#1877=EDGE_CURVE('',#1475,#1476,#812,.T.);
#1878=EDGE_CURVE('',#1476,#1477,#1045,.T.);
#1879=EDGE_CURVE('',#1477,#1474,#813,.T.);
#1880=EDGE_CURVE('',#1478,#1478,#814,.T.);
#1881=EDGE_CURVE('',#1479,#1480,#1046,.T.);
#1882=EDGE_CURVE('',#1480,#1481,#815,.T.);
#1883=EDGE_CURVE('',#1481,#1482,#1047,.T.);
#1884=EDGE_CURVE('',#1482,#1483,#1048,.T.);
#1885=EDGE_CURVE('',#1483,#1484,#816,.T.);
#1886=EDGE_CURVE('',#1484,#1485,#1049,.T.);
#1887=EDGE_CURVE('',#1485,#1486,#1050,.T.);
#1888=EDGE_CURVE('',#1486,#1487,#817,.T.);
#1889=EDGE_CURVE('',#1487,#1488,#1051,.T.);
#1890=EDGE_CURVE('',#1488,#1489,#1052,.T.);
#1891=EDGE_CURVE('',#1490,#1489,#818,.T.);
#1892=EDGE_CURVE('',#1490,#1491,#1053,.T.);
#1893=EDGE_CURVE('',#1491,#1492,#1054,.T.);
#1894=EDGE_CURVE('',#1492,#1493,#819,.T.);
#1895=EDGE_CURVE('',#1493,#1494,#1055,.T.);
#1896=EDGE_CURVE('',#1494,#1495,#1056,.T.);
#1897=EDGE_CURVE('',#1496,#1495,#820,.T.);
#1898=EDGE_CURVE('',#1496,#1497,#1057,.T.);
#1899=EDGE_CURVE('',#1497,#1498,#1058,.T.);
#1900=EDGE_CURVE('',#1498,#1499,#821,.T.);
#1901=EDGE_CURVE('',#1499,#1500,#1059,.T.);
#1902=EDGE_CURVE('',#1500,#1501,#1060,.T.);
#1903=EDGE_CURVE('',#1502,#1501,#822,.T.);
#1904=EDGE_CURVE('',#1502,#1503,#1061,.T.);
#1905=EDGE_CURVE('',#1503,#1504,#1062,.T.);
#1906=EDGE_CURVE('',#1504,#1505,#823,.T.);
#1907=EDGE_CURVE('',#1505,#1506,#1063,.T.);
#1908=EDGE_CURVE('',#1506,#1474,#1064,.T.);
#1909=EDGE_CURVE('',#1477,#1479,#1065,.T.);
#1910=EDGE_CURVE('',#1501,#1507,#1066,.T.);
#1911=EDGE_CURVE('',#1507,#1508,#824,.T.);
#1912=EDGE_CURVE('',#1508,#1502,#1067,.T.);
#1913=EDGE_CURVE('',#1495,#1509,#1068,.T.);
#1914=EDGE_CURVE('',#1509,#1510,#825,.T.);
#1915=EDGE_CURVE('',#1510,#1496,#1069,.T.);
#1916=EDGE_CURVE('',#1511,#1510,#1070,.T.);
#1917=EDGE_CURVE('',#1512,#1511,#1071,.T.);
#1918=EDGE_CURVE('',#1513,#1512,#1072,.T.);
#1919=EDGE_CURVE('',#1514,#1513,#1073,.T.);
#1920=EDGE_CURVE('',#1515,#1514,#1074,.T.);
#1921=EDGE_CURVE('',#1516,#1515,#115,.T.);
#1922=EDGE_CURVE('',#1497,#1516,#1075,.T.);
#1923=EDGE_CURVE('',#1489,#1517,#1076,.T.);
#1924=EDGE_CURVE('',#1517,#1518,#826,.T.);
#1925=EDGE_CURVE('',#1518,#1490,#1077,.T.);
#1926=EDGE_CURVE('',#1519,#1518,#1078,.T.);
#1927=EDGE_CURVE('',#1520,#1519,#1079,.T.);
#1928=EDGE_CURVE('',#1521,#1520,#1080,.T.);
#1929=EDGE_CURVE('',#1522,#1521,#1081,.T.);
#1930=EDGE_CURVE('',#1523,#1522,#1082,.T.);
#1931=EDGE_CURVE('',#1524,#1523,#116,.T.);
#1932=EDGE_CURVE('',#1491,#1524,#1083,.T.);
#1933=EDGE_CURVE('',#1525,#1484,#1084,.T.);
#1934=EDGE_CURVE('',#1526,#1525,#1085,.T.);
#1935=EDGE_CURVE('',#1527,#1526,#1086,.T.);
#1936=EDGE_CURVE('',#1528,#1527,#1087,.T.);
#1937=EDGE_CURVE('',#1529,#1528,#1088,.T.);
#1938=EDGE_CURVE('',#1530,#1529,#1089,.T.);
#1939=EDGE_CURVE('',#1531,#1530,#117,.T.);
#1940=EDGE_CURVE('',#1485,#1531,#1090,.T.);
#1941=EDGE_CURVE('',#1483,#1532,#1091,.T.);
#1942=EDGE_CURVE('',#1525,#1532,#827,.T.);
#1943=EDGE_CURVE('',#1533,#1529,#828,.T.);
#1944=EDGE_CURVE('',#1533,#1534,#1092,.T.);
#1945=EDGE_CURVE('',#1534,#1530,#829,.T.);
#1946=EDGE_CURVE('',#1528,#1535,#830,.T.);
#1947=EDGE_CURVE('',#1535,#1533,#1093,.T.);
#1948=EDGE_CURVE('',#1482,#1536,#1094,.T.);
#1949=EDGE_CURVE('',#1534,#1536,#118,.T.);
#1950=EDGE_CURVE('',#1537,#1535,#1095,.T.);
#1951=EDGE_CURVE('',#1538,#1537,#1096,.T.);
#1952=EDGE_CURVE('',#1532,#1538,#1097,.T.);
#1953=EDGE_CURVE('',#1539,#1540,#1098,.T.);
#1954=EDGE_CURVE('',#1540,#1541,#831,.T.);
#1955=EDGE_CURVE('',#1541,#1542,#1099,.T.);
#1956=EDGE_CURVE('',#1542,#1539,#832,.T.);
#1957=EDGE_CURVE('',#1542,#1543,#1100,.T.);
#1958=EDGE_CURVE('',#1544,#1543,#833,.T.);
#1959=EDGE_CURVE('',#1544,#1539,#1101,.T.);
#1960=EDGE_CURVE('',#1545,#1546,#1102,.T.);
#1961=EDGE_CURVE('',#1546,#1547,#834,.T.);
#1962=EDGE_CURVE('',#1547,#1548,#835,.T.);
#1963=EDGE_CURVE('',#1548,#1549,#1103,.T.);
#1964=EDGE_CURVE('',#1549,#1545,#836,.T.);
#1965=EDGE_CURVE('',#1549,#1550,#1104,.T.);
#1966=EDGE_CURVE('',#1551,#1550,#837,.T.);
#1967=EDGE_CURVE('',#1551,#1545,#1105,.T.);
#1968=EDGE_CURVE('',#1552,#1553,#1106,.T.);
#1969=EDGE_CURVE('',#1553,#1515,#838,.T.);
#1970=EDGE_CURVE('',#1514,#1552,#839,.T.);
#1971=EDGE_CURVE('',#1554,#1513,#840,.T.);
#1972=EDGE_CURVE('',#1554,#1552,#1107,.T.);
#1973=EDGE_CURVE('',#1555,#1556,#1108,.T.);
#1974=EDGE_CURVE('',#1556,#1523,#841,.T.);
#1975=EDGE_CURVE('',#1522,#1555,#842,.T.);
#1976=EDGE_CURVE('',#1488,#1557,#1109,.T.);
#1977=EDGE_CURVE('',#1556,#1557,#119,.T.);
#1978=EDGE_CURVE('',#1558,#1555,#1110,.T.);
#1979=EDGE_CURVE('',#1559,#1558,#1111,.T.);
#1980=EDGE_CURVE('',#1560,#1559,#1112,.T.);
#1981=EDGE_CURVE('',#1517,#1560,#1113,.T.);
#1982=EDGE_CURVE('',#1558,#1521,#843,.T.);
#1983=EDGE_CURVE('',#1561,#1561,#844,.T.);
#1984=EDGE_CURVE('',#1561,#1478,#1114,.T.);
#1985=EDGE_CURVE('',#1526,#1538,#845,.T.);
#1986=EDGE_CURVE('',#1527,#1537,#846,.T.);
#1987=EDGE_CURVE('',#1506,#1562,#1115,.T.);
#1988=EDGE_CURVE('',#1540,#1562,#120,.T.);
#1989=EDGE_CURVE('',#1563,#1544,#1116,.T.);
#1990=EDGE_CURVE('',#1564,#1563,#1117,.T.);
#1991=EDGE_CURVE('',#1475,#1564,#1118,.T.);
#1992=EDGE_CURVE('',#1543,#1565,#1119,.T.);
#1993=EDGE_CURVE('',#1563,#1565,#847,.T.);
#1994=EDGE_CURVE('',#1500,#1566,#1120,.T.);
#1995=EDGE_CURVE('',#1546,#1566,#121,.T.);
#1996=EDGE_CURVE('',#1567,#1551,#1121,.T.);
#1997=EDGE_CURVE('',#1568,#1567,#1122,.T.);
#1998=EDGE_CURVE('',#1507,#1568,#1123,.T.);
#1999=EDGE_CURVE('',#1550,#1569,#1124,.T.);
#2000=EDGE_CURVE('',#1567,#1569,#848,.T.);
#2001=EDGE_CURVE('',#1494,#1570,#1125,.T.);
#2002=EDGE_CURVE('',#1553,#1570,#122,.T.);
#2003=EDGE_CURVE('',#1571,#1554,#1126,.T.);
#2004=EDGE_CURVE('',#1572,#1571,#1127,.T.);
#2005=EDGE_CURVE('',#1509,#1572,#1128,.T.);
#2006=EDGE_CURVE('',#1571,#1512,#849,.T.);
#2007=EDGE_CURVE('',#1559,#1520,#850,.T.);
#2008=EDGE_CURVE('',#1565,#1573,#1129,.T.);
#2009=EDGE_CURVE('',#1564,#1573,#851,.T.);
#2010=EDGE_CURVE('',#1569,#1574,#1130,.T.);
#2011=EDGE_CURVE('',#1568,#1574,#852,.T.);
#2012=EDGE_CURVE('',#1572,#1511,#853,.T.);
#2013=EDGE_CURVE('',#1560,#1519,#854,.T.);
#2014=EDGE_CURVE('',#1573,#1476,#1131,.T.);
#2015=EDGE_CURVE('',#1574,#1508,#1132,.T.);
#2016=EDGE_CURVE('',#1480,#1481,#95,.T.);
#2017=EDGE_CURVE('',#1479,#1575,#1133,.T.);
#2018=EDGE_CURVE('',#1576,#1575,#123,.T.);
#2019=EDGE_CURVE('',#1577,#1576,#1134,.T.);
#2020=EDGE_CURVE('',#1578,#1577,#96,.T.);
#2021=EDGE_CURVE('',#1579,#1578,#1135,.T.);
#2022=EDGE_CURVE('',#1536,#1579,#124,.T.);
#2023=EDGE_CURVE('',#1575,#1541,#125,.T.);
#2024=EDGE_CURVE('',#1504,#1505,#97,.T.);
#2025=EDGE_CURVE('',#1503,#1580,#1136,.T.);
#2026=EDGE_CURVE('',#1581,#1580,#126,.T.);
#2027=EDGE_CURVE('',#1582,#1581,#1137,.T.);
#2028=EDGE_CURVE('',#1583,#1582,#98,.T.);
#2029=EDGE_CURVE('',#1584,#1583,#1138,.T.);
#2030=EDGE_CURVE('',#1562,#1584,#127,.T.);
#2031=EDGE_CURVE('',#1580,#1548,#128,.T.);
#2032=EDGE_CURVE('',#1498,#1499,#99,.T.);
#2033=EDGE_CURVE('',#1585,#1516,#129,.T.);
#2034=EDGE_CURVE('',#1586,#1585,#1139,.T.);
#2035=EDGE_CURVE('',#1587,#1586,#100,.T.);
#2036=EDGE_CURVE('',#1588,#1587,#1140,.T.);
#2037=EDGE_CURVE('',#1566,#1588,#130,.T.);
#2038=EDGE_CURVE('',#1492,#1493,#101,.T.);
#2039=EDGE_CURVE('',#1589,#1524,#131,.T.);
#2040=EDGE_CURVE('',#1590,#1589,#1141,.T.);
#2041=EDGE_CURVE('',#1591,#1590,#102,.T.);
#2042=EDGE_CURVE('',#1592,#1591,#1142,.T.);
#2043=EDGE_CURVE('',#1570,#1592,#132,.T.);
#2044=EDGE_CURVE('',#1593,#1594,#855,.T.);
#2045=EDGE_CURVE('',#1594,#1547,#1143,.T.);
#2046=EDGE_CURVE('',#1585,#1588,#856,.T.);
#2047=EDGE_CURVE('',#1589,#1592,#857,.T.);
#2048=EDGE_CURVE('',#1557,#1595,#133,.T.);
#2049=EDGE_CURVE('',#1596,#1595,#858,.T.);
#2050=EDGE_CURVE('',#1596,#1531,#134,.T.);
#2051=EDGE_CURVE('',#1576,#1579,#859,.T.);
#2052=EDGE_CURVE('',#1581,#1584,#860,.T.);
#2053=EDGE_CURVE('',#1594,#1593,#861,.T.);
#2054=EDGE_CURVE('',#1590,#1591,#862,.T.);
#2055=EDGE_CURVE('',#1586,#1587,#863,.T.);
#2056=EDGE_CURVE('',#1582,#1583,#864,.T.);
#2057=EDGE_CURVE('',#1577,#1578,#865,.T.);
#2058=EDGE_CURVE('',#1486,#1487,#103,.T.);
#2059=EDGE_CURVE('',#1597,#1596,#1144,.T.);
#2060=EDGE_CURVE('',#1598,#1597,#104,.T.);
#2061=EDGE_CURVE('',#1595,#1598,#1145,.T.);
#2062=EDGE_CURVE('',#1597,#1598,#866,.T.);
#2063=EDGE_CURVE('',#1599,#1600,#867,.T.);
#2064=EDGE_CURVE('',#1600,#1599,#868,.T.);
#2065=EDGE_CURVE('',#1600,#1601,#1146,.T.);
#2066=EDGE_CURVE('',#1601,#1601,#869,.T.);
#2067=EDGE_CURVE('',#1602,#1602,#870,.T.);
#2068=EDGE_CURVE('',#1599,#1602,#1147,.T.);
#2069=EDGE_CURVE('',#1603,#1604,#871,.T.);
#2070=EDGE_CURVE('',#1605,#1604,#135,.T.);
#2071=EDGE_CURVE('',#1605,#1606,#872,.T.);
#2072=EDGE_CURVE('',#1607,#1606,#136,.T.);
#2073=EDGE_CURVE('',#1607,#1608,#873,.T.);
#2074=EDGE_CURVE('',#1609,#1608,#137,.T.);
#2075=EDGE_CURVE('',#1609,#1610,#874,.T.);
#2076=EDGE_CURVE('',#1611,#1610,#138,.T.);
#2077=EDGE_CURVE('',#1611,#1612,#875,.T.);
#2078=EDGE_CURVE('',#1613,#1612,#139,.T.);
#2079=EDGE_CURVE('',#1613,#1614,#876,.T.);
#2080=EDGE_CURVE('',#1614,#1615,#1148,.T.);
#2081=EDGE_CURVE('',#1615,#1616,#877,.T.);
#2082=EDGE_CURVE('',#1616,#1615,#878,.T.);
#2083=EDGE_CURVE('',#1614,#1617,#879,.T.);
#2084=EDGE_CURVE('',#1618,#1617,#140,.T.);
#2085=EDGE_CURVE('',#1618,#1619,#880,.T.);
#2086=EDGE_CURVE('',#1620,#1619,#141,.T.);
#2087=EDGE_CURVE('',#1620,#1621,#881,.T.);
#2088=EDGE_CURVE('',#1622,#1621,#142,.T.);
#2089=EDGE_CURVE('',#1622,#1623,#882,.T.);
#2090=EDGE_CURVE('',#1624,#1623,#143,.T.);
#2091=EDGE_CURVE('',#1624,#1625,#883,.T.);
#2092=EDGE_CURVE('',#1603,#1625,#144,.T.);
#2093=EDGE_CURVE('',#1615,#1626,#1149,.T.);
#2094=EDGE_CURVE('',#1626,#1627,#884,.T.);
#2095=EDGE_CURVE('',#1627,#1626,#885,.T.);
#2096=EDGE_CURVE('',#1628,#1629,#886,.T.);
#2097=EDGE_CURVE('',#1629,#1630,#145,.F.);
#2098=EDGE_CURVE('',#1630,#1631,#887,.T.);
#2099=EDGE_CURVE('',#1631,#1628,#146,.F.);
#2100=EDGE_CURVE('',#1632,#1633,#1150,.T.);
#2101=EDGE_CURVE('',#1633,#1634,#888,.T.);
#2102=EDGE_CURVE('',#1634,#1635,#1151,.T.);
#2103=EDGE_CURVE('',#1635,#1632,#889,.T.);
#2104=EDGE_CURVE('',#1636,#1632,#147,.T.);
#2105=EDGE_CURVE('',#1635,#1637,#148,.T.);
#2106=EDGE_CURVE('',#1637,#1636,#890,.T.);
#2107=EDGE_CURVE('',#1638,#1639,#891,.T.);
#2108=EDGE_CURVE('',#1639,#1638,#892,.T.);
#2109=EDGE_CURVE('',#1639,#1640,#1152,.T.);
#2110=EDGE_CURVE('',#1640,#1641,#893,.T.);
#2111=EDGE_CURVE('',#1641,#1640,#894,.T.);
#2112=EDGE_CURVE('',#1642,#1643,#895,.T.);
#2113=EDGE_CURVE('',#1643,#1644,#1153,.T.);
#2114=EDGE_CURVE('',#1645,#1644,#896,.T.);
#2115=EDGE_CURVE('',#1645,#1642,#1154,.T.);
#2116=EDGE_CURVE('',#1646,#1647,#897,.T.);
#2117=EDGE_CURVE('',#1647,#1604,#105,.T.);
#2118=EDGE_CURVE('',#1603,#1646,#106,.T.);
#2119=EDGE_CURVE('',#1640,#1648,#1155,.T.);
#2120=EDGE_CURVE('',#1648,#1649,#898,.T.);
#2121=EDGE_CURVE('',#1649,#1650,#899,.T.);
#2122=EDGE_CURVE('',#1650,#1651,#900,.T.);
#2123=EDGE_CURVE('',#1651,#1652,#901,.T.);
#2124=EDGE_CURVE('',#1652,#1645,#902,.T.);
#2125=EDGE_CURVE('',#1644,#1653,#903,.T.);
#2126=EDGE_CURVE('',#1653,#1654,#904,.T.);
#2127=EDGE_CURVE('',#1654,#1655,#905,.T.);
#2128=EDGE_CURVE('',#1655,#1656,#906,.T.);
#2129=EDGE_CURVE('',#1656,#1648,#907,.T.);
#2130=EDGE_CURVE('',#1657,#1658,#908,.T.);
#2131=EDGE_CURVE('',#1658,#1636,#1156,.T.);
#2132=EDGE_CURVE('',#1637,#1657,#1157,.T.);
#2133=EDGE_CURVE('',#1659,#1660,#909,.T.);
#2134=EDGE_CURVE('',#1659,#1661,#1158,.T.);
#2135=EDGE_CURVE('',#1662,#1661,#910,.T.);
#2136=EDGE_CURVE('',#1662,#1660,#1159,.T.);
#2137=EDGE_CURVE('',#1663,#1659,#149,.F.);
#2138=EDGE_CURVE('',#1660,#1664,#150,.F.);
#2139=EDGE_CURVE('',#1664,#1665,#911,.T.);
#2140=EDGE_CURVE('',#1665,#1666,#151,.F.);
#2141=EDGE_CURVE('',#1666,#1667,#912,.T.);
#2142=EDGE_CURVE('',#1667,#1668,#152,.F.);
#2143=EDGE_CURVE('',#1668,#1669,#913,.T.);
#2144=EDGE_CURVE('',#1669,#1670,#153,.F.);
#2145=EDGE_CURVE('',#1670,#1671,#914,.T.);
#2146=EDGE_CURVE('',#1671,#1672,#154,.F.);
#2147=EDGE_CURVE('',#1672,#1673,#915,.T.);
#2148=EDGE_CURVE('',#1673,#1639,#1160,.T.);
#2149=EDGE_CURVE('',#1673,#1674,#916,.T.);
#2150=EDGE_CURVE('',#1674,#1675,#155,.F.);
#2151=EDGE_CURVE('',#1675,#1676,#917,.T.);
#2152=EDGE_CURVE('',#1676,#1677,#156,.F.);
#2153=EDGE_CURVE('',#1677,#1678,#918,.T.);
#2154=EDGE_CURVE('',#1678,#1679,#157,.F.);
#2155=EDGE_CURVE('',#1679,#1680,#919,.T.);
#2156=EDGE_CURVE('',#1680,#1681,#158,.F.);
#2157=EDGE_CURVE('',#1681,#1663,#920,.T.);
#2158=EDGE_CURVE('',#1682,#1662,#159,.F.);
#2159=EDGE_CURVE('',#1661,#1683,#160,.F.);
#2160=EDGE_CURVE('',#1683,#1682,#921,.T.);
#2161=EDGE_CURVE('',#1684,#1685,#922,.T.);
#2162=EDGE_CURVE('',#1684,#1658,#161,.F.);
#2163=EDGE_CURVE('',#1657,#1685,#162,.T.);
#2164=EDGE_CURVE('',#1685,#1682,#1161,.T.);
#2165=EDGE_CURVE('',#1683,#1684,#1162,.T.);
#2166=EDGE_CURVE('',#1686,#1687,#923,.T.);
#2167=EDGE_CURVE('',#1687,#1631,#163,.T.);
#2168=EDGE_CURVE('',#1630,#1686,#164,.F.);
#2169=EDGE_CURVE('',#1687,#1688,#165,.T.);
#2170=EDGE_CURVE('',#1688,#1664,#166,.T.);
#2171=EDGE_CURVE('',#1689,#1634,#167,.F.);
#2172=EDGE_CURVE('',#1689,#1690,#1163,.T.);
#2173=EDGE_CURVE('',#1690,#1691,#168,.T.);
#2174=EDGE_CURVE('',#1691,#1628,#169,.T.);
#2175=EDGE_CURVE('',#1645,#1605,#170,.T.);
#2176=EDGE_CURVE('',#1605,#1642,#1164,.T.);
#2177=EDGE_CURVE('',#1647,#1605,#1165,.T.);
#2178=EDGE_CURVE('',#1625,#1646,#1166,.T.);
#2179=EDGE_CURVE('',#1643,#1625,#1167,.T.);
#2180=EDGE_CURVE('',#1692,#1686,#171,.T.);
#2181=EDGE_CURVE('',#1629,#1693,#172,.T.);
#2182=EDGE_CURVE('',#1693,#1694,#173,.T.);
#2183=EDGE_CURVE('',#1694,#1695,#1168,.T.);
#2184=EDGE_CURVE('',#1633,#1695,#174,.F.);
#2185=EDGE_CURVE('',#1663,#1692,#175,.T.);
#2186=EDGE_CURVE('',#1625,#1644,#176,.T.);
#2187=EDGE_CURVE('',#1696,#1697,#924,.T.);
#2188=EDGE_CURVE('',#1697,#1698,#177,.F.);
#2189=EDGE_CURVE('',#1698,#1699,#925,.T.);
#2190=EDGE_CURVE('',#1699,#1696,#178,.F.);
#2191=EDGE_CURVE('',#1700,#1701,#1169,.T.);
#2192=EDGE_CURVE('',#1701,#1702,#926,.T.);
#2193=EDGE_CURVE('',#1702,#1703,#1170,.T.);
#2194=EDGE_CURVE('',#1703,#1700,#927,.T.);
#2195=EDGE_CURVE('',#1704,#1700,#179,.T.);
#2196=EDGE_CURVE('',#1703,#1705,#180,.T.);
#2197=EDGE_CURVE('',#1705,#1704,#928,.T.);
#2198=EDGE_CURVE('',#1706,#1707,#929,.T.);
#2199=EDGE_CURVE('',#1707,#1656,#1171,.T.);
#2200=EDGE_CURVE('',#1655,#1706,#1172,.T.);
#2201=EDGE_CURVE('',#1708,#1709,#930,.T.);
#2202=EDGE_CURVE('',#1709,#1619,#107,.T.);
#2203=EDGE_CURVE('',#1618,#1708,#108,.T.);
#2204=EDGE_CURVE('',#1710,#1711,#931,.T.);
#2205=EDGE_CURVE('',#1711,#1704,#1173,.T.);
#2206=EDGE_CURVE('',#1705,#1710,#1174,.T.);
#2207=EDGE_CURVE('',#1675,#1712,#1175,.T.);
#2208=EDGE_CURVE('',#1713,#1712,#932,.T.);
#2209=EDGE_CURVE('',#1713,#1676,#1176,.T.);
#2210=EDGE_CURVE('',#1714,#1713,#181,.F.);
#2211=EDGE_CURVE('',#1712,#1715,#182,.F.);
#2212=EDGE_CURVE('',#1715,#1714,#933,.T.);
#2213=EDGE_CURVE('',#1716,#1717,#934,.T.);
#2214=EDGE_CURVE('',#1716,#1711,#183,.F.);
#2215=EDGE_CURVE('',#1710,#1717,#184,.T.);
#2216=EDGE_CURVE('',#1717,#1714,#1177,.T.);
#2217=EDGE_CURVE('',#1715,#1716,#1178,.T.);
#2218=EDGE_CURVE('',#1655,#1620,#185,.T.);
#2219=EDGE_CURVE('',#1620,#1706,#1179,.T.);
#2220=EDGE_CURVE('',#1709,#1620,#1180,.T.);
#2221=EDGE_CURVE('',#1617,#1708,#1181,.T.);
#2222=EDGE_CURVE('',#1707,#1617,#1182,.T.);
#2223=EDGE_CURVE('',#1617,#1656,#186,.T.);
#2224=EDGE_CURVE('',#1718,#1719,#1183,.T.);
#2225=EDGE_CURVE('',#1719,#1720,#935,.T.);
#2226=EDGE_CURVE('',#1720,#1721,#1184,.T.);
#2227=EDGE_CURVE('',#1721,#1718,#936,.T.);
#2228=EDGE_CURVE('',#1722,#1718,#187,.T.);
#2229=EDGE_CURVE('',#1721,#1723,#188,.T.);
#2230=EDGE_CURVE('',#1723,#1722,#937,.T.);
#2231=EDGE_CURVE('',#1724,#1725,#938,.T.);
#2232=EDGE_CURVE('',#1725,#1650,#1185,.T.);
#2233=EDGE_CURVE('',#1649,#1724,#1186,.T.);
#2234=EDGE_CURVE('',#1726,#1727,#939,.T.);
#2235=EDGE_CURVE('',#1727,#1612,#109,.T.);
#2236=EDGE_CURVE('',#1611,#1726,#110,.T.);
#2237=EDGE_CURVE('',#1727,#1613,#1187,.T.);
#2238=EDGE_CURVE('',#1610,#1726,#1188,.T.);
#2239=EDGE_CURVE('',#1725,#1610,#1189,.T.);
#2240=EDGE_CURVE('',#1613,#1724,#1190,.T.);
#2241=EDGE_CURVE('',#1728,#1729,#940,.T.);
#2242=EDGE_CURVE('',#1729,#1722,#1191,.T.);
#2243=EDGE_CURVE('',#1723,#1728,#1192,.T.);
#2244=EDGE_CURVE('',#1730,#1731,#941,.T.);
#2245=EDGE_CURVE('',#1731,#1720,#189,.F.);
#2246=EDGE_CURVE('',#1719,#1730,#190,.F.);
#2247=EDGE_CURVE('',#1670,#1732,#1193,.T.);
#2248=EDGE_CURVE('',#1733,#1732,#942,.T.);
#2249=EDGE_CURVE('',#1733,#1671,#1194,.T.);
#2250=EDGE_CURVE('',#1734,#1733,#191,.F.);
#2251=EDGE_CURVE('',#1732,#1735,#192,.F.);
#2252=EDGE_CURVE('',#1735,#1734,#943,.T.);
#2253=EDGE_CURVE('',#1736,#1737,#944,.T.);
#2254=EDGE_CURVE('',#1736,#1729,#193,.F.);
#2255=EDGE_CURVE('',#1728,#1737,#194,.T.);
#2256=EDGE_CURVE('',#1737,#1734,#1195,.T.);
#2257=EDGE_CURVE('',#1735,#1736,#1196,.T.);
#2258=EDGE_CURVE('',#1738,#1739,#195,.T.);
#2259=EDGE_CURVE('',#1740,#1739,#196,.F.);
#2260=EDGE_CURVE('',#1741,#1740,#197,.F.);
#2261=EDGE_CURVE('',#1741,#1742,#198,.T.);
#2262=EDGE_CURVE('',#1742,#1743,#199,.T.);
#2263=EDGE_CURVE('',#1743,#1730,#1197,.T.);
#2264=EDGE_CURVE('',#1669,#1738,#200,.T.);
#2265=EDGE_CURVE('',#1610,#1650,#201,.T.);
#2266=EDGE_CURVE('',#1649,#1613,#202,.T.);
#2267=EDGE_CURVE('',#1744,#1745,#945,.T.);
#2268=EDGE_CURVE('',#1745,#1746,#203,.F.);
#2269=EDGE_CURVE('',#1746,#1747,#946,.T.);
#2270=EDGE_CURVE('',#1747,#1744,#204,.F.);
#2271=EDGE_CURVE('',#1748,#1749,#1198,.T.);
#2272=EDGE_CURVE('',#1749,#1750,#947,.T.);
#2273=EDGE_CURVE('',#1750,#1751,#1199,.T.);
#2274=EDGE_CURVE('',#1751,#1748,#948,.T.);
#2275=EDGE_CURVE('',#1752,#1748,#205,.T.);
#2276=EDGE_CURVE('',#1751,#1753,#206,.T.);
#2277=EDGE_CURVE('',#1753,#1752,#949,.T.);
#2278=EDGE_CURVE('',#1754,#1755,#950,.T.);
#2279=EDGE_CURVE('',#1755,#1654,#1200,.T.);
#2280=EDGE_CURVE('',#1653,#1754,#1201,.T.);
#2281=EDGE_CURVE('',#1756,#1757,#951,.T.);
#2282=EDGE_CURVE('',#1757,#1623,#111,.T.);
#2283=EDGE_CURVE('',#1622,#1756,#112,.T.);
#2284=EDGE_CURVE('',#1758,#1759,#952,.T.);
#2285=EDGE_CURVE('',#1759,#1752,#1202,.T.);
#2286=EDGE_CURVE('',#1753,#1758,#1203,.T.);
#2287=EDGE_CURVE('',#1679,#1760,#1204,.T.);
#2288=EDGE_CURVE('',#1761,#1760,#953,.T.);
#2289=EDGE_CURVE('',#1761,#1680,#1205,.T.);
#2290=EDGE_CURVE('',#1762,#1761,#207,.F.);
#2291=EDGE_CURVE('',#1760,#1763,#208,.F.);
#2292=EDGE_CURVE('',#1763,#1762,#954,.T.);
#2293=EDGE_CURVE('',#1764,#1765,#955,.T.);
#2294=EDGE_CURVE('',#1764,#1759,#209,.F.);
#2295=EDGE_CURVE('',#1758,#1765,#210,.T.);
#2296=EDGE_CURVE('',#1765,#1762,#1206,.T.);
#2297=EDGE_CURVE('',#1763,#1764,#1207,.T.);
#2298=EDGE_CURVE('',#1653,#1624,#211,.T.);
#2299=EDGE_CURVE('',#1624,#1754,#1208,.T.);
#2300=EDGE_CURVE('',#1757,#1624,#1209,.T.);
#2301=EDGE_CURVE('',#1621,#1756,#1210,.T.);
#2302=EDGE_CURVE('',#1755,#1621,#1211,.T.);
#2303=EDGE_CURVE('',#1621,#1654,#212,.T.);
#2304=EDGE_CURVE('',#1766,#1767,#956,.T.);
#2305=EDGE_CURVE('',#1767,#1768,#213,.F.);
#2306=EDGE_CURVE('',#1768,#1769,#957,.T.);
#2307=EDGE_CURVE('',#1769,#1766,#214,.F.);
#2308=EDGE_CURVE('',#1770,#1771,#1212,.T.);
#2309=EDGE_CURVE('',#1771,#1772,#958,.T.);
#2310=EDGE_CURVE('',#1772,#1773,#1213,.T.);
#2311=EDGE_CURVE('',#1773,#1770,#959,.T.);
#2312=EDGE_CURVE('',#1774,#1770,#215,.T.);
#2313=EDGE_CURVE('',#1773,#1775,#216,.T.);
#2314=EDGE_CURVE('',#1775,#1774,#960,.T.);
#2315=EDGE_CURVE('',#1776,#1777,#961,.T.);
#2316=EDGE_CURVE('',#1777,#1652,#1214,.T.);
#2317=EDGE_CURVE('',#1651,#1776,#1215,.T.);
#2318=EDGE_CURVE('',#1778,#1779,#962,.T.);
#2319=EDGE_CURVE('',#1779,#1608,#113,.T.);
#2320=EDGE_CURVE('',#1607,#1778,#114,.T.);
#2321=EDGE_CURVE('',#1780,#1781,#963,.T.);
#2322=EDGE_CURVE('',#1781,#1774,#1216,.T.);
#2323=EDGE_CURVE('',#1775,#1780,#1217,.T.);
#2324=EDGE_CURVE('',#1666,#1782,#1218,.T.);
#2325=EDGE_CURVE('',#1783,#1782,#964,.T.);
#2326=EDGE_CURVE('',#1783,#1667,#1219,.T.);
#2327=EDGE_CURVE('',#1784,#1783,#217,.F.);
#2328=EDGE_CURVE('',#1782,#1785,#218,.F.);
#2329=EDGE_CURVE('',#1785,#1784,#965,.T.);
#2330=EDGE_CURVE('',#1786,#1787,#966,.T.);
#2331=EDGE_CURVE('',#1786,#1781,#219,.F.);
#2332=EDGE_CURVE('',#1780,#1787,#220,.T.);
#2333=EDGE_CURVE('',#1787,#1784,#1220,.T.);
#2334=EDGE_CURVE('',#1785,#1786,#1221,.T.);
#2335=EDGE_CURVE('',#1788,#1789,#967,.T.);
#2336=EDGE_CURVE('',#1789,#1769,#221,.T.);
#2337=EDGE_CURVE('',#1768,#1788,#222,.F.);
#2338=EDGE_CURVE('',#1789,#1790,#223,.T.);
#2339=EDGE_CURVE('',#1790,#1668,#224,.T.);
#2340=EDGE_CURVE('',#1791,#1772,#225,.F.);
#2341=EDGE_CURVE('',#1791,#1792,#1222,.T.);
#2342=EDGE_CURVE('',#1792,#1793,#226,.T.);
#2343=EDGE_CURVE('',#1793,#1766,#227,.T.);
#2344=EDGE_CURVE('',#1651,#1609,#228,.T.);
#2345=EDGE_CURVE('',#1609,#1776,#1223,.T.);
#2346=EDGE_CURVE('',#1779,#1609,#1224,.T.);
#2347=EDGE_CURVE('',#1606,#1778,#1225,.T.);
#2348=EDGE_CURVE('',#1777,#1606,#1226,.T.);
#2349=EDGE_CURVE('',#1794,#1788,#229,.T.);
#2350=EDGE_CURVE('',#1767,#1795,#230,.T.);
#2351=EDGE_CURVE('',#1795,#1796,#231,.T.);
#2352=EDGE_CURVE('',#1796,#1797,#1227,.T.);
#2353=EDGE_CURVE('',#1771,#1797,#232,.F.);
#2354=EDGE_CURVE('',#1665,#1794,#233,.T.);
#2355=EDGE_CURVE('',#1606,#1652,#234,.T.);
#2356=EDGE_CURVE('',#1798,#1799,#968,.T.);
#2357=EDGE_CURVE('',#1799,#1692,#969,.T.);
#2358=EDGE_CURVE('',#1798,#1681,#235,.T.);
#2359=EDGE_CURVE('',#1688,#1794,#970,.T.);
#2360=EDGE_CURVE('',#1790,#1738,#971,.T.);
#2361=EDGE_CURVE('',#1695,#1689,#972,.T.);
#2362=EDGE_CURVE('',#1800,#1801,#973,.T.);
#2363=EDGE_CURVE('',#1801,#1702,#236,.F.);
#2364=EDGE_CURVE('',#1701,#1800,#237,.F.);
#2365=EDGE_CURVE('',#1802,#1803,#238,.T.);
#2366=EDGE_CURVE('',#1803,#1677,#239,.T.);
#2367=EDGE_CURVE('',#1801,#1804,#1228,.T.);
#2368=EDGE_CURVE('',#1804,#1805,#240,.T.);
#2369=EDGE_CURVE('',#1805,#1696,#241,.T.);
#2370=EDGE_CURVE('',#1802,#1699,#242,.T.);
#2371=EDGE_CURVE('',#1806,#1807,#243,.T.);
#2372=EDGE_CURVE('',#1698,#1807,#244,.F.);
#2373=EDGE_CURVE('',#1697,#1808,#245,.T.);
#2374=EDGE_CURVE('',#1808,#1809,#246,.T.);
#2375=EDGE_CURVE('',#1809,#1800,#1229,.T.);
#2376=EDGE_CURVE('',#1674,#1806,#247,.T.);
#2377=EDGE_CURVE('',#1810,#1811,#248,.T.);
#2378=EDGE_CURVE('',#1811,#1672,#249,.T.);
#2379=EDGE_CURVE('',#1731,#1812,#1230,.T.);
#2380=EDGE_CURVE('',#1812,#1813,#250,.T.);
#2381=EDGE_CURVE('',#1813,#1814,#251,.T.);
#2382=EDGE_CURVE('',#1815,#1814,#252,.F.);
#2383=EDGE_CURVE('',#1810,#1815,#253,.T.);
#2384=EDGE_CURVE('',#1814,#1741,#974,.T.);
#2385=EDGE_CURVE('',#1740,#1815,#975,.T.);
#2386=EDGE_CURVE('',#1816,#1817,#976,.T.);
#2387=EDGE_CURVE('',#1817,#1750,#254,.F.);
#2388=EDGE_CURVE('',#1749,#1816,#255,.F.);
#2389=EDGE_CURVE('',#1818,#1798,#256,.T.);
#2390=EDGE_CURVE('',#1817,#1819,#1231,.T.);
#2391=EDGE_CURVE('',#1819,#1820,#257,.T.);
#2392=EDGE_CURVE('',#1820,#1744,#258,.T.);
#2393=EDGE_CURVE('',#1818,#1747,#259,.T.);
#2394=EDGE_CURVE('',#1821,#1822,#260,.T.);
#2395=EDGE_CURVE('',#1746,#1822,#261,.F.);
#2396=EDGE_CURVE('',#1745,#1823,#262,.T.);
#2397=EDGE_CURVE('',#1823,#1824,#263,.T.);
#2398=EDGE_CURVE('',#1824,#1816,#1232,.T.);
#2399=EDGE_CURVE('',#1678,#1821,#264,.T.);
#2400=EDGE_CURVE('',#1797,#1791,#977,.T.);
#2401=EDGE_CURVE('',#1822,#1818,#978,.T.);
#2402=EDGE_CURVE('',#1803,#1821,#979,.T.);
#2403=EDGE_CURVE('',#1807,#1802,#980,.T.);
#2404=EDGE_CURVE('',#1811,#1806,#981,.T.);
#2405=EDGE_CURVE('',#1739,#1810,#982,.T.);
#2406=EDGE_CURVE('',#1825,#1826,#983,.T.);
#2407=EDGE_CURVE('',#1826,#1827,#1233,.T.);
#2408=EDGE_CURVE('',#1828,#1827,#984,.T.);
#2409=EDGE_CURVE('',#1827,#1828,#985,.T.);
#2410=EDGE_CURVE('',#1826,#1825,#986,.T.);
#2411=EDGE_CURVE('',#1829,#1830,#987,.T.);
#2412=EDGE_CURVE('',#1830,#1831,#1234,.T.);
#2413=EDGE_CURVE('',#1831,#1832,#988,.T.);
#2414=EDGE_CURVE('',#1832,#1831,#989,.T.);
#2415=EDGE_CURVE('',#1830,#1829,#990,.T.);
#2416=EDGE_CURVE('',#1833,#1834,#991,.T.);
#2417=EDGE_CURVE('',#1834,#1830,#1235,.T.);
#2418=EDGE_CURVE('',#1834,#1833,#992,.T.);
#2419=EDGE_CURVE('',#1835,#1836,#993,.T.);
#2420=EDGE_CURVE('',#1836,#1834,#1236,.T.);
#2421=EDGE_CURVE('',#1836,#1835,#994,.T.);
#2422=EDGE_CURVE('',#1837,#1838,#995,.T.);
#2423=EDGE_CURVE('',#1838,#1839,#1237,.T.);
#2424=EDGE_CURVE('',#1840,#1839,#996,.T.);
#2425=EDGE_CURVE('',#1839,#1840,#997,.T.);
#2426=EDGE_CURVE('',#1838,#1837,#998,.T.);
#2427=EDGE_CURVE('',#1827,#1838,#1238,.T.);
#2428=EDGE_CURVE('',#1841,#1841,#999,.T.);
#2429=EDGE_CURVE('',#1841,#1826,#1239,.T.);
#2430=EDGE_CURVE('',#1842,#1842,#1000,.T.);
#2431=EDGE_CURVE('',#1843,#1843,#1001,.T.);
#2432=EDGE_CURVE('',#1844,#1845,#1002,.T.);
#2433=EDGE_CURVE('',#1845,#1844,#1003,.T.);
#2434=EDGE_CURVE('',#1845,#1846,#1240,.T.);
#2435=EDGE_CURVE('',#1846,#1846,#1004,.T.);
#2436=EDGE_CURVE('',#1847,#1847,#1005,.T.);
#2437=EDGE_CURVE('',#1848,#1848,#1006,.T.);
#2438=EDGE_CURVE('',#1848,#1845,#1241,.T.);
#2439=EDGE_CURVE('',#1849,#1850,#1007,.T.);
#2440=EDGE_CURVE('',#1850,#1849,#1008,.T.);
#2441=EDGE_CURVE('',#1850,#1851,#1242,.T.);
#2442=EDGE_CURVE('',#1851,#1852,#1009,.T.);
#2443=EDGE_CURVE('',#1852,#1851,#1010,.T.);
#2444=EDGE_CURVE('',#1853,#1853,#1011,.T.);
#2445=EDGE_CURVE('',#1853,#1854,#1243,.T.);
#2446=EDGE_CURVE('',#1854,#1855,#1012,.T.);
#2447=EDGE_CURVE('',#1855,#1854,#1013,.T.);
#2448=EDGE_CURVE('',#1854,#1856,#1244,.T.);
#2449=EDGE_CURVE('',#1856,#1856,#1014,.T.);
#2450=EDGE_CURVE('',#1857,#1857,#1015,.T.);
#2451=EDGE_CURVE('',#1857,#1858,#1245,.T.);
#2452=EDGE_CURVE('',#1858,#1859,#1016,.T.);
#2453=EDGE_CURVE('',#1859,#1858,#1017,.T.);
#2454=EDGE_CURVE('',#1847,#1860,#1246,.T.);
#2455=EDGE_CURVE('',#1860,#1860,#1018,.T.);
#2456=EDGE_CURVE('',#1842,#1861,#1247,.T.);
#2457=EDGE_CURVE('',#1861,#1861,#1019,.T.);
#2458=EDGE_CURVE('',#1691,#1795,#1020,.T.);
#2459=EDGE_CURVE('',#1690,#1796,#1021,.T.);
#2460=EDGE_CURVE('',#1862,#1694,#1022,.T.);
#2461=EDGE_CURVE('',#1862,#1850,#1248,.T.);
#2462=EDGE_CURVE('',#1819,#1862,#1023,.T.);
#2463=EDGE_CURVE('',#1804,#1824,#1024,.T.);
#2464=EDGE_CURVE('',#1812,#1809,#1025,.T.);
#2465=EDGE_CURVE('',#1792,#1743,#1026,.T.);
#2466=EDGE_CURVE('',#1863,#1863,#1027,.T.);
#2467=EDGE_CURVE('',#1863,#1848,#1249,.T.);
#2468=EDGE_CURVE('',#1864,#1864,#1028,.T.);
#2469=EDGE_CURVE('',#1864,#1843,#1250,.T.);
#2470=EDGE_CURVE('',#1865,#1865,#1029,.T.);
#2471=EDGE_CURVE('',#1856,#1857,#1251,.T.);
#2472=EDGE_CURVE('',#1858,#1627,#1252,.T.);
#2473=EDGE_CURVE('',#1799,#1866,#1253,.T.);
#2474=EDGE_CURVE('',#1866,#1866,#1030,.T.);
#2475=EDGE_CURVE('',#1805,#1823,#1031,.T.);
#2476=EDGE_CURVE('',#1813,#1808,#1032,.T.);
#2477=EDGE_CURVE('',#1793,#1742,#1033,.T.);
#2478=EDGE_CURVE('',#1867,#1693,#1034,.T.);
#2479=EDGE_CURVE('',#1820,#1867,#1035,.T.);
#2480=EDGE_CURVE('',#1866,#1867,#1254,.T.);
#2481=EDGE_CURVE('',#1865,#1868,#1255,.T.);
#2482=EDGE_CURVE('',#1868,#1868,#1036,.T.);
#2483=EDGE_CURVE('',#1869,#1870,#1037,.T.);
#2484=EDGE_CURVE('',#1870,#1869,#1038,.T.);
#2485=EDGE_CURVE('',#1870,#1871,#1256,.T.);
#2486=EDGE_CURVE('',#1871,#1872,#1039,.T.);
#2487=EDGE_CURVE('',#1872,#1871,#1040,.T.);
#2488=EDGE_CURVE('',#1831,#1873,#1257,.T.);
#2489=EDGE_CURVE('',#1873,#1874,#1041,.T.);
#2490=EDGE_CURVE('',#1874,#1873,#1042,.T.);
#2491=EDGE_CURVE('',#1875,#1875,#1043,.T.);
#2492=EDGE_CURVE('',#1875,#1874,#1258,.T.);
#2493=ORIENTED_EDGE('',*,*,#1876,.T.);
#2494=ORIENTED_EDGE('',*,*,#1877,.T.);
#2495=ORIENTED_EDGE('',*,*,#1878,.T.);
#2496=ORIENTED_EDGE('',*,*,#1879,.T.);
#2497=ORIENTED_EDGE('',*,*,#1880,.F.);
#2498=ORIENTED_EDGE('',*,*,#1881,.T.);
#2499=ORIENTED_EDGE('',*,*,#1882,.T.);
#2500=ORIENTED_EDGE('',*,*,#1883,.T.);
#2501=ORIENTED_EDGE('',*,*,#1884,.T.);
#2502=ORIENTED_EDGE('',*,*,#1885,.T.);
#2503=ORIENTED_EDGE('',*,*,#1886,.T.);
#2504=ORIENTED_EDGE('',*,*,#1887,.T.);
#2505=ORIENTED_EDGE('',*,*,#1888,.T.);
#2506=ORIENTED_EDGE('',*,*,#1889,.T.);
#2507=ORIENTED_EDGE('',*,*,#1890,.T.);
#2508=ORIENTED_EDGE('',*,*,#1891,.F.);
#2509=ORIENTED_EDGE('',*,*,#1892,.T.);
#2510=ORIENTED_EDGE('',*,*,#1893,.T.);
#2511=ORIENTED_EDGE('',*,*,#1894,.T.);
#2512=ORIENTED_EDGE('',*,*,#1895,.T.);
#2513=ORIENTED_EDGE('',*,*,#1896,.T.);
#2514=ORIENTED_EDGE('',*,*,#1897,.F.);
#2515=ORIENTED_EDGE('',*,*,#1898,.T.);
#2516=ORIENTED_EDGE('',*,*,#1899,.T.);
#2517=ORIENTED_EDGE('',*,*,#1900,.T.);
#2518=ORIENTED_EDGE('',*,*,#1901,.T.);
#2519=ORIENTED_EDGE('',*,*,#1902,.T.);
#2520=ORIENTED_EDGE('',*,*,#1903,.F.);
#2521=ORIENTED_EDGE('',*,*,#1904,.T.);
#2522=ORIENTED_EDGE('',*,*,#1905,.T.);
#2523=ORIENTED_EDGE('',*,*,#1906,.T.);
#2524=ORIENTED_EDGE('',*,*,#1907,.T.);
#2525=ORIENTED_EDGE('',*,*,#1908,.T.);
#2526=ORIENTED_EDGE('',*,*,#1879,.F.);
#2527=ORIENTED_EDGE('',*,*,#1909,.T.);
#2528=ORIENTED_EDGE('',*,*,#1910,.T.);
#2529=ORIENTED_EDGE('',*,*,#1911,.T.);
#2530=ORIENTED_EDGE('',*,*,#1912,.T.);
#2531=ORIENTED_EDGE('',*,*,#1903,.T.);
#2532=ORIENTED_EDGE('',*,*,#1913,.T.);
#2533=ORIENTED_EDGE('',*,*,#1914,.T.);
#2534=ORIENTED_EDGE('',*,*,#1915,.T.);
#2535=ORIENTED_EDGE('',*,*,#1897,.T.);
#2536=ORIENTED_EDGE('',*,*,#1915,.F.);
#2537=ORIENTED_EDGE('',*,*,#1916,.F.);
#2538=ORIENTED_EDGE('',*,*,#1917,.F.);
#2539=ORIENTED_EDGE('',*,*,#1918,.F.);
#2540=ORIENTED_EDGE('',*,*,#1919,.F.);
#2541=ORIENTED_EDGE('',*,*,#1920,.F.);
#2542=ORIENTED_EDGE('',*,*,#1921,.F.);
#2543=ORIENTED_EDGE('',*,*,#1922,.F.);
#2544=ORIENTED_EDGE('',*,*,#1898,.F.);
#2545=ORIENTED_EDGE('',*,*,#1923,.T.);
#2546=ORIENTED_EDGE('',*,*,#1924,.T.);
#2547=ORIENTED_EDGE('',*,*,#1925,.T.);
#2548=ORIENTED_EDGE('',*,*,#1891,.T.);
#2549=ORIENTED_EDGE('',*,*,#1925,.F.);
#2550=ORIENTED_EDGE('',*,*,#1926,.F.);
#2551=ORIENTED_EDGE('',*,*,#1927,.F.);
#2552=ORIENTED_EDGE('',*,*,#1928,.F.);
#2553=ORIENTED_EDGE('',*,*,#1929,.F.);
#2554=ORIENTED_EDGE('',*,*,#1930,.F.);
#2555=ORIENTED_EDGE('',*,*,#1931,.F.);
#2556=ORIENTED_EDGE('',*,*,#1932,.F.);
#2557=ORIENTED_EDGE('',*,*,#1892,.F.);
#2558=ORIENTED_EDGE('',*,*,#1933,.F.);
#2559=ORIENTED_EDGE('',*,*,#1934,.F.);
#2560=ORIENTED_EDGE('',*,*,#1935,.F.);
#2561=ORIENTED_EDGE('',*,*,#1936,.F.);
#2562=ORIENTED_EDGE('',*,*,#1937,.F.);
#2563=ORIENTED_EDGE('',*,*,#1938,.F.);
#2564=ORIENTED_EDGE('',*,*,#1939,.F.);
#2565=ORIENTED_EDGE('',*,*,#1940,.F.);
#2566=ORIENTED_EDGE('',*,*,#1886,.F.);
#2567=ORIENTED_EDGE('',*,*,#1885,.F.);
#2568=ORIENTED_EDGE('',*,*,#1941,.T.);
#2569=ORIENTED_EDGE('',*,*,#1942,.F.);
#2570=ORIENTED_EDGE('',*,*,#1933,.T.);
#2571=ORIENTED_EDGE('',*,*,#1943,.F.);
#2572=ORIENTED_EDGE('',*,*,#1944,.T.);
#2573=ORIENTED_EDGE('',*,*,#1945,.T.);
#2574=ORIENTED_EDGE('',*,*,#1938,.T.);
#2575=ORIENTED_EDGE('',*,*,#1937,.T.);
#2576=ORIENTED_EDGE('',*,*,#1946,.T.);
#2577=ORIENTED_EDGE('',*,*,#1947,.T.);
#2578=ORIENTED_EDGE('',*,*,#1943,.T.);
#2579=ORIENTED_EDGE('',*,*,#1884,.F.);
#2580=ORIENTED_EDGE('',*,*,#1948,.T.);
#2581=ORIENTED_EDGE('',*,*,#1949,.F.);
#2582=ORIENTED_EDGE('',*,*,#1944,.F.);
#2583=ORIENTED_EDGE('',*,*,#1947,.F.);
#2584=ORIENTED_EDGE('',*,*,#1950,.F.);
#2585=ORIENTED_EDGE('',*,*,#1951,.F.);
#2586=ORIENTED_EDGE('',*,*,#1952,.F.);
#2587=ORIENTED_EDGE('',*,*,#1941,.F.);
#2588=ORIENTED_EDGE('',*,*,#1953,.T.);
#2589=ORIENTED_EDGE('',*,*,#1954,.T.);
#2590=ORIENTED_EDGE('',*,*,#1955,.T.);
#2591=ORIENTED_EDGE('',*,*,#1956,.T.);
#2592=ORIENTED_EDGE('',*,*,#1956,.F.);
#2593=ORIENTED_EDGE('',*,*,#1957,.T.);
#2594=ORIENTED_EDGE('',*,*,#1958,.F.);
#2595=ORIENTED_EDGE('',*,*,#1959,.T.);
#2596=ORIENTED_EDGE('',*,*,#1960,.T.);
#2597=ORIENTED_EDGE('',*,*,#1961,.T.);
#2598=ORIENTED_EDGE('',*,*,#1962,.T.);
#2599=ORIENTED_EDGE('',*,*,#1963,.T.);
#2600=ORIENTED_EDGE('',*,*,#1964,.T.);
#2601=ORIENTED_EDGE('',*,*,#1964,.F.);
#2602=ORIENTED_EDGE('',*,*,#1965,.T.);
#2603=ORIENTED_EDGE('',*,*,#1966,.F.);
#2604=ORIENTED_EDGE('',*,*,#1967,.T.);
#2605=ORIENTED_EDGE('',*,*,#1968,.T.);
#2606=ORIENTED_EDGE('',*,*,#1969,.T.);
#2607=ORIENTED_EDGE('',*,*,#1920,.T.);
#2608=ORIENTED_EDGE('',*,*,#1970,.T.);
#2609=ORIENTED_EDGE('',*,*,#1970,.F.);
#2610=ORIENTED_EDGE('',*,*,#1919,.T.);
#2611=ORIENTED_EDGE('',*,*,#1971,.F.);
#2612=ORIENTED_EDGE('',*,*,#1972,.T.);
#2613=ORIENTED_EDGE('',*,*,#1973,.T.);
#2614=ORIENTED_EDGE('',*,*,#1974,.T.);
#2615=ORIENTED_EDGE('',*,*,#1930,.T.);
#2616=ORIENTED_EDGE('',*,*,#1975,.T.);
#2617=ORIENTED_EDGE('',*,*,#1923,.F.);
#2618=ORIENTED_EDGE('',*,*,#1890,.F.);
#2619=ORIENTED_EDGE('',*,*,#1976,.T.);
#2620=ORIENTED_EDGE('',*,*,#1977,.F.);
#2621=ORIENTED_EDGE('',*,*,#1973,.F.);
#2622=ORIENTED_EDGE('',*,*,#1978,.F.);
#2623=ORIENTED_EDGE('',*,*,#1979,.F.);
#2624=ORIENTED_EDGE('',*,*,#1980,.F.);
#2625=ORIENTED_EDGE('',*,*,#1981,.F.);
#2626=ORIENTED_EDGE('',*,*,#1975,.F.);
#2627=ORIENTED_EDGE('',*,*,#1929,.T.);
#2628=ORIENTED_EDGE('',*,*,#1982,.F.);
#2629=ORIENTED_EDGE('',*,*,#1978,.T.);
#2630=ORIENTED_EDGE('',*,*,#1983,.F.);
#2631=ORIENTED_EDGE('',*,*,#1984,.T.);
#2632=ORIENTED_EDGE('',*,*,#1880,.T.);
#2633=ORIENTED_EDGE('',*,*,#1984,.F.);
#2634=ORIENTED_EDGE('',*,*,#1934,.T.);
#2635=ORIENTED_EDGE('',*,*,#1942,.T.);
#2636=ORIENTED_EDGE('',*,*,#1952,.T.);
#2637=ORIENTED_EDGE('',*,*,#1985,.F.);
#2638=ORIENTED_EDGE('',*,*,#1985,.T.);
#2639=ORIENTED_EDGE('',*,*,#1951,.T.);
#2640=ORIENTED_EDGE('',*,*,#1986,.F.);
#2641=ORIENTED_EDGE('',*,*,#1935,.T.);
#2642=ORIENTED_EDGE('',*,*,#1986,.T.);
#2643=ORIENTED_EDGE('',*,*,#1950,.T.);
#2644=ORIENTED_EDGE('',*,*,#1946,.F.);
#2645=ORIENTED_EDGE('',*,*,#1936,.T.);
#2646=ORIENTED_EDGE('',*,*,#1876,.F.);
#2647=ORIENTED_EDGE('',*,*,#1908,.F.);
#2648=ORIENTED_EDGE('',*,*,#1987,.T.);
#2649=ORIENTED_EDGE('',*,*,#1988,.F.);
#2650=ORIENTED_EDGE('',*,*,#1953,.F.);
#2651=ORIENTED_EDGE('',*,*,#1959,.F.);
#2652=ORIENTED_EDGE('',*,*,#1989,.F.);
#2653=ORIENTED_EDGE('',*,*,#1990,.F.);
#2654=ORIENTED_EDGE('',*,*,#1991,.F.);
#2655=ORIENTED_EDGE('',*,*,#1958,.T.);
#2656=ORIENTED_EDGE('',*,*,#1992,.T.);
#2657=ORIENTED_EDGE('',*,*,#1993,.F.);
#2658=ORIENTED_EDGE('',*,*,#1989,.T.);
#2659=ORIENTED_EDGE('',*,*,#1910,.F.);
#2660=ORIENTED_EDGE('',*,*,#1902,.F.);
#2661=ORIENTED_EDGE('',*,*,#1994,.T.);
#2662=ORIENTED_EDGE('',*,*,#1995,.F.);
#2663=ORIENTED_EDGE('',*,*,#1960,.F.);
#2664=ORIENTED_EDGE('',*,*,#1967,.F.);
#2665=ORIENTED_EDGE('',*,*,#1996,.F.);
#2666=ORIENTED_EDGE('',*,*,#1997,.F.);
#2667=ORIENTED_EDGE('',*,*,#1998,.F.);
#2668=ORIENTED_EDGE('',*,*,#1966,.T.);
#2669=ORIENTED_EDGE('',*,*,#1999,.T.);
#2670=ORIENTED_EDGE('',*,*,#2000,.F.);
#2671=ORIENTED_EDGE('',*,*,#1996,.T.);
#2672=ORIENTED_EDGE('',*,*,#1913,.F.);
#2673=ORIENTED_EDGE('',*,*,#1896,.F.);
#2674=ORIENTED_EDGE('',*,*,#2001,.T.);
#2675=ORIENTED_EDGE('',*,*,#2002,.F.);
#2676=ORIENTED_EDGE('',*,*,#1968,.F.);
#2677=ORIENTED_EDGE('',*,*,#1972,.F.);
#2678=ORIENTED_EDGE('',*,*,#2003,.F.);
#2679=ORIENTED_EDGE('',*,*,#2004,.F.);
#2680=ORIENTED_EDGE('',*,*,#2005,.F.);
#2681=ORIENTED_EDGE('',*,*,#1971,.T.);
#2682=ORIENTED_EDGE('',*,*,#1918,.T.);
#2683=ORIENTED_EDGE('',*,*,#2006,.F.);
#2684=ORIENTED_EDGE('',*,*,#2003,.T.);
#2685=ORIENTED_EDGE('',*,*,#1982,.T.);
#2686=ORIENTED_EDGE('',*,*,#1928,.T.);
#2687=ORIENTED_EDGE('',*,*,#2007,.F.);
#2688=ORIENTED_EDGE('',*,*,#1979,.T.);
#2689=ORIENTED_EDGE('',*,*,#1993,.T.);
#2690=ORIENTED_EDGE('',*,*,#2008,.T.);
#2691=ORIENTED_EDGE('',*,*,#2009,.F.);
#2692=ORIENTED_EDGE('',*,*,#1990,.T.);
#2693=ORIENTED_EDGE('',*,*,#2000,.T.);
#2694=ORIENTED_EDGE('',*,*,#2010,.T.);
#2695=ORIENTED_EDGE('',*,*,#2011,.F.);
#2696=ORIENTED_EDGE('',*,*,#1997,.T.);
#2697=ORIENTED_EDGE('',*,*,#2006,.T.);
#2698=ORIENTED_EDGE('',*,*,#1917,.T.);
#2699=ORIENTED_EDGE('',*,*,#2012,.F.);
#2700=ORIENTED_EDGE('',*,*,#2004,.T.);
#2701=ORIENTED_EDGE('',*,*,#2007,.T.);
#2702=ORIENTED_EDGE('',*,*,#1927,.T.);
#2703=ORIENTED_EDGE('',*,*,#2013,.F.);
#2704=ORIENTED_EDGE('',*,*,#1980,.T.);
#2705=ORIENTED_EDGE('',*,*,#2009,.T.);
#2706=ORIENTED_EDGE('',*,*,#2014,.T.);
#2707=ORIENTED_EDGE('',*,*,#1877,.F.);
#2708=ORIENTED_EDGE('',*,*,#1991,.T.);
#2709=ORIENTED_EDGE('',*,*,#2011,.T.);
#2710=ORIENTED_EDGE('',*,*,#2015,.T.);
#2711=ORIENTED_EDGE('',*,*,#1911,.F.);
#2712=ORIENTED_EDGE('',*,*,#1998,.T.);
#2713=ORIENTED_EDGE('',*,*,#2012,.T.);
#2714=ORIENTED_EDGE('',*,*,#1916,.T.);
#2715=ORIENTED_EDGE('',*,*,#1914,.F.);
#2716=ORIENTED_EDGE('',*,*,#2005,.T.);
#2717=ORIENTED_EDGE('',*,*,#2013,.T.);
#2718=ORIENTED_EDGE('',*,*,#1926,.T.);
#2719=ORIENTED_EDGE('',*,*,#1924,.F.);
#2720=ORIENTED_EDGE('',*,*,#1981,.T.);
#2721=ORIENTED_EDGE('',*,*,#1883,.F.);
#2722=ORIENTED_EDGE('',*,*,#2016,.F.);
#2723=ORIENTED_EDGE('',*,*,#1881,.F.);
#2724=ORIENTED_EDGE('',*,*,#2017,.T.);
#2725=ORIENTED_EDGE('',*,*,#2018,.F.);
#2726=ORIENTED_EDGE('',*,*,#2019,.F.);
#2727=ORIENTED_EDGE('',*,*,#2020,.F.);
#2728=ORIENTED_EDGE('',*,*,#2021,.F.);
#2729=ORIENTED_EDGE('',*,*,#2022,.F.);
#2730=ORIENTED_EDGE('',*,*,#1948,.F.);
#2731=ORIENTED_EDGE('',*,*,#1909,.F.);
#2732=ORIENTED_EDGE('',*,*,#1878,.F.);
#2733=ORIENTED_EDGE('',*,*,#2014,.F.);
#2734=ORIENTED_EDGE('',*,*,#2008,.F.);
#2735=ORIENTED_EDGE('',*,*,#1992,.F.);
#2736=ORIENTED_EDGE('',*,*,#1957,.F.);
#2737=ORIENTED_EDGE('',*,*,#1955,.F.);
#2738=ORIENTED_EDGE('',*,*,#2023,.F.);
#2739=ORIENTED_EDGE('',*,*,#2017,.F.);
#2740=ORIENTED_EDGE('',*,*,#1907,.F.);
#2741=ORIENTED_EDGE('',*,*,#2024,.F.);
#2742=ORIENTED_EDGE('',*,*,#1905,.F.);
#2743=ORIENTED_EDGE('',*,*,#2025,.T.);
#2744=ORIENTED_EDGE('',*,*,#2026,.F.);
#2745=ORIENTED_EDGE('',*,*,#2027,.F.);
#2746=ORIENTED_EDGE('',*,*,#2028,.F.);
#2747=ORIENTED_EDGE('',*,*,#2029,.F.);
#2748=ORIENTED_EDGE('',*,*,#2030,.F.);
#2749=ORIENTED_EDGE('',*,*,#1987,.F.);
#2750=ORIENTED_EDGE('',*,*,#1904,.F.);
#2751=ORIENTED_EDGE('',*,*,#1912,.F.);
#2752=ORIENTED_EDGE('',*,*,#2015,.F.);
#2753=ORIENTED_EDGE('',*,*,#2010,.F.);
#2754=ORIENTED_EDGE('',*,*,#1999,.F.);
#2755=ORIENTED_EDGE('',*,*,#1965,.F.);
#2756=ORIENTED_EDGE('',*,*,#1963,.F.);
#2757=ORIENTED_EDGE('',*,*,#2031,.F.);
#2758=ORIENTED_EDGE('',*,*,#2025,.F.);
#2759=ORIENTED_EDGE('',*,*,#1901,.F.);
#2760=ORIENTED_EDGE('',*,*,#2032,.F.);
#2761=ORIENTED_EDGE('',*,*,#1899,.F.);
#2762=ORIENTED_EDGE('',*,*,#1922,.T.);
#2763=ORIENTED_EDGE('',*,*,#2033,.F.);
#2764=ORIENTED_EDGE('',*,*,#2034,.F.);
#2765=ORIENTED_EDGE('',*,*,#2035,.F.);
#2766=ORIENTED_EDGE('',*,*,#2036,.F.);
#2767=ORIENTED_EDGE('',*,*,#2037,.F.);
#2768=ORIENTED_EDGE('',*,*,#1994,.F.);
#2769=ORIENTED_EDGE('',*,*,#1895,.F.);
#2770=ORIENTED_EDGE('',*,*,#2038,.F.);
#2771=ORIENTED_EDGE('',*,*,#1893,.F.);
#2772=ORIENTED_EDGE('',*,*,#1932,.T.);
#2773=ORIENTED_EDGE('',*,*,#2039,.F.);
#2774=ORIENTED_EDGE('',*,*,#2040,.F.);
#2775=ORIENTED_EDGE('',*,*,#2041,.F.);
#2776=ORIENTED_EDGE('',*,*,#2042,.F.);
#2777=ORIENTED_EDGE('',*,*,#2043,.F.);
#2778=ORIENTED_EDGE('',*,*,#2001,.F.);
#2779=ORIENTED_EDGE('',*,*,#2038,.T.);
#2780=ORIENTED_EDGE('',*,*,#1894,.F.);
#2781=ORIENTED_EDGE('',*,*,#2032,.T.);
#2782=ORIENTED_EDGE('',*,*,#1900,.F.);
#2783=ORIENTED_EDGE('',*,*,#2024,.T.);
#2784=ORIENTED_EDGE('',*,*,#1906,.F.);
#2785=ORIENTED_EDGE('',*,*,#2044,.T.);
#2786=ORIENTED_EDGE('',*,*,#2045,.T.);
#2787=ORIENTED_EDGE('',*,*,#1961,.F.);
#2788=ORIENTED_EDGE('',*,*,#1995,.T.);
#2789=ORIENTED_EDGE('',*,*,#2037,.T.);
#2790=ORIENTED_EDGE('',*,*,#2046,.F.);
#2791=ORIENTED_EDGE('',*,*,#2033,.T.);
#2792=ORIENTED_EDGE('',*,*,#1921,.T.);
#2793=ORIENTED_EDGE('',*,*,#1969,.F.);
#2794=ORIENTED_EDGE('',*,*,#2002,.T.);
#2795=ORIENTED_EDGE('',*,*,#2043,.T.);
#2796=ORIENTED_EDGE('',*,*,#2047,.F.);
#2797=ORIENTED_EDGE('',*,*,#2039,.T.);
#2798=ORIENTED_EDGE('',*,*,#1931,.T.);
#2799=ORIENTED_EDGE('',*,*,#1974,.F.);
#2800=ORIENTED_EDGE('',*,*,#1977,.T.);
#2801=ORIENTED_EDGE('',*,*,#2048,.T.);
#2802=ORIENTED_EDGE('',*,*,#2049,.F.);
#2803=ORIENTED_EDGE('',*,*,#2050,.T.);
#2804=ORIENTED_EDGE('',*,*,#1939,.T.);
#2805=ORIENTED_EDGE('',*,*,#1945,.F.);
#2806=ORIENTED_EDGE('',*,*,#1949,.T.);
#2807=ORIENTED_EDGE('',*,*,#2022,.T.);
#2808=ORIENTED_EDGE('',*,*,#2051,.F.);
#2809=ORIENTED_EDGE('',*,*,#2018,.T.);
#2810=ORIENTED_EDGE('',*,*,#2023,.T.);
#2811=ORIENTED_EDGE('',*,*,#1954,.F.);
#2812=ORIENTED_EDGE('',*,*,#1988,.T.);
#2813=ORIENTED_EDGE('',*,*,#2030,.T.);
#2814=ORIENTED_EDGE('',*,*,#2052,.F.);
#2815=ORIENTED_EDGE('',*,*,#2026,.T.);
#2816=ORIENTED_EDGE('',*,*,#2031,.T.);
#2817=ORIENTED_EDGE('',*,*,#1962,.F.);
#2818=ORIENTED_EDGE('',*,*,#2045,.F.);
#2819=ORIENTED_EDGE('',*,*,#2053,.T.);
#2820=ORIENTED_EDGE('',*,*,#2041,.T.);
#2821=ORIENTED_EDGE('',*,*,#2054,.T.);
#2822=ORIENTED_EDGE('',*,*,#2035,.T.);
#2823=ORIENTED_EDGE('',*,*,#2055,.T.);
#2824=ORIENTED_EDGE('',*,*,#2028,.T.);
#2825=ORIENTED_EDGE('',*,*,#2056,.T.);
#2826=ORIENTED_EDGE('',*,*,#2020,.T.);
#2827=ORIENTED_EDGE('',*,*,#2057,.T.);
#2828=ORIENTED_EDGE('',*,*,#2042,.T.);
#2829=ORIENTED_EDGE('',*,*,#2054,.F.);
#2830=ORIENTED_EDGE('',*,*,#2040,.T.);
#2831=ORIENTED_EDGE('',*,*,#2047,.T.);
#2832=ORIENTED_EDGE('',*,*,#2036,.T.);
#2833=ORIENTED_EDGE('',*,*,#2055,.F.);
#2834=ORIENTED_EDGE('',*,*,#2034,.T.);
#2835=ORIENTED_EDGE('',*,*,#2046,.T.);
#2836=ORIENTED_EDGE('',*,*,#2029,.T.);
#2837=ORIENTED_EDGE('',*,*,#2056,.F.);
#2838=ORIENTED_EDGE('',*,*,#2027,.T.);
#2839=ORIENTED_EDGE('',*,*,#2052,.T.);
#2840=ORIENTED_EDGE('',*,*,#2021,.T.);
#2841=ORIENTED_EDGE('',*,*,#2057,.F.);
#2842=ORIENTED_EDGE('',*,*,#2019,.T.);
#2843=ORIENTED_EDGE('',*,*,#2051,.T.);
#2844=ORIENTED_EDGE('',*,*,#2048,.F.);
#2845=ORIENTED_EDGE('',*,*,#1976,.F.);
#2846=ORIENTED_EDGE('',*,*,#1889,.F.);
#2847=ORIENTED_EDGE('',*,*,#2058,.F.);
#2848=ORIENTED_EDGE('',*,*,#1887,.F.);
#2849=ORIENTED_EDGE('',*,*,#1940,.T.);
#2850=ORIENTED_EDGE('',*,*,#2050,.F.);
#2851=ORIENTED_EDGE('',*,*,#2059,.F.);
#2852=ORIENTED_EDGE('',*,*,#2060,.F.);
#2853=ORIENTED_EDGE('',*,*,#2061,.F.);
#2854=ORIENTED_EDGE('',*,*,#2060,.T.);
#2855=ORIENTED_EDGE('',*,*,#2062,.T.);
#2856=ORIENTED_EDGE('',*,*,#2058,.T.);
#2857=ORIENTED_EDGE('',*,*,#1888,.F.);
#2858=ORIENTED_EDGE('',*,*,#1983,.T.);
#2859=ORIENTED_EDGE('',*,*,#2044,.F.);
#2860=ORIENTED_EDGE('',*,*,#2053,.F.);
#2861=ORIENTED_EDGE('',*,*,#2061,.T.);
#2862=ORIENTED_EDGE('',*,*,#2062,.F.);
#2863=ORIENTED_EDGE('',*,*,#2059,.T.);
#2864=ORIENTED_EDGE('',*,*,#2049,.T.);
#2865=ORIENTED_EDGE('',*,*,#2016,.T.);
#2866=ORIENTED_EDGE('',*,*,#1882,.F.);
#2867=ORIENTED_EDGE('',*,*,#2063,.F.);
#2868=ORIENTED_EDGE('',*,*,#2064,.F.);
#2869=ORIENTED_EDGE('',*,*,#2065,.T.);
#2870=ORIENTED_EDGE('',*,*,#2066,.T.);
#2871=ORIENTED_EDGE('',*,*,#2065,.F.);
#2872=ORIENTED_EDGE('',*,*,#2066,.F.);
#2873=ORIENTED_EDGE('',*,*,#2067,.F.);
#2874=ORIENTED_EDGE('',*,*,#2063,.T.);
#2875=ORIENTED_EDGE('',*,*,#2064,.T.);
#2876=ORIENTED_EDGE('',*,*,#2068,.T.);
#2877=ORIENTED_EDGE('',*,*,#2067,.T.);
#2878=ORIENTED_EDGE('',*,*,#2068,.F.);
#2879=ORIENTED_EDGE('',*,*,#2069,.T.);
#2880=ORIENTED_EDGE('',*,*,#2070,.F.);
#2881=ORIENTED_EDGE('',*,*,#2071,.T.);
#2882=ORIENTED_EDGE('',*,*,#2072,.F.);
#2883=ORIENTED_EDGE('',*,*,#2073,.T.);
#2884=ORIENTED_EDGE('',*,*,#2074,.F.);
#2885=ORIENTED_EDGE('',*,*,#2075,.T.);
#2886=ORIENTED_EDGE('',*,*,#2076,.F.);
#2887=ORIENTED_EDGE('',*,*,#2077,.T.);
#2888=ORIENTED_EDGE('',*,*,#2078,.F.);
#2889=ORIENTED_EDGE('',*,*,#2079,.T.);
#2890=ORIENTED_EDGE('',*,*,#2080,.T.);
#2891=ORIENTED_EDGE('',*,*,#2081,.T.);
#2892=ORIENTED_EDGE('',*,*,#2082,.T.);
#2893=ORIENTED_EDGE('',*,*,#2080,.F.);
#2894=ORIENTED_EDGE('',*,*,#2083,.T.);
#2895=ORIENTED_EDGE('',*,*,#2084,.F.);
#2896=ORIENTED_EDGE('',*,*,#2085,.T.);
#2897=ORIENTED_EDGE('',*,*,#2086,.F.);
#2898=ORIENTED_EDGE('',*,*,#2087,.T.);
#2899=ORIENTED_EDGE('',*,*,#2088,.F.);
#2900=ORIENTED_EDGE('',*,*,#2089,.T.);
#2901=ORIENTED_EDGE('',*,*,#2090,.F.);
#2902=ORIENTED_EDGE('',*,*,#2091,.T.);
#2903=ORIENTED_EDGE('',*,*,#2092,.F.);
#2904=ORIENTED_EDGE('',*,*,#2082,.F.);
#2905=ORIENTED_EDGE('',*,*,#2081,.F.);
#2906=ORIENTED_EDGE('',*,*,#2093,.T.);
#2907=ORIENTED_EDGE('',*,*,#2094,.T.);
#2908=ORIENTED_EDGE('',*,*,#2095,.T.);
#2909=ORIENTED_EDGE('',*,*,#2093,.F.);
#2910=ORIENTED_EDGE('',*,*,#2096,.T.);
#2911=ORIENTED_EDGE('',*,*,#2097,.T.);
#2912=ORIENTED_EDGE('',*,*,#2098,.T.);
#2913=ORIENTED_EDGE('',*,*,#2099,.T.);
#2914=ORIENTED_EDGE('',*,*,#2100,.T.);
#2915=ORIENTED_EDGE('',*,*,#2101,.T.);
#2916=ORIENTED_EDGE('',*,*,#2102,.T.);
#2917=ORIENTED_EDGE('',*,*,#2103,.T.);
#2918=ORIENTED_EDGE('',*,*,#2104,.T.);
#2919=ORIENTED_EDGE('',*,*,#2103,.F.);
#2920=ORIENTED_EDGE('',*,*,#2105,.T.);
#2921=ORIENTED_EDGE('',*,*,#2106,.T.);
#2922=ORIENTED_EDGE('',*,*,#2107,.F.);
#2923=ORIENTED_EDGE('',*,*,#2108,.F.);
#2924=ORIENTED_EDGE('',*,*,#2109,.T.);
#2925=ORIENTED_EDGE('',*,*,#2110,.T.);
#2926=ORIENTED_EDGE('',*,*,#2111,.T.);
#2927=ORIENTED_EDGE('',*,*,#2109,.F.);
#2928=ORIENTED_EDGE('',*,*,#2112,.T.);
#2929=ORIENTED_EDGE('',*,*,#2113,.T.);
#2930=ORIENTED_EDGE('',*,*,#2114,.F.);
#2931=ORIENTED_EDGE('',*,*,#2115,.T.);
#2932=ORIENTED_EDGE('',*,*,#2116,.T.);
#2933=ORIENTED_EDGE('',*,*,#2117,.T.);
#2934=ORIENTED_EDGE('',*,*,#2069,.F.);
#2935=ORIENTED_EDGE('',*,*,#2118,.T.);
#2936=ORIENTED_EDGE('',*,*,#2111,.F.);
#2937=ORIENTED_EDGE('',*,*,#2110,.F.);
#2938=ORIENTED_EDGE('',*,*,#2119,.T.);
#2939=ORIENTED_EDGE('',*,*,#2120,.T.);
#2940=ORIENTED_EDGE('',*,*,#2121,.T.);
#2941=ORIENTED_EDGE('',*,*,#2122,.T.);
#2942=ORIENTED_EDGE('',*,*,#2123,.T.);
#2943=ORIENTED_EDGE('',*,*,#2124,.T.);
#2944=ORIENTED_EDGE('',*,*,#2114,.T.);
#2945=ORIENTED_EDGE('',*,*,#2125,.T.);
#2946=ORIENTED_EDGE('',*,*,#2126,.T.);
#2947=ORIENTED_EDGE('',*,*,#2127,.T.);
#2948=ORIENTED_EDGE('',*,*,#2128,.T.);
#2949=ORIENTED_EDGE('',*,*,#2129,.T.);
#2950=ORIENTED_EDGE('',*,*,#2119,.F.);
#2951=ORIENTED_EDGE('',*,*,#2130,.T.);
#2952=ORIENTED_EDGE('',*,*,#2131,.T.);
#2953=ORIENTED_EDGE('',*,*,#2106,.F.);
#2954=ORIENTED_EDGE('',*,*,#2132,.T.);
#2955=ORIENTED_EDGE('',*,*,#2133,.F.);
#2956=ORIENTED_EDGE('',*,*,#2134,.T.);
#2957=ORIENTED_EDGE('',*,*,#2135,.F.);
#2958=ORIENTED_EDGE('',*,*,#2136,.T.);
#2959=ORIENTED_EDGE('',*,*,#2137,.T.);
#2960=ORIENTED_EDGE('',*,*,#2133,.T.);
#2961=ORIENTED_EDGE('',*,*,#2138,.T.);
#2962=ORIENTED_EDGE('',*,*,#2139,.T.);
#2963=ORIENTED_EDGE('',*,*,#2140,.T.);
#2964=ORIENTED_EDGE('',*,*,#2141,.T.);
#2965=ORIENTED_EDGE('',*,*,#2142,.T.);
#2966=ORIENTED_EDGE('',*,*,#2143,.T.);
#2967=ORIENTED_EDGE('',*,*,#2144,.T.);
#2968=ORIENTED_EDGE('',*,*,#2145,.T.);
#2969=ORIENTED_EDGE('',*,*,#2146,.T.);
#2970=ORIENTED_EDGE('',*,*,#2147,.T.);
#2971=ORIENTED_EDGE('',*,*,#2148,.T.);
#2972=ORIENTED_EDGE('',*,*,#2108,.T.);
#2973=ORIENTED_EDGE('',*,*,#2107,.T.);
#2974=ORIENTED_EDGE('',*,*,#2148,.F.);
#2975=ORIENTED_EDGE('',*,*,#2149,.T.);
#2976=ORIENTED_EDGE('',*,*,#2150,.T.);
#2977=ORIENTED_EDGE('',*,*,#2151,.T.);
#2978=ORIENTED_EDGE('',*,*,#2152,.T.);
#2979=ORIENTED_EDGE('',*,*,#2153,.T.);
#2980=ORIENTED_EDGE('',*,*,#2154,.T.);
#2981=ORIENTED_EDGE('',*,*,#2155,.T.);
#2982=ORIENTED_EDGE('',*,*,#2156,.T.);
#2983=ORIENTED_EDGE('',*,*,#2157,.T.);
#2984=ORIENTED_EDGE('',*,*,#2158,.T.);
#2985=ORIENTED_EDGE('',*,*,#2135,.T.);
#2986=ORIENTED_EDGE('',*,*,#2159,.T.);
#2987=ORIENTED_EDGE('',*,*,#2160,.T.);
#2988=ORIENTED_EDGE('',*,*,#2161,.F.);
#2989=ORIENTED_EDGE('',*,*,#2162,.T.);
#2990=ORIENTED_EDGE('',*,*,#2130,.F.);
#2991=ORIENTED_EDGE('',*,*,#2163,.T.);
#2992=ORIENTED_EDGE('',*,*,#2164,.T.);
#2993=ORIENTED_EDGE('',*,*,#2160,.F.);
#2994=ORIENTED_EDGE('',*,*,#2165,.T.);
#2995=ORIENTED_EDGE('',*,*,#2161,.T.);
#2996=ORIENTED_EDGE('',*,*,#2166,.T.);
#2997=ORIENTED_EDGE('',*,*,#2167,.T.);
#2998=ORIENTED_EDGE('',*,*,#2098,.F.);
#2999=ORIENTED_EDGE('',*,*,#2168,.T.);
#3000=ORIENTED_EDGE('',*,*,#2169,.T.);
#3001=ORIENTED_EDGE('',*,*,#2170,.T.);
#3002=ORIENTED_EDGE('',*,*,#2138,.F.);
#3003=ORIENTED_EDGE('',*,*,#2136,.F.);
#3004=ORIENTED_EDGE('',*,*,#2158,.F.);
#3005=ORIENTED_EDGE('',*,*,#2164,.F.);
#3006=ORIENTED_EDGE('',*,*,#2163,.F.);
#3007=ORIENTED_EDGE('',*,*,#2132,.F.);
#3008=ORIENTED_EDGE('',*,*,#2105,.F.);
#3009=ORIENTED_EDGE('',*,*,#2102,.F.);
#3010=ORIENTED_EDGE('',*,*,#2171,.F.);
#3011=ORIENTED_EDGE('',*,*,#2172,.T.);
#3012=ORIENTED_EDGE('',*,*,#2173,.T.);
#3013=ORIENTED_EDGE('',*,*,#2174,.T.);
#3014=ORIENTED_EDGE('',*,*,#2099,.F.);
#3015=ORIENTED_EDGE('',*,*,#2167,.F.);
#3016=ORIENTED_EDGE('',*,*,#2175,.T.);
#3017=ORIENTED_EDGE('',*,*,#2176,.T.);
#3018=ORIENTED_EDGE('',*,*,#2115,.F.);
#3019=ORIENTED_EDGE('',*,*,#2070,.T.);
#3020=ORIENTED_EDGE('',*,*,#2117,.F.);
#3021=ORIENTED_EDGE('',*,*,#2177,.T.);
#3022=ORIENTED_EDGE('',*,*,#2177,.F.);
#3023=ORIENTED_EDGE('',*,*,#2116,.F.);
#3024=ORIENTED_EDGE('',*,*,#2178,.F.);
#3025=ORIENTED_EDGE('',*,*,#2179,.F.);
#3026=ORIENTED_EDGE('',*,*,#2112,.F.);
#3027=ORIENTED_EDGE('',*,*,#2176,.F.);
#3028=ORIENTED_EDGE('',*,*,#2180,.T.);
#3029=ORIENTED_EDGE('',*,*,#2168,.F.);
#3030=ORIENTED_EDGE('',*,*,#2097,.F.);
#3031=ORIENTED_EDGE('',*,*,#2181,.T.);
#3032=ORIENTED_EDGE('',*,*,#2182,.T.);
#3033=ORIENTED_EDGE('',*,*,#2183,.T.);
#3034=ORIENTED_EDGE('',*,*,#2184,.F.);
#3035=ORIENTED_EDGE('',*,*,#2100,.F.);
#3036=ORIENTED_EDGE('',*,*,#2104,.F.);
#3037=ORIENTED_EDGE('',*,*,#2131,.F.);
#3038=ORIENTED_EDGE('',*,*,#2162,.F.);
#3039=ORIENTED_EDGE('',*,*,#2165,.F.);
#3040=ORIENTED_EDGE('',*,*,#2159,.F.);
#3041=ORIENTED_EDGE('',*,*,#2134,.F.);
#3042=ORIENTED_EDGE('',*,*,#2137,.F.);
#3043=ORIENTED_EDGE('',*,*,#2185,.T.);
#3044=ORIENTED_EDGE('',*,*,#2186,.T.);
#3045=ORIENTED_EDGE('',*,*,#2113,.F.);
#3046=ORIENTED_EDGE('',*,*,#2179,.T.);
#3047=ORIENTED_EDGE('',*,*,#2092,.T.);
#3048=ORIENTED_EDGE('',*,*,#2178,.T.);
#3049=ORIENTED_EDGE('',*,*,#2118,.F.);
#3050=ORIENTED_EDGE('',*,*,#2187,.T.);
#3051=ORIENTED_EDGE('',*,*,#2188,.T.);
#3052=ORIENTED_EDGE('',*,*,#2189,.T.);
#3053=ORIENTED_EDGE('',*,*,#2190,.T.);
#3054=ORIENTED_EDGE('',*,*,#2191,.T.);
#3055=ORIENTED_EDGE('',*,*,#2192,.T.);
#3056=ORIENTED_EDGE('',*,*,#2193,.T.);
#3057=ORIENTED_EDGE('',*,*,#2194,.T.);
#3058=ORIENTED_EDGE('',*,*,#2195,.T.);
#3059=ORIENTED_EDGE('',*,*,#2194,.F.);
#3060=ORIENTED_EDGE('',*,*,#2196,.T.);
#3061=ORIENTED_EDGE('',*,*,#2197,.T.);
#3062=ORIENTED_EDGE('',*,*,#2198,.T.);
#3063=ORIENTED_EDGE('',*,*,#2199,.T.);
#3064=ORIENTED_EDGE('',*,*,#2128,.F.);
#3065=ORIENTED_EDGE('',*,*,#2200,.T.);
#3066=ORIENTED_EDGE('',*,*,#2201,.T.);
#3067=ORIENTED_EDGE('',*,*,#2202,.T.);
#3068=ORIENTED_EDGE('',*,*,#2085,.F.);
#3069=ORIENTED_EDGE('',*,*,#2203,.T.);
#3070=ORIENTED_EDGE('',*,*,#2204,.T.);
#3071=ORIENTED_EDGE('',*,*,#2205,.T.);
#3072=ORIENTED_EDGE('',*,*,#2197,.F.);
#3073=ORIENTED_EDGE('',*,*,#2206,.T.);
#3074=ORIENTED_EDGE('',*,*,#2151,.F.);
#3075=ORIENTED_EDGE('',*,*,#2207,.T.);
#3076=ORIENTED_EDGE('',*,*,#2208,.F.);
#3077=ORIENTED_EDGE('',*,*,#2209,.T.);
#3078=ORIENTED_EDGE('',*,*,#2210,.T.);
#3079=ORIENTED_EDGE('',*,*,#2208,.T.);
#3080=ORIENTED_EDGE('',*,*,#2211,.T.);
#3081=ORIENTED_EDGE('',*,*,#2212,.T.);
#3082=ORIENTED_EDGE('',*,*,#2213,.F.);
#3083=ORIENTED_EDGE('',*,*,#2214,.T.);
#3084=ORIENTED_EDGE('',*,*,#2204,.F.);
#3085=ORIENTED_EDGE('',*,*,#2215,.T.);
#3086=ORIENTED_EDGE('',*,*,#2216,.T.);
#3087=ORIENTED_EDGE('',*,*,#2212,.F.);
#3088=ORIENTED_EDGE('',*,*,#2217,.T.);
#3089=ORIENTED_EDGE('',*,*,#2213,.T.);
#3090=ORIENTED_EDGE('',*,*,#2218,.T.);
#3091=ORIENTED_EDGE('',*,*,#2219,.T.);
#3092=ORIENTED_EDGE('',*,*,#2200,.F.);
#3093=ORIENTED_EDGE('',*,*,#2086,.T.);
#3094=ORIENTED_EDGE('',*,*,#2202,.F.);
#3095=ORIENTED_EDGE('',*,*,#2220,.T.);
#3096=ORIENTED_EDGE('',*,*,#2220,.F.);
#3097=ORIENTED_EDGE('',*,*,#2201,.F.);
#3098=ORIENTED_EDGE('',*,*,#2221,.F.);
#3099=ORIENTED_EDGE('',*,*,#2222,.F.);
#3100=ORIENTED_EDGE('',*,*,#2198,.F.);
#3101=ORIENTED_EDGE('',*,*,#2219,.F.);
#3102=ORIENTED_EDGE('',*,*,#2223,.T.);
#3103=ORIENTED_EDGE('',*,*,#2199,.F.);
#3104=ORIENTED_EDGE('',*,*,#2222,.T.);
#3105=ORIENTED_EDGE('',*,*,#2084,.T.);
#3106=ORIENTED_EDGE('',*,*,#2221,.T.);
#3107=ORIENTED_EDGE('',*,*,#2203,.F.);
#3108=ORIENTED_EDGE('',*,*,#2224,.T.);
#3109=ORIENTED_EDGE('',*,*,#2225,.T.);
#3110=ORIENTED_EDGE('',*,*,#2226,.T.);
#3111=ORIENTED_EDGE('',*,*,#2227,.T.);
#3112=ORIENTED_EDGE('',*,*,#2228,.T.);
#3113=ORIENTED_EDGE('',*,*,#2227,.F.);
#3114=ORIENTED_EDGE('',*,*,#2229,.T.);
#3115=ORIENTED_EDGE('',*,*,#2230,.T.);
#3116=ORIENTED_EDGE('',*,*,#2231,.T.);
#3117=ORIENTED_EDGE('',*,*,#2232,.T.);
#3118=ORIENTED_EDGE('',*,*,#2121,.F.);
#3119=ORIENTED_EDGE('',*,*,#2233,.T.);
#3120=ORIENTED_EDGE('',*,*,#2234,.T.);
#3121=ORIENTED_EDGE('',*,*,#2235,.T.);
#3122=ORIENTED_EDGE('',*,*,#2077,.F.);
#3123=ORIENTED_EDGE('',*,*,#2236,.T.);
#3124=ORIENTED_EDGE('',*,*,#2237,.F.);
#3125=ORIENTED_EDGE('',*,*,#2234,.F.);
#3126=ORIENTED_EDGE('',*,*,#2238,.F.);
#3127=ORIENTED_EDGE('',*,*,#2239,.F.);
#3128=ORIENTED_EDGE('',*,*,#2231,.F.);
#3129=ORIENTED_EDGE('',*,*,#2240,.F.);
#3130=ORIENTED_EDGE('',*,*,#2241,.T.);
#3131=ORIENTED_EDGE('',*,*,#2242,.T.);
#3132=ORIENTED_EDGE('',*,*,#2230,.F.);
#3133=ORIENTED_EDGE('',*,*,#2243,.T.);
#3134=ORIENTED_EDGE('',*,*,#2244,.T.);
#3135=ORIENTED_EDGE('',*,*,#2245,.T.);
#3136=ORIENTED_EDGE('',*,*,#2225,.F.);
#3137=ORIENTED_EDGE('',*,*,#2246,.T.);
#3138=ORIENTED_EDGE('',*,*,#2145,.F.);
#3139=ORIENTED_EDGE('',*,*,#2247,.T.);
#3140=ORIENTED_EDGE('',*,*,#2248,.F.);
#3141=ORIENTED_EDGE('',*,*,#2249,.T.);
#3142=ORIENTED_EDGE('',*,*,#2250,.T.);
#3143=ORIENTED_EDGE('',*,*,#2248,.T.);
#3144=ORIENTED_EDGE('',*,*,#2251,.T.);
#3145=ORIENTED_EDGE('',*,*,#2252,.T.);
#3146=ORIENTED_EDGE('',*,*,#2253,.F.);
#3147=ORIENTED_EDGE('',*,*,#2254,.T.);
#3148=ORIENTED_EDGE('',*,*,#2241,.F.);
#3149=ORIENTED_EDGE('',*,*,#2255,.T.);
#3150=ORIENTED_EDGE('',*,*,#2256,.T.);
#3151=ORIENTED_EDGE('',*,*,#2252,.F.);
#3152=ORIENTED_EDGE('',*,*,#2257,.T.);
#3153=ORIENTED_EDGE('',*,*,#2253,.T.);
#3154=ORIENTED_EDGE('',*,*,#2258,.T.);
#3155=ORIENTED_EDGE('',*,*,#2259,.F.);
#3156=ORIENTED_EDGE('',*,*,#2260,.F.);
#3157=ORIENTED_EDGE('',*,*,#2261,.T.);
#3158=ORIENTED_EDGE('',*,*,#2262,.T.);
#3159=ORIENTED_EDGE('',*,*,#2263,.T.);
#3160=ORIENTED_EDGE('',*,*,#2246,.F.);
#3161=ORIENTED_EDGE('',*,*,#2224,.F.);
#3162=ORIENTED_EDGE('',*,*,#2228,.F.);
#3163=ORIENTED_EDGE('',*,*,#2242,.F.);
#3164=ORIENTED_EDGE('',*,*,#2254,.F.);
#3165=ORIENTED_EDGE('',*,*,#2257,.F.);
#3166=ORIENTED_EDGE('',*,*,#2251,.F.);
#3167=ORIENTED_EDGE('',*,*,#2247,.F.);
#3168=ORIENTED_EDGE('',*,*,#2144,.F.);
#3169=ORIENTED_EDGE('',*,*,#2264,.T.);
#3170=ORIENTED_EDGE('',*,*,#2076,.T.);
#3171=ORIENTED_EDGE('',*,*,#2238,.T.);
#3172=ORIENTED_EDGE('',*,*,#2236,.F.);
#3173=ORIENTED_EDGE('',*,*,#2265,.T.);
#3174=ORIENTED_EDGE('',*,*,#2232,.F.);
#3175=ORIENTED_EDGE('',*,*,#2239,.T.);
#3176=ORIENTED_EDGE('',*,*,#2078,.T.);
#3177=ORIENTED_EDGE('',*,*,#2235,.F.);
#3178=ORIENTED_EDGE('',*,*,#2237,.T.);
#3179=ORIENTED_EDGE('',*,*,#2266,.T.);
#3180=ORIENTED_EDGE('',*,*,#2240,.T.);
#3181=ORIENTED_EDGE('',*,*,#2233,.F.);
#3182=ORIENTED_EDGE('',*,*,#2267,.T.);
#3183=ORIENTED_EDGE('',*,*,#2268,.T.);
#3184=ORIENTED_EDGE('',*,*,#2269,.T.);
#3185=ORIENTED_EDGE('',*,*,#2270,.T.);
#3186=ORIENTED_EDGE('',*,*,#2271,.T.);
#3187=ORIENTED_EDGE('',*,*,#2272,.T.);
#3188=ORIENTED_EDGE('',*,*,#2273,.T.);
#3189=ORIENTED_EDGE('',*,*,#2274,.T.);
#3190=ORIENTED_EDGE('',*,*,#2275,.T.);
#3191=ORIENTED_EDGE('',*,*,#2274,.F.);
#3192=ORIENTED_EDGE('',*,*,#2276,.T.);
#3193=ORIENTED_EDGE('',*,*,#2277,.T.);
#3194=ORIENTED_EDGE('',*,*,#2278,.T.);
#3195=ORIENTED_EDGE('',*,*,#2279,.T.);
#3196=ORIENTED_EDGE('',*,*,#2126,.F.);
#3197=ORIENTED_EDGE('',*,*,#2280,.T.);
#3198=ORIENTED_EDGE('',*,*,#2281,.T.);
#3199=ORIENTED_EDGE('',*,*,#2282,.T.);
#3200=ORIENTED_EDGE('',*,*,#2089,.F.);
#3201=ORIENTED_EDGE('',*,*,#2283,.T.);
#3202=ORIENTED_EDGE('',*,*,#2284,.T.);
#3203=ORIENTED_EDGE('',*,*,#2285,.T.);
#3204=ORIENTED_EDGE('',*,*,#2277,.F.);
#3205=ORIENTED_EDGE('',*,*,#2286,.T.);
#3206=ORIENTED_EDGE('',*,*,#2155,.F.);
#3207=ORIENTED_EDGE('',*,*,#2287,.T.);
#3208=ORIENTED_EDGE('',*,*,#2288,.F.);
#3209=ORIENTED_EDGE('',*,*,#2289,.T.);
#3210=ORIENTED_EDGE('',*,*,#2290,.T.);
#3211=ORIENTED_EDGE('',*,*,#2288,.T.);
#3212=ORIENTED_EDGE('',*,*,#2291,.T.);
#3213=ORIENTED_EDGE('',*,*,#2292,.T.);
#3214=ORIENTED_EDGE('',*,*,#2293,.F.);
#3215=ORIENTED_EDGE('',*,*,#2294,.T.);
#3216=ORIENTED_EDGE('',*,*,#2284,.F.);
#3217=ORIENTED_EDGE('',*,*,#2295,.T.);
#3218=ORIENTED_EDGE('',*,*,#2296,.T.);
#3219=ORIENTED_EDGE('',*,*,#2292,.F.);
#3220=ORIENTED_EDGE('',*,*,#2297,.T.);
#3221=ORIENTED_EDGE('',*,*,#2293,.T.);
#3222=ORIENTED_EDGE('',*,*,#2298,.T.);
#3223=ORIENTED_EDGE('',*,*,#2299,.T.);
#3224=ORIENTED_EDGE('',*,*,#2280,.F.);
#3225=ORIENTED_EDGE('',*,*,#2090,.T.);
#3226=ORIENTED_EDGE('',*,*,#2282,.F.);
#3227=ORIENTED_EDGE('',*,*,#2300,.T.);
#3228=ORIENTED_EDGE('',*,*,#2300,.F.);
#3229=ORIENTED_EDGE('',*,*,#2281,.F.);
#3230=ORIENTED_EDGE('',*,*,#2301,.F.);
#3231=ORIENTED_EDGE('',*,*,#2302,.F.);
#3232=ORIENTED_EDGE('',*,*,#2278,.F.);
#3233=ORIENTED_EDGE('',*,*,#2299,.F.);
#3234=ORIENTED_EDGE('',*,*,#2303,.T.);
#3235=ORIENTED_EDGE('',*,*,#2279,.F.);
#3236=ORIENTED_EDGE('',*,*,#2302,.T.);
#3237=ORIENTED_EDGE('',*,*,#2088,.T.);
#3238=ORIENTED_EDGE('',*,*,#2301,.T.);
#3239=ORIENTED_EDGE('',*,*,#2283,.F.);
#3240=ORIENTED_EDGE('',*,*,#2304,.T.);
#3241=ORIENTED_EDGE('',*,*,#2305,.T.);
#3242=ORIENTED_EDGE('',*,*,#2306,.T.);
#3243=ORIENTED_EDGE('',*,*,#2307,.T.);
#3244=ORIENTED_EDGE('',*,*,#2308,.T.);
#3245=ORIENTED_EDGE('',*,*,#2309,.T.);
#3246=ORIENTED_EDGE('',*,*,#2310,.T.);
#3247=ORIENTED_EDGE('',*,*,#2311,.T.);
#3248=ORIENTED_EDGE('',*,*,#2312,.T.);
#3249=ORIENTED_EDGE('',*,*,#2311,.F.);
#3250=ORIENTED_EDGE('',*,*,#2313,.T.);
#3251=ORIENTED_EDGE('',*,*,#2314,.T.);
#3252=ORIENTED_EDGE('',*,*,#2315,.T.);
#3253=ORIENTED_EDGE('',*,*,#2316,.T.);
#3254=ORIENTED_EDGE('',*,*,#2123,.F.);
#3255=ORIENTED_EDGE('',*,*,#2317,.T.);
#3256=ORIENTED_EDGE('',*,*,#2318,.T.);
#3257=ORIENTED_EDGE('',*,*,#2319,.T.);
#3258=ORIENTED_EDGE('',*,*,#2073,.F.);
#3259=ORIENTED_EDGE('',*,*,#2320,.T.);
#3260=ORIENTED_EDGE('',*,*,#2321,.T.);
#3261=ORIENTED_EDGE('',*,*,#2322,.T.);
#3262=ORIENTED_EDGE('',*,*,#2314,.F.);
#3263=ORIENTED_EDGE('',*,*,#2323,.T.);
#3264=ORIENTED_EDGE('',*,*,#2141,.F.);
#3265=ORIENTED_EDGE('',*,*,#2324,.T.);
#3266=ORIENTED_EDGE('',*,*,#2325,.F.);
#3267=ORIENTED_EDGE('',*,*,#2326,.T.);
#3268=ORIENTED_EDGE('',*,*,#2327,.T.);
#3269=ORIENTED_EDGE('',*,*,#2325,.T.);
#3270=ORIENTED_EDGE('',*,*,#2328,.T.);
#3271=ORIENTED_EDGE('',*,*,#2329,.T.);
#3272=ORIENTED_EDGE('',*,*,#2330,.F.);
#3273=ORIENTED_EDGE('',*,*,#2331,.T.);
#3274=ORIENTED_EDGE('',*,*,#2321,.F.);
#3275=ORIENTED_EDGE('',*,*,#2332,.T.);
#3276=ORIENTED_EDGE('',*,*,#2333,.T.);
#3277=ORIENTED_EDGE('',*,*,#2329,.F.);
#3278=ORIENTED_EDGE('',*,*,#2334,.T.);
#3279=ORIENTED_EDGE('',*,*,#2330,.T.);
#3280=ORIENTED_EDGE('',*,*,#2335,.T.);
#3281=ORIENTED_EDGE('',*,*,#2336,.T.);
#3282=ORIENTED_EDGE('',*,*,#2306,.F.);
#3283=ORIENTED_EDGE('',*,*,#2337,.T.);
#3284=ORIENTED_EDGE('',*,*,#2338,.T.);
#3285=ORIENTED_EDGE('',*,*,#2339,.T.);
#3286=ORIENTED_EDGE('',*,*,#2142,.F.);
#3287=ORIENTED_EDGE('',*,*,#2326,.F.);
#3288=ORIENTED_EDGE('',*,*,#2327,.F.);
#3289=ORIENTED_EDGE('',*,*,#2333,.F.);
#3290=ORIENTED_EDGE('',*,*,#2332,.F.);
#3291=ORIENTED_EDGE('',*,*,#2323,.F.);
#3292=ORIENTED_EDGE('',*,*,#2313,.F.);
#3293=ORIENTED_EDGE('',*,*,#2310,.F.);
#3294=ORIENTED_EDGE('',*,*,#2340,.F.);
#3295=ORIENTED_EDGE('',*,*,#2341,.T.);
#3296=ORIENTED_EDGE('',*,*,#2342,.T.);
#3297=ORIENTED_EDGE('',*,*,#2343,.T.);
#3298=ORIENTED_EDGE('',*,*,#2307,.F.);
#3299=ORIENTED_EDGE('',*,*,#2336,.F.);
#3300=ORIENTED_EDGE('',*,*,#2344,.T.);
#3301=ORIENTED_EDGE('',*,*,#2345,.T.);
#3302=ORIENTED_EDGE('',*,*,#2317,.F.);
#3303=ORIENTED_EDGE('',*,*,#2074,.T.);
#3304=ORIENTED_EDGE('',*,*,#2319,.F.);
#3305=ORIENTED_EDGE('',*,*,#2346,.T.);
#3306=ORIENTED_EDGE('',*,*,#2346,.F.);
#3307=ORIENTED_EDGE('',*,*,#2318,.F.);
#3308=ORIENTED_EDGE('',*,*,#2347,.F.);
#3309=ORIENTED_EDGE('',*,*,#2348,.F.);
#3310=ORIENTED_EDGE('',*,*,#2315,.F.);
#3311=ORIENTED_EDGE('',*,*,#2345,.F.);
#3312=ORIENTED_EDGE('',*,*,#2349,.T.);
#3313=ORIENTED_EDGE('',*,*,#2337,.F.);
#3314=ORIENTED_EDGE('',*,*,#2305,.F.);
#3315=ORIENTED_EDGE('',*,*,#2350,.T.);
#3316=ORIENTED_EDGE('',*,*,#2351,.T.);
#3317=ORIENTED_EDGE('',*,*,#2352,.T.);
#3318=ORIENTED_EDGE('',*,*,#2353,.F.);
#3319=ORIENTED_EDGE('',*,*,#2308,.F.);
#3320=ORIENTED_EDGE('',*,*,#2312,.F.);
#3321=ORIENTED_EDGE('',*,*,#2322,.F.);
#3322=ORIENTED_EDGE('',*,*,#2331,.F.);
#3323=ORIENTED_EDGE('',*,*,#2334,.F.);
#3324=ORIENTED_EDGE('',*,*,#2328,.F.);
#3325=ORIENTED_EDGE('',*,*,#2324,.F.);
#3326=ORIENTED_EDGE('',*,*,#2140,.F.);
#3327=ORIENTED_EDGE('',*,*,#2354,.T.);
#3328=ORIENTED_EDGE('',*,*,#2355,.T.);
#3329=ORIENTED_EDGE('',*,*,#2316,.F.);
#3330=ORIENTED_EDGE('',*,*,#2348,.T.);
#3331=ORIENTED_EDGE('',*,*,#2072,.T.);
#3332=ORIENTED_EDGE('',*,*,#2347,.T.);
#3333=ORIENTED_EDGE('',*,*,#2320,.F.);
#3334=ORIENTED_EDGE('',*,*,#2356,.T.);
#3335=ORIENTED_EDGE('',*,*,#2357,.T.);
#3336=ORIENTED_EDGE('',*,*,#2185,.F.);
#3337=ORIENTED_EDGE('',*,*,#2157,.F.);
#3338=ORIENTED_EDGE('',*,*,#2358,.F.);
#3339=ORIENTED_EDGE('',*,*,#2186,.F.);
#3340=ORIENTED_EDGE('',*,*,#2091,.F.);
#3341=ORIENTED_EDGE('',*,*,#2298,.F.);
#3342=ORIENTED_EDGE('',*,*,#2125,.F.);
#3343=ORIENTED_EDGE('',*,*,#2175,.F.);
#3344=ORIENTED_EDGE('',*,*,#2124,.F.);
#3345=ORIENTED_EDGE('',*,*,#2355,.F.);
#3346=ORIENTED_EDGE('',*,*,#2071,.F.);
#3347=ORIENTED_EDGE('',*,*,#2223,.F.);
#3348=ORIENTED_EDGE('',*,*,#2083,.F.);
#3349=ORIENTED_EDGE('',*,*,#2079,.F.);
#3350=ORIENTED_EDGE('',*,*,#2266,.F.);
#3351=ORIENTED_EDGE('',*,*,#2120,.F.);
#3352=ORIENTED_EDGE('',*,*,#2129,.F.);
#3353=ORIENTED_EDGE('',*,*,#2218,.F.);
#3354=ORIENTED_EDGE('',*,*,#2127,.F.);
#3355=ORIENTED_EDGE('',*,*,#2303,.F.);
#3356=ORIENTED_EDGE('',*,*,#2087,.F.);
#3357=ORIENTED_EDGE('',*,*,#2344,.F.);
#3358=ORIENTED_EDGE('',*,*,#2122,.F.);
#3359=ORIENTED_EDGE('',*,*,#2265,.F.);
#3360=ORIENTED_EDGE('',*,*,#2075,.F.);
#3361=ORIENTED_EDGE('',*,*,#2359,.T.);
#3362=ORIENTED_EDGE('',*,*,#2354,.F.);
#3363=ORIENTED_EDGE('',*,*,#2139,.F.);
#3364=ORIENTED_EDGE('',*,*,#2170,.F.);
#3365=ORIENTED_EDGE('',*,*,#2360,.T.);
#3366=ORIENTED_EDGE('',*,*,#2264,.F.);
#3367=ORIENTED_EDGE('',*,*,#2143,.F.);
#3368=ORIENTED_EDGE('',*,*,#2339,.F.);
#3369=ORIENTED_EDGE('',*,*,#2361,.T.);
#3370=ORIENTED_EDGE('',*,*,#2171,.T.);
#3371=ORIENTED_EDGE('',*,*,#2101,.F.);
#3372=ORIENTED_EDGE('',*,*,#2184,.T.);
#3373=ORIENTED_EDGE('',*,*,#2362,.T.);
#3374=ORIENTED_EDGE('',*,*,#2363,.T.);
#3375=ORIENTED_EDGE('',*,*,#2192,.F.);
#3376=ORIENTED_EDGE('',*,*,#2364,.T.);
#3377=ORIENTED_EDGE('',*,*,#2365,.T.);
#3378=ORIENTED_EDGE('',*,*,#2366,.T.);
#3379=ORIENTED_EDGE('',*,*,#2152,.F.);
#3380=ORIENTED_EDGE('',*,*,#2209,.F.);
#3381=ORIENTED_EDGE('',*,*,#2210,.F.);
#3382=ORIENTED_EDGE('',*,*,#2216,.F.);
#3383=ORIENTED_EDGE('',*,*,#2215,.F.);
#3384=ORIENTED_EDGE('',*,*,#2206,.F.);
#3385=ORIENTED_EDGE('',*,*,#2196,.F.);
#3386=ORIENTED_EDGE('',*,*,#2193,.F.);
#3387=ORIENTED_EDGE('',*,*,#2363,.F.);
#3388=ORIENTED_EDGE('',*,*,#2367,.T.);
#3389=ORIENTED_EDGE('',*,*,#2368,.T.);
#3390=ORIENTED_EDGE('',*,*,#2369,.T.);
#3391=ORIENTED_EDGE('',*,*,#2190,.F.);
#3392=ORIENTED_EDGE('',*,*,#2370,.F.);
#3393=ORIENTED_EDGE('',*,*,#2371,.T.);
#3394=ORIENTED_EDGE('',*,*,#2372,.F.);
#3395=ORIENTED_EDGE('',*,*,#2188,.F.);
#3396=ORIENTED_EDGE('',*,*,#2373,.T.);
#3397=ORIENTED_EDGE('',*,*,#2374,.T.);
#3398=ORIENTED_EDGE('',*,*,#2375,.T.);
#3399=ORIENTED_EDGE('',*,*,#2364,.F.);
#3400=ORIENTED_EDGE('',*,*,#2191,.F.);
#3401=ORIENTED_EDGE('',*,*,#2195,.F.);
#3402=ORIENTED_EDGE('',*,*,#2205,.F.);
#3403=ORIENTED_EDGE('',*,*,#2214,.F.);
#3404=ORIENTED_EDGE('',*,*,#2217,.F.);
#3405=ORIENTED_EDGE('',*,*,#2211,.F.);
#3406=ORIENTED_EDGE('',*,*,#2207,.F.);
#3407=ORIENTED_EDGE('',*,*,#2150,.F.);
#3408=ORIENTED_EDGE('',*,*,#2376,.T.);
#3409=ORIENTED_EDGE('',*,*,#2377,.T.);
#3410=ORIENTED_EDGE('',*,*,#2378,.T.);
#3411=ORIENTED_EDGE('',*,*,#2146,.F.);
#3412=ORIENTED_EDGE('',*,*,#2249,.F.);
#3413=ORIENTED_EDGE('',*,*,#2250,.F.);
#3414=ORIENTED_EDGE('',*,*,#2256,.F.);
#3415=ORIENTED_EDGE('',*,*,#2255,.F.);
#3416=ORIENTED_EDGE('',*,*,#2243,.F.);
#3417=ORIENTED_EDGE('',*,*,#2229,.F.);
#3418=ORIENTED_EDGE('',*,*,#2226,.F.);
#3419=ORIENTED_EDGE('',*,*,#2245,.F.);
#3420=ORIENTED_EDGE('',*,*,#2379,.T.);
#3421=ORIENTED_EDGE('',*,*,#2380,.T.);
#3422=ORIENTED_EDGE('',*,*,#2381,.T.);
#3423=ORIENTED_EDGE('',*,*,#2382,.F.);
#3424=ORIENTED_EDGE('',*,*,#2383,.F.);
#3425=ORIENTED_EDGE('',*,*,#2384,.T.);
#3426=ORIENTED_EDGE('',*,*,#2260,.T.);
#3427=ORIENTED_EDGE('',*,*,#2385,.T.);
#3428=ORIENTED_EDGE('',*,*,#2382,.T.);
#3429=ORIENTED_EDGE('',*,*,#2386,.T.);
#3430=ORIENTED_EDGE('',*,*,#2387,.T.);
#3431=ORIENTED_EDGE('',*,*,#2272,.F.);
#3432=ORIENTED_EDGE('',*,*,#2388,.T.);
#3433=ORIENTED_EDGE('',*,*,#2389,.T.);
#3434=ORIENTED_EDGE('',*,*,#2358,.T.);
#3435=ORIENTED_EDGE('',*,*,#2156,.F.);
#3436=ORIENTED_EDGE('',*,*,#2289,.F.);
#3437=ORIENTED_EDGE('',*,*,#2290,.F.);
#3438=ORIENTED_EDGE('',*,*,#2296,.F.);
#3439=ORIENTED_EDGE('',*,*,#2295,.F.);
#3440=ORIENTED_EDGE('',*,*,#2286,.F.);
#3441=ORIENTED_EDGE('',*,*,#2276,.F.);
#3442=ORIENTED_EDGE('',*,*,#2273,.F.);
#3443=ORIENTED_EDGE('',*,*,#2387,.F.);
#3444=ORIENTED_EDGE('',*,*,#2390,.T.);
#3445=ORIENTED_EDGE('',*,*,#2391,.T.);
#3446=ORIENTED_EDGE('',*,*,#2392,.T.);
#3447=ORIENTED_EDGE('',*,*,#2270,.F.);
#3448=ORIENTED_EDGE('',*,*,#2393,.F.);
#3449=ORIENTED_EDGE('',*,*,#2394,.T.);
#3450=ORIENTED_EDGE('',*,*,#2395,.F.);
#3451=ORIENTED_EDGE('',*,*,#2268,.F.);
#3452=ORIENTED_EDGE('',*,*,#2396,.T.);
#3453=ORIENTED_EDGE('',*,*,#2397,.T.);
#3454=ORIENTED_EDGE('',*,*,#2398,.T.);
#3455=ORIENTED_EDGE('',*,*,#2388,.F.);
#3456=ORIENTED_EDGE('',*,*,#2271,.F.);
#3457=ORIENTED_EDGE('',*,*,#2275,.F.);
#3458=ORIENTED_EDGE('',*,*,#2285,.F.);
#3459=ORIENTED_EDGE('',*,*,#2294,.F.);
#3460=ORIENTED_EDGE('',*,*,#2297,.F.);
#3461=ORIENTED_EDGE('',*,*,#2291,.F.);
#3462=ORIENTED_EDGE('',*,*,#2287,.F.);
#3463=ORIENTED_EDGE('',*,*,#2154,.F.);
#3464=ORIENTED_EDGE('',*,*,#2399,.T.);
#3465=ORIENTED_EDGE('',*,*,#2400,.T.);
#3466=ORIENTED_EDGE('',*,*,#2340,.T.);
#3467=ORIENTED_EDGE('',*,*,#2309,.F.);
#3468=ORIENTED_EDGE('',*,*,#2353,.T.);
#3469=ORIENTED_EDGE('',*,*,#2401,.T.);
#3470=ORIENTED_EDGE('',*,*,#2393,.T.);
#3471=ORIENTED_EDGE('',*,*,#2269,.F.);
#3472=ORIENTED_EDGE('',*,*,#2395,.T.);
#3473=ORIENTED_EDGE('',*,*,#2402,.T.);
#3474=ORIENTED_EDGE('',*,*,#2399,.F.);
#3475=ORIENTED_EDGE('',*,*,#2153,.F.);
#3476=ORIENTED_EDGE('',*,*,#2366,.F.);
#3477=ORIENTED_EDGE('',*,*,#2403,.T.);
#3478=ORIENTED_EDGE('',*,*,#2370,.T.);
#3479=ORIENTED_EDGE('',*,*,#2189,.F.);
#3480=ORIENTED_EDGE('',*,*,#2372,.T.);
#3481=ORIENTED_EDGE('',*,*,#2404,.T.);
#3482=ORIENTED_EDGE('',*,*,#2376,.F.);
#3483=ORIENTED_EDGE('',*,*,#2149,.F.);
#3484=ORIENTED_EDGE('',*,*,#2147,.F.);
#3485=ORIENTED_EDGE('',*,*,#2378,.F.);
#3486=ORIENTED_EDGE('',*,*,#2405,.T.);
#3487=ORIENTED_EDGE('',*,*,#2383,.T.);
#3488=ORIENTED_EDGE('',*,*,#2385,.F.);
#3489=ORIENTED_EDGE('',*,*,#2259,.T.);
#3490=ORIENTED_EDGE('',*,*,#2406,.T.);
#3491=ORIENTED_EDGE('',*,*,#2407,.T.);
#3492=ORIENTED_EDGE('',*,*,#2408,.F.);
#3493=ORIENTED_EDGE('',*,*,#2409,.F.);
#3494=ORIENTED_EDGE('',*,*,#2407,.F.);
#3495=ORIENTED_EDGE('',*,*,#2410,.T.);
#3496=ORIENTED_EDGE('',*,*,#2411,.T.);
#3497=ORIENTED_EDGE('',*,*,#2412,.T.);
#3498=ORIENTED_EDGE('',*,*,#2413,.T.);
#3499=ORIENTED_EDGE('',*,*,#2414,.T.);
#3500=ORIENTED_EDGE('',*,*,#2412,.F.);
#3501=ORIENTED_EDGE('',*,*,#2415,.T.);
#3502=ORIENTED_EDGE('',*,*,#2416,.T.);
#3503=ORIENTED_EDGE('',*,*,#2417,.T.);
#3504=ORIENTED_EDGE('',*,*,#2411,.F.);
#3505=ORIENTED_EDGE('',*,*,#2415,.F.);
#3506=ORIENTED_EDGE('',*,*,#2417,.F.);
#3507=ORIENTED_EDGE('',*,*,#2418,.T.);
#3508=ORIENTED_EDGE('',*,*,#2419,.T.);
#3509=ORIENTED_EDGE('',*,*,#2420,.T.);
#3510=ORIENTED_EDGE('',*,*,#2416,.F.);
#3511=ORIENTED_EDGE('',*,*,#2418,.F.);
#3512=ORIENTED_EDGE('',*,*,#2420,.F.);
#3513=ORIENTED_EDGE('',*,*,#2421,.T.);
#3514=ORIENTED_EDGE('',*,*,#2422,.T.);
#3515=ORIENTED_EDGE('',*,*,#2423,.T.);
#3516=ORIENTED_EDGE('',*,*,#2424,.F.);
#3517=ORIENTED_EDGE('',*,*,#2425,.F.);
#3518=ORIENTED_EDGE('',*,*,#2423,.F.);
#3519=ORIENTED_EDGE('',*,*,#2426,.T.);
#3520=ORIENTED_EDGE('',*,*,#2408,.T.);
#3521=ORIENTED_EDGE('',*,*,#2427,.T.);
#3522=ORIENTED_EDGE('',*,*,#2422,.F.);
#3523=ORIENTED_EDGE('',*,*,#2426,.F.);
#3524=ORIENTED_EDGE('',*,*,#2427,.F.);
#3525=ORIENTED_EDGE('',*,*,#2409,.T.);
#3526=ORIENTED_EDGE('',*,*,#2428,.T.);
#3527=ORIENTED_EDGE('',*,*,#2429,.T.);
#3528=ORIENTED_EDGE('',*,*,#2406,.F.);
#3529=ORIENTED_EDGE('',*,*,#2410,.F.);
#3530=ORIENTED_EDGE('',*,*,#2429,.F.);
#3531=ORIENTED_EDGE('',*,*,#2430,.T.);
#3532=ORIENTED_EDGE('',*,*,#2431,.T.);
#3533=ORIENTED_EDGE('',*,*,#2432,.F.);
#3534=ORIENTED_EDGE('',*,*,#2433,.F.);
#3535=ORIENTED_EDGE('',*,*,#2434,.T.);
#3536=ORIENTED_EDGE('',*,*,#2435,.T.);
#3537=ORIENTED_EDGE('',*,*,#2434,.F.);
#3538=ORIENTED_EDGE('',*,*,#2436,.T.);
#3539=ORIENTED_EDGE('',*,*,#2419,.F.);
#3540=ORIENTED_EDGE('',*,*,#2421,.F.);
#3541=ORIENTED_EDGE('',*,*,#2437,.T.);
#3542=ORIENTED_EDGE('',*,*,#2438,.T.);
#3543=ORIENTED_EDGE('',*,*,#2433,.T.);
#3544=ORIENTED_EDGE('',*,*,#2432,.T.);
#3545=ORIENTED_EDGE('',*,*,#2438,.F.);
#3546=ORIENTED_EDGE('',*,*,#2439,.F.);
#3547=ORIENTED_EDGE('',*,*,#2440,.F.);
#3548=ORIENTED_EDGE('',*,*,#2441,.T.);
#3549=ORIENTED_EDGE('',*,*,#2442,.T.);
#3550=ORIENTED_EDGE('',*,*,#2443,.T.);
#3551=ORIENTED_EDGE('',*,*,#2441,.F.);
#3552=ORIENTED_EDGE('',*,*,#2443,.F.);
#3553=ORIENTED_EDGE('',*,*,#2442,.F.);
#3554=ORIENTED_EDGE('',*,*,#2424,.T.);
#3555=ORIENTED_EDGE('',*,*,#2425,.T.);
#3556=ORIENTED_EDGE('',*,*,#2444,.T.);
#3557=ORIENTED_EDGE('',*,*,#2445,.T.);
#3558=ORIENTED_EDGE('',*,*,#2446,.T.);
#3559=ORIENTED_EDGE('',*,*,#2447,.T.);
#3560=ORIENTED_EDGE('',*,*,#2445,.F.);
#3561=ORIENTED_EDGE('',*,*,#2447,.F.);
#3562=ORIENTED_EDGE('',*,*,#2446,.F.);
#3563=ORIENTED_EDGE('',*,*,#2448,.T.);
#3564=ORIENTED_EDGE('',*,*,#2449,.T.);
#3565=ORIENTED_EDGE('',*,*,#2448,.F.);
#3566=ORIENTED_EDGE('',*,*,#2450,.T.);
#3567=ORIENTED_EDGE('',*,*,#2451,.T.);
#3568=ORIENTED_EDGE('',*,*,#2452,.T.);
#3569=ORIENTED_EDGE('',*,*,#2453,.T.);
#3570=ORIENTED_EDGE('',*,*,#2451,.F.);
#3571=ORIENTED_EDGE('',*,*,#2436,.F.);
#3572=ORIENTED_EDGE('',*,*,#2454,.T.);
#3573=ORIENTED_EDGE('',*,*,#2455,.T.);
#3574=ORIENTED_EDGE('',*,*,#2454,.F.);
#3575=ORIENTED_EDGE('',*,*,#2430,.F.);
#3576=ORIENTED_EDGE('',*,*,#2456,.T.);
#3577=ORIENTED_EDGE('',*,*,#2457,.T.);
#3578=ORIENTED_EDGE('',*,*,#2456,.F.);
#3579=ORIENTED_EDGE('',*,*,#2351,.F.);
#3580=ORIENTED_EDGE('',*,*,#2458,.F.);
#3581=ORIENTED_EDGE('',*,*,#2173,.F.);
#3582=ORIENTED_EDGE('',*,*,#2459,.T.);
#3583=ORIENTED_EDGE('',*,*,#2352,.F.);
#3584=ORIENTED_EDGE('',*,*,#2459,.F.);
#3585=ORIENTED_EDGE('',*,*,#2172,.F.);
#3586=ORIENTED_EDGE('',*,*,#2361,.F.);
#3587=ORIENTED_EDGE('',*,*,#2183,.F.);
#3588=ORIENTED_EDGE('',*,*,#2460,.F.);
#3589=ORIENTED_EDGE('',*,*,#2461,.T.);
#3590=ORIENTED_EDGE('',*,*,#2440,.T.);
#3591=ORIENTED_EDGE('',*,*,#2439,.T.);
#3592=ORIENTED_EDGE('',*,*,#2461,.F.);
#3593=ORIENTED_EDGE('',*,*,#2462,.F.);
#3594=ORIENTED_EDGE('',*,*,#2390,.F.);
#3595=ORIENTED_EDGE('',*,*,#2386,.F.);
#3596=ORIENTED_EDGE('',*,*,#2398,.F.);
#3597=ORIENTED_EDGE('',*,*,#2463,.F.);
#3598=ORIENTED_EDGE('',*,*,#2367,.F.);
#3599=ORIENTED_EDGE('',*,*,#2362,.F.);
#3600=ORIENTED_EDGE('',*,*,#2375,.F.);
#3601=ORIENTED_EDGE('',*,*,#2464,.F.);
#3602=ORIENTED_EDGE('',*,*,#2379,.F.);
#3603=ORIENTED_EDGE('',*,*,#2244,.F.);
#3604=ORIENTED_EDGE('',*,*,#2263,.F.);
#3605=ORIENTED_EDGE('',*,*,#2465,.F.);
#3606=ORIENTED_EDGE('',*,*,#2341,.F.);
#3607=ORIENTED_EDGE('',*,*,#2400,.F.);
#3608=ORIENTED_EDGE('',*,*,#2457,.F.);
#3609=ORIENTED_EDGE('',*,*,#2444,.F.);
#3610=ORIENTED_EDGE('',*,*,#2466,.T.);
#3611=ORIENTED_EDGE('',*,*,#2467,.T.);
#3612=ORIENTED_EDGE('',*,*,#2437,.F.);
#3613=ORIENTED_EDGE('',*,*,#2467,.F.);
#3614=ORIENTED_EDGE('',*,*,#2455,.F.);
#3615=ORIENTED_EDGE('',*,*,#2466,.F.);
#3616=ORIENTED_EDGE('',*,*,#2468,.T.);
#3617=ORIENTED_EDGE('',*,*,#2469,.T.);
#3618=ORIENTED_EDGE('',*,*,#2431,.F.);
#3619=ORIENTED_EDGE('',*,*,#2469,.F.);
#3620=ORIENTED_EDGE('',*,*,#2435,.F.);
#3621=ORIENTED_EDGE('',*,*,#2470,.F.);
#3622=ORIENTED_EDGE('',*,*,#2449,.F.);
#3623=ORIENTED_EDGE('',*,*,#2471,.T.);
#3624=ORIENTED_EDGE('',*,*,#2450,.F.);
#3625=ORIENTED_EDGE('',*,*,#2471,.F.);
#3626=ORIENTED_EDGE('',*,*,#2453,.F.);
#3627=ORIENTED_EDGE('',*,*,#2452,.F.);
#3628=ORIENTED_EDGE('',*,*,#2472,.T.);
#3629=ORIENTED_EDGE('',*,*,#2094,.F.);
#3630=ORIENTED_EDGE('',*,*,#2095,.F.);
#3631=ORIENTED_EDGE('',*,*,#2472,.F.);
#3632=ORIENTED_EDGE('',*,*,#2356,.F.);
#3633=ORIENTED_EDGE('',*,*,#2389,.F.);
#3634=ORIENTED_EDGE('',*,*,#2401,.F.);
#3635=ORIENTED_EDGE('',*,*,#2394,.F.);
#3636=ORIENTED_EDGE('',*,*,#2402,.F.);
#3637=ORIENTED_EDGE('',*,*,#2365,.F.);
#3638=ORIENTED_EDGE('',*,*,#2403,.F.);
#3639=ORIENTED_EDGE('',*,*,#2371,.F.);
#3640=ORIENTED_EDGE('',*,*,#2404,.F.);
#3641=ORIENTED_EDGE('',*,*,#2377,.F.);
#3642=ORIENTED_EDGE('',*,*,#2405,.F.);
#3643=ORIENTED_EDGE('',*,*,#2258,.F.);
#3644=ORIENTED_EDGE('',*,*,#2360,.F.);
#3645=ORIENTED_EDGE('',*,*,#2338,.F.);
#3646=ORIENTED_EDGE('',*,*,#2335,.F.);
#3647=ORIENTED_EDGE('',*,*,#2349,.F.);
#3648=ORIENTED_EDGE('',*,*,#2359,.F.);
#3649=ORIENTED_EDGE('',*,*,#2169,.F.);
#3650=ORIENTED_EDGE('',*,*,#2166,.F.);
#3651=ORIENTED_EDGE('',*,*,#2180,.F.);
#3652=ORIENTED_EDGE('',*,*,#2357,.F.);
#3653=ORIENTED_EDGE('',*,*,#2473,.T.);
#3654=ORIENTED_EDGE('',*,*,#2474,.F.);
#3655=ORIENTED_EDGE('',*,*,#2473,.F.);
#3656=ORIENTED_EDGE('',*,*,#2397,.F.);
#3657=ORIENTED_EDGE('',*,*,#2475,.F.);
#3658=ORIENTED_EDGE('',*,*,#2368,.F.);
#3659=ORIENTED_EDGE('',*,*,#2463,.T.);
#3660=ORIENTED_EDGE('',*,*,#2380,.F.);
#3661=ORIENTED_EDGE('',*,*,#2464,.T.);
#3662=ORIENTED_EDGE('',*,*,#2374,.F.);
#3663=ORIENTED_EDGE('',*,*,#2476,.F.);
#3664=ORIENTED_EDGE('',*,*,#2342,.F.);
#3665=ORIENTED_EDGE('',*,*,#2465,.T.);
#3666=ORIENTED_EDGE('',*,*,#2262,.F.);
#3667=ORIENTED_EDGE('',*,*,#2477,.F.);
#3668=ORIENTED_EDGE('',*,*,#2391,.F.);
#3669=ORIENTED_EDGE('',*,*,#2462,.T.);
#3670=ORIENTED_EDGE('',*,*,#2460,.T.);
#3671=ORIENTED_EDGE('',*,*,#2182,.F.);
#3672=ORIENTED_EDGE('',*,*,#2478,.F.);
#3673=ORIENTED_EDGE('',*,*,#2479,.F.);
#3674=ORIENTED_EDGE('',*,*,#2474,.T.);
#3675=ORIENTED_EDGE('',*,*,#2480,.T.);
#3676=ORIENTED_EDGE('',*,*,#2478,.T.);
#3677=ORIENTED_EDGE('',*,*,#2181,.F.);
#3678=ORIENTED_EDGE('',*,*,#2096,.F.);
#3679=ORIENTED_EDGE('',*,*,#2174,.F.);
#3680=ORIENTED_EDGE('',*,*,#2458,.T.);
#3681=ORIENTED_EDGE('',*,*,#2350,.F.);
#3682=ORIENTED_EDGE('',*,*,#2304,.F.);
#3683=ORIENTED_EDGE('',*,*,#2343,.F.);
#3684=ORIENTED_EDGE('',*,*,#2477,.T.);
#3685=ORIENTED_EDGE('',*,*,#2261,.F.);
#3686=ORIENTED_EDGE('',*,*,#2384,.F.);
#3687=ORIENTED_EDGE('',*,*,#2381,.F.);
#3688=ORIENTED_EDGE('',*,*,#2476,.T.);
#3689=ORIENTED_EDGE('',*,*,#2373,.F.);
#3690=ORIENTED_EDGE('',*,*,#2187,.F.);
#3691=ORIENTED_EDGE('',*,*,#2369,.F.);
#3692=ORIENTED_EDGE('',*,*,#2475,.T.);
#3693=ORIENTED_EDGE('',*,*,#2396,.F.);
#3694=ORIENTED_EDGE('',*,*,#2267,.F.);
#3695=ORIENTED_EDGE('',*,*,#2392,.F.);
#3696=ORIENTED_EDGE('',*,*,#2479,.T.);
#3697=ORIENTED_EDGE('',*,*,#2480,.F.);
#3698=ORIENTED_EDGE('',*,*,#2470,.T.);
#3699=ORIENTED_EDGE('',*,*,#2481,.T.);
#3700=ORIENTED_EDGE('',*,*,#2482,.T.);
#3701=ORIENTED_EDGE('',*,*,#2481,.F.);
#3702=ORIENTED_EDGE('',*,*,#2483,.F.);
#3703=ORIENTED_EDGE('',*,*,#2484,.F.);
#3704=ORIENTED_EDGE('',*,*,#2485,.T.);
#3705=ORIENTED_EDGE('',*,*,#2486,.T.);
#3706=ORIENTED_EDGE('',*,*,#2487,.T.);
#3707=ORIENTED_EDGE('',*,*,#2485,.F.);
#3708=ORIENTED_EDGE('',*,*,#2487,.F.);
#3709=ORIENTED_EDGE('',*,*,#2486,.F.);
#3710=ORIENTED_EDGE('',*,*,#2482,.F.);
#3711=ORIENTED_EDGE('',*,*,#2483,.T.);
#3712=ORIENTED_EDGE('',*,*,#2484,.T.);
#3713=ORIENTED_EDGE('',*,*,#2468,.F.);
#3714=ORIENTED_EDGE('',*,*,#2428,.F.);
#3715=ORIENTED_EDGE('',*,*,#2414,.F.);
#3716=ORIENTED_EDGE('',*,*,#2413,.F.);
#3717=ORIENTED_EDGE('',*,*,#2488,.T.);
#3718=ORIENTED_EDGE('',*,*,#2489,.T.);
#3719=ORIENTED_EDGE('',*,*,#2490,.T.);
#3720=ORIENTED_EDGE('',*,*,#2488,.F.);
#3721=ORIENTED_EDGE('',*,*,#2491,.F.);
#3722=ORIENTED_EDGE('',*,*,#2491,.T.);
#3723=ORIENTED_EDGE('',*,*,#2492,.T.);
#3724=ORIENTED_EDGE('',*,*,#2489,.F.);
#3725=ORIENTED_EDGE('',*,*,#2490,.F.);
#3726=ORIENTED_EDGE('',*,*,#2492,.F.);
#3727=CYLINDRICAL_SURFACE('',#4240,6.79999999999997);
#3728=CYLINDRICAL_SURFACE('',#4254,6.79999999999997);
#3729=CYLINDRICAL_SURFACE('',#4256,6.79999999999997);
#3730=CYLINDRICAL_SURFACE('',#4259,6.79999999999997);
#3731=CYLINDRICAL_SURFACE('',#4263,6.79999999999997);
#3732=CYLINDRICAL_SURFACE('',#4268,6.875);
#3733=CYLINDRICAL_SURFACE('',#4274,6.875);
#3734=CYLINDRICAL_SURFACE('',#4280,6.875);
#3735=CYLINDRICAL_SURFACE('',#4285,6.875);
#3736=CYLINDRICAL_SURFACE('',#4291,6.875);
#3737=CYLINDRICAL_SURFACE('',#4293,8.9);
#3738=CYLINDRICAL_SURFACE('',#4297,5.1);
#3739=CYLINDRICAL_SURFACE('',#4311,5.1);
#3740=CYLINDRICAL_SURFACE('',#4313,5.1);
#3741=CYLINDRICAL_SURFACE('',#4315,5.1);
#3742=CYLINDRICAL_SURFACE('',#4317,5.1);
#3743=CYLINDRICAL_SURFACE('',#4366,1.65);
#3744=CYLINDRICAL_SURFACE('',#4397,7.93244308331187);
#3745=CYLINDRICAL_SURFACE('',#4413,7.80000000000004);
#3746=CYLINDRICAL_SURFACE('',#4415,6.69999999999997);
#3747=CYLINDRICAL_SURFACE('',#4433,6.53999999999997);
#3748=CYLINDRICAL_SURFACE('',#4451,7.93244308331187);
#3749=CYLINDRICAL_SURFACE('',#4455,7.80000000000004);
#3750=CYLINDRICAL_SURFACE('',#4457,6.69999999999997);
#3751=CYLINDRICAL_SURFACE('',#4463,6.53999999999997);
#3752=CYLINDRICAL_SURFACE('',#4474,7.93244308331187);
#3753=CYLINDRICAL_SURFACE('',#4479,7.80000000000004);
#3754=CYLINDRICAL_SURFACE('',#4483,6.69999999999997);
#3755=CYLINDRICAL_SURFACE('',#4489,6.53999999999997);
#3756=CYLINDRICAL_SURFACE('',#4503,7.93244308331187);
#3757=CYLINDRICAL_SURFACE('',#4507,7.80000000000004);
#3758=CYLINDRICAL_SURFACE('',#4509,6.69999999999997);
#3759=CYLINDRICAL_SURFACE('',#4515,6.53999999999997);
#3760=CYLINDRICAL_SURFACE('',#4529,7.93244308331187);
#3761=CYLINDRICAL_SURFACE('',#4533,7.80000000000004);
#3762=CYLINDRICAL_SURFACE('',#4535,6.69999999999997);
#3763=CYLINDRICAL_SURFACE('',#4541,6.53999999999997);
#3764=CYLINDRICAL_SURFACE('',#4599,2.1);
#3765=CYLINDRICAL_SURFACE('',#4610,2.5);
#3766=CYLINDRICAL_SURFACE('',#4611,1.65);
#3767=CYLINDRICAL_SURFACE('',#4616,6.6485);
#3768=CYLINDRICAL_SURFACE('',#4630,5.075);
#3769=CYLINDRICAL_SURFACE('',#4636,4.8652222680075);
#3770=CYLINDRICAL_SURFACE('',#4640,5.253);
#3771=CYLINDRICAL_SURFACE('',#4642,6.6485);
#3772=CYLINDRICAL_SURFACE('',#4647,4.93246515000002);
#3773=CYLINDRICAL_SURFACE('',#4654,3.70300000000001);
#3774=CYLINDRICAL_SURFACE('',#4657,4.25);
#3775=CYLINDRICAL_SURFACE('',#4675,4.25);
#3776=CYLINDRICAL_SURFACE('',#4677,6.65);
#3777=CYLINDRICAL_SURFACE('',#4685,1.65);
#3778=STYLED_ITEM('',(#7534),#3999);
#3779=STYLED_ITEM('',(#7534),#4000);
#3780=STYLED_ITEM('',(#7534),#4001);
#3781=STYLED_ITEM('',(#7534),#4002);
#3782=STYLED_ITEM('',(#7534),#4003);
#3783=STYLED_ITEM('',(#7534),#4004);
#3784=STYLED_ITEM('',(#7534),#4005);
#3785=STYLED_ITEM('',(#7534),#4006);
#3786=STYLED_ITEM('',(#7534),#4007);
#3787=STYLED_ITEM('',(#7534),#4008);
#3788=STYLED_ITEM('',(#7534),#4009);
#3789=STYLED_ITEM('',(#7534),#4010);
#3790=STYLED_ITEM('',(#7534),#4011);
#3791=STYLED_ITEM('',(#7534),#4012);
#3792=STYLED_ITEM('',(#7534),#4013);
#3793=STYLED_ITEM('',(#7534),#4014);
#3794=STYLED_ITEM('',(#7534),#4015);
#3795=STYLED_ITEM('',(#7534),#4016);
#3796=STYLED_ITEM('',(#7534),#4017);
#3797=STYLED_ITEM('',(#7534),#4018);
#3798=STYLED_ITEM('',(#7534),#4019);
#3799=STYLED_ITEM('',(#7534),#4020);
#3800=STYLED_ITEM('',(#7534),#4021);
#3801=STYLED_ITEM('',(#7534),#4022);
#3802=STYLED_ITEM('',(#7534),#4023);
#3803=STYLED_ITEM('',(#7534),#4024);
#3804=STYLED_ITEM('',(#7534),#4025);
#3805=STYLED_ITEM('',(#7534),#4026);
#3806=STYLED_ITEM('',(#7534),#4027);
#3807=STYLED_ITEM('',(#7534),#4028);
#3808=STYLED_ITEM('',(#7534),#4029);
#3809=STYLED_ITEM('',(#7534),#4030);
#3810=STYLED_ITEM('',(#7534),#4031);
#3811=STYLED_ITEM('',(#7534),#4032);
#3812=STYLED_ITEM('',(#7534),#4033);
#3813=STYLED_ITEM('',(#7534),#4034);
#3814=STYLED_ITEM('',(#7534),#4035);
#3815=STYLED_ITEM('',(#7534),#4036);
#3816=STYLED_ITEM('',(#7534),#4037);
#3817=STYLED_ITEM('',(#7534),#4038);
#3818=STYLED_ITEM('',(#7534),#4039);
#3819=STYLED_ITEM('',(#7534),#4040);
#3820=STYLED_ITEM('',(#7534),#4041);
#3821=STYLED_ITEM('',(#7534),#4042);
#3822=STYLED_ITEM('',(#7534),#4043);
#3823=STYLED_ITEM('',(#7534),#4044);
#3824=STYLED_ITEM('',(#7534),#4045);
#3825=STYLED_ITEM('',(#7534),#4046);
#3826=STYLED_ITEM('',(#7534),#4047);
#3827=STYLED_ITEM('',(#7534),#4048);
#3828=STYLED_ITEM('',(#7534),#4049);
#3829=STYLED_ITEM('',(#7534),#4050);
#3830=STYLED_ITEM('',(#7534),#4051);
#3831=STYLED_ITEM('',(#7534),#4052);
#3832=STYLED_ITEM('',(#7534),#4053);
#3833=STYLED_ITEM('',(#7534),#4054);
#3834=STYLED_ITEM('',(#7534),#4055);
#3835=STYLED_ITEM('',(#7534),#4056);
#3836=STYLED_ITEM('',(#7534),#4057);
#3837=STYLED_ITEM('',(#7534),#4058);
#3838=STYLED_ITEM('',(#7534),#4059);
#3839=STYLED_ITEM('',(#7534),#4060);
#3840=STYLED_ITEM('',(#7534),#4061);
#3841=STYLED_ITEM('',(#7534),#4062);
#3842=STYLED_ITEM('',(#7535),#4063);
#3843=STYLED_ITEM('',(#7535),#4064);
#3844=STYLED_ITEM('',(#7536),#4065);
#3845=STYLED_ITEM('',(#7534),#4066);
#3846=STYLED_ITEM('',(#7535),#4067);
#3847=STYLED_ITEM('',(#7537),#4068);
#3848=STYLED_ITEM('',(#7537),#4069);
#3849=STYLED_ITEM('',(#7535),#4070);
#3850=STYLED_ITEM('',(#7537),#4071);
#3851=STYLED_ITEM('',(#7537),#4072);
#3852=STYLED_ITEM('',(#7535),#4073);
#3853=STYLED_ITEM('',(#7535),#4074);
#3854=STYLED_ITEM('',(#7537),#4075);
#3855=STYLED_ITEM('',(#7537),#4076);
#3856=STYLED_ITEM('',(#7537),#4077);
#3857=STYLED_ITEM('',(#7537),#4078);
#3858=STYLED_ITEM('',(#7535),#4079);
#3859=STYLED_ITEM('',(#7537),#4080);
#3860=STYLED_ITEM('',(#7535),#4081);
#3861=STYLED_ITEM('',(#7537),#4082);
#3862=STYLED_ITEM('',(#7535),#4083);
#3863=STYLED_ITEM('',(#7535),#4084);
#3864=STYLED_ITEM('',(#7535),#4085);
#3865=STYLED_ITEM('',(#7535),#4086);
#3866=STYLED_ITEM('',(#7535),#4087);
#3867=STYLED_ITEM('',(#7535),#4088);
#3868=STYLED_ITEM('',(#7535),#4089);
#3869=STYLED_ITEM('',(#7537),#4090);
#3870=STYLED_ITEM('',(#7535),#4091);
#3871=STYLED_ITEM('',(#7537),#4092);
#3872=STYLED_ITEM('',(#7535),#4093);
#3873=STYLED_ITEM('',(#7535),#4094);
#3874=STYLED_ITEM('',(#7537),#4095);
#3875=STYLED_ITEM('',(#7537),#4096);
#3876=STYLED_ITEM('',(#7535),#4097);
#3877=STYLED_ITEM('',(#7537),#4098);
#3878=STYLED_ITEM('',(#7535),#4099);
#3879=STYLED_ITEM('',(#7535),#4100);
#3880=STYLED_ITEM('',(#7535),#4101);
#3881=STYLED_ITEM('',(#7535),#4102);
#3882=STYLED_ITEM('',(#7535),#4103);
#3883=STYLED_ITEM('',(#7535),#4104);
#3884=STYLED_ITEM('',(#7535),#4105);
#3885=STYLED_ITEM('',(#7537),#4106);
#3886=STYLED_ITEM('',(#7535),#4107);
#3887=STYLED_ITEM('',(#7535),#4108);
#3888=STYLED_ITEM('',(#7535),#4109);
#3889=STYLED_ITEM('',(#7537),#4110);
#3890=STYLED_ITEM('',(#7537),#4111);
#3891=STYLED_ITEM('',(#7537),#4112);
#3892=STYLED_ITEM('',(#7535),#4113);
#3893=STYLED_ITEM('',(#7537),#4114);
#3894=STYLED_ITEM('',(#7535),#4115);
#3895=STYLED_ITEM('',(#7535),#4116);
#3896=STYLED_ITEM('',(#7535),#4117);
#3897=STYLED_ITEM('',(#7535),#4118);
#3898=STYLED_ITEM('',(#7535),#4119);
#3899=STYLED_ITEM('',(#7535),#4120);
#3900=STYLED_ITEM('',(#7537),#4121);
#3901=STYLED_ITEM('',(#7535),#4122);
#3902=STYLED_ITEM('',(#7537),#4123);
#3903=STYLED_ITEM('',(#7535),#4124);
#3904=STYLED_ITEM('',(#7535),#4125);
#3905=STYLED_ITEM('',(#7537),#4126);
#3906=STYLED_ITEM('',(#7537),#4127);
#3907=STYLED_ITEM('',(#7535),#4128);
#3908=STYLED_ITEM('',(#7537),#4129);
#3909=STYLED_ITEM('',(#7535),#4130);
#3910=STYLED_ITEM('',(#7535),#4131);
#3911=STYLED_ITEM('',(#7535),#4132);
#3912=STYLED_ITEM('',(#7535),#4133);
#3913=STYLED_ITEM('',(#7535),#4134);
#3914=STYLED_ITEM('',(#7535),#4135);
#3915=STYLED_ITEM('',(#7537),#4136);
#3916=STYLED_ITEM('',(#7535),#4137);
#3917=STYLED_ITEM('',(#7537),#4138);
#3918=STYLED_ITEM('',(#7535),#4139);
#3919=STYLED_ITEM('',(#7535),#4140);
#3920=STYLED_ITEM('',(#7537),#4141);
#3921=STYLED_ITEM('',(#7537),#4142);
#3922=STYLED_ITEM('',(#7535),#4143);
#3923=STYLED_ITEM('',(#7537),#4144);
#3924=STYLED_ITEM('',(#7535),#4145);
#3925=STYLED_ITEM('',(#7537),#4146);
#3926=STYLED_ITEM('',(#7535),#4147);
#3927=STYLED_ITEM('',(#7535),#4148);
#3928=STYLED_ITEM('',(#7535),#4149);
#3929=STYLED_ITEM('',(#7535),#4150);
#3930=STYLED_ITEM('',(#7535),#4151);
#3931=STYLED_ITEM('',(#7535),#4152);
#3932=STYLED_ITEM('',(#7535),#4153);
#3933=STYLED_ITEM('',(#7538),#4154);
#3934=STYLED_ITEM('',(#7538),#4155);
#3935=STYLED_ITEM('',(#7538),#4156);
#3936=STYLED_ITEM('',(#7538),#4157);
#3937=STYLED_ITEM('',(#7538),#4158);
#3938=STYLED_ITEM('',(#7538),#4159);
#3939=STYLED_ITEM('',(#7538),#4160);
#3940=STYLED_ITEM('',(#7538),#4161);
#3941=STYLED_ITEM('',(#7537),#4162);
#3942=STYLED_ITEM('',(#7537),#4163);
#3943=STYLED_ITEM('',(#7535),#4164);
#3944=STYLED_ITEM('',(#7535),#4165);
#3945=STYLED_ITEM('',(#7535),#4166);
#3946=STYLED_ITEM('',(#7537),#4167);
#3947=STYLED_ITEM('',(#7537),#4168);
#3948=STYLED_ITEM('',(#7535),#4169);
#3949=STYLED_ITEM('',(#7535),#4170);
#3950=STYLED_ITEM('',(#7537),#4171);
#3951=STYLED_ITEM('',(#7537),#4172);
#3952=STYLED_ITEM('',(#7538),#4173);
#3953=STYLED_ITEM('',(#7537),#4174);
#3954=STYLED_ITEM('',(#7538),#4175);
#3955=STYLED_ITEM('',(#7537),#4176);
#3956=STYLED_ITEM('',(#7534),#4177);
#3957=STYLED_ITEM('',(#7534),#4178);
#3958=STYLED_ITEM('',(#7534),#4179);
#3959=STYLED_ITEM('',(#7534),#4180);
#3960=STYLED_ITEM('',(#7534),#4181);
#3961=STYLED_ITEM('',(#7534),#4182);
#3962=STYLED_ITEM('',(#7534),#4183);
#3963=STYLED_ITEM('',(#7539),#4184);
#3964=STYLED_ITEM('',(#7539),#4185);
#3965=STYLED_ITEM('',(#7539),#4186);
#3966=STYLED_ITEM('',(#7539),#4187);
#3967=STYLED_ITEM('',(#7539),#4188);
#3968=STYLED_ITEM('',(#7539),#4189);
#3969=STYLED_ITEM('',(#7539),#4190);
#3970=STYLED_ITEM('',(#7539),#4191);
#3971=STYLED_ITEM('',(#7539),#4192);
#3972=STYLED_ITEM('',(#7539),#4193);
#3973=STYLED_ITEM('',(#7539),#4194);
#3974=STYLED_ITEM('',(#7539),#4195);
#3975=STYLED_ITEM('',(#7539),#4196);
#3976=STYLED_ITEM('',(#7539),#4197);
#3977=STYLED_ITEM('',(#7539),#4198);
#3978=STYLED_ITEM('',(#7539),#4199);
#3979=STYLED_ITEM('',(#7539),#4200);
#3980=STYLED_ITEM('',(#7539),#4201);
#3981=STYLED_ITEM('',(#7539),#4202);
#3982=STYLED_ITEM('',(#7539),#4203);
#3983=STYLED_ITEM('',(#7539),#4204);
#3984=STYLED_ITEM('',(#7539),#4205);
#3985=STYLED_ITEM('',(#7539),#4206);
#3986=STYLED_ITEM('',(#7539),#4207);
#3987=STYLED_ITEM('',(#7539),#4208);
#3988=STYLED_ITEM('',(#7539),#4209);
#3989=STYLED_ITEM('',(#7539),#4210);
#3990=STYLED_ITEM('',(#7536),#4211);
#3991=STYLED_ITEM('',(#7536),#4212);
#3992=STYLED_ITEM('',(#7536),#4213);
#3993=STYLED_ITEM('',(#7536),#4214);
#3994=STYLED_ITEM('',(#7534),#4215);
#3995=STYLED_ITEM('',(#7535),#4216);
#3996=STYLED_ITEM('',(#7535),#4217);
#3997=STYLED_ITEM('',(#7533),#15);
#3998=STYLED_ITEM('',(#7533),#14);
#3999=ADVANCED_FACE('',(#364),#3727,.T.);
#4000=ADVANCED_FACE('',(#365,#265),#275,.T.);
#4001=ADVANCED_FACE('',(#366),#3728,.T.);
#4002=ADVANCED_FACE('',(#367),#3729,.T.);
#4003=ADVANCED_FACE('',(#368),#276,.F.);
#4004=ADVANCED_FACE('',(#369),#3730,.T.);
#4005=ADVANCED_FACE('',(#370),#277,.F.);
#4006=ADVANCED_FACE('',(#371),#278,.F.);
#4007=ADVANCED_FACE('',(#372),#3731,.T.);
#4008=ADVANCED_FACE('',(#373),#279,.T.);
#4009=ADVANCED_FACE('',(#374),#3732,.T.);
#4010=ADVANCED_FACE('',(#375),#280,.F.);
#4011=ADVANCED_FACE('',(#376),#281,.T.);
#4012=ADVANCED_FACE('',(#377),#3733,.T.);
#4013=ADVANCED_FACE('',(#378),#282,.T.);
#4014=ADVANCED_FACE('',(#379),#3734,.T.);
#4015=ADVANCED_FACE('',(#380),#283,.T.);
#4016=ADVANCED_FACE('',(#381),#3735,.T.);
#4017=ADVANCED_FACE('',(#382),#284,.T.);
#4018=ADVANCED_FACE('',(#383),#285,.F.);
#4019=ADVANCED_FACE('',(#384),#3736,.T.);
#4020=ADVANCED_FACE('',(#385),#3737,.T.);
#4021=ADVANCED_FACE('',(#386),#286,.T.);
#4022=ADVANCED_FACE('',(#387),#3738,.F.);
#4023=ADVANCED_FACE('',(#388),#287,.T.);
#4024=ADVANCED_FACE('',(#389),#288,.F.);
#4025=ADVANCED_FACE('',(#390),#289,.T.);
#4026=ADVANCED_FACE('',(#391),#290,.F.);
#4027=ADVANCED_FACE('',(#392),#291,.T.);
#4028=ADVANCED_FACE('',(#393),#292,.F.);
#4029=ADVANCED_FACE('',(#394),#293,.T.);
#4030=ADVANCED_FACE('',(#395),#294,.T.);
#4031=ADVANCED_FACE('',(#396),#3739,.F.);
#4032=ADVANCED_FACE('',(#397),#3740,.F.);
#4033=ADVANCED_FACE('',(#398),#3741,.F.);
#4034=ADVANCED_FACE('',(#399),#3742,.F.);
#4035=ADVANCED_FACE('',(#400),#295,.T.);
#4036=ADVANCED_FACE('',(#401),#296,.T.);
#4037=ADVANCED_FACE('',(#402),#297,.T.);
#4038=ADVANCED_FACE('',(#403),#298,.T.);
#4039=ADVANCED_FACE('',(#404),#299,.F.);
#4040=ADVANCED_FACE('',(#405),#300,.F.);
#4041=ADVANCED_FACE('',(#406),#301,.F.);
#4042=ADVANCED_FACE('',(#407),#302,.F.);
#4043=ADVANCED_FACE('',(#408),#303,.F.);
#4044=ADVANCED_FACE('',(#409),#304,.F.);
#4045=ADVANCED_FACE('',(#410),#80,.F.);
#4046=ADVANCED_FACE('',(#411),#81,.F.);
#4047=ADVANCED_FACE('',(#412),#82,.F.);
#4048=ADVANCED_FACE('',(#413),#16,.F.);
#4049=ADVANCED_FACE('',(#414),#83,.F.);
#4050=ADVANCED_FACE('',(#415),#84,.F.);
#4051=ADVANCED_FACE('',(#416),#85,.F.);
#4052=ADVANCED_FACE('',(#417),#86,.F.);
#4053=ADVANCED_FACE('',(#418),#305,.T.);
#4054=ADVANCED_FACE('',(#419),#306,.T.);
#4055=ADVANCED_FACE('',(#420),#307,.T.);
#4056=ADVANCED_FACE('',(#421),#308,.T.);
#4057=ADVANCED_FACE('',(#422),#309,.F.);
#4058=ADVANCED_FACE('',(#423),#87,.F.);
#4059=ADVANCED_FACE('',(#424),#88,.F.);
#4060=ADVANCED_FACE('',(#425,#266),#310,.T.);
#4061=ADVANCED_FACE('',(#426),#311,.T.);
#4062=ADVANCED_FACE('',(#427),#89,.F.);
#4063=ADVANCED_FACE('',(#428),#17,.T.);
#4064=ADVANCED_FACE('',(#429),#312,.T.);
#4065=ADVANCED_FACE('',(#430),#313,.T.);
#4066=ADVANCED_FACE('',(#431),#3743,.F.);
#4067=ADVANCED_FACE('',(#432),#18,.F.);
#4068=ADVANCED_FACE('',(#433),#19,.F.);
#4069=ADVANCED_FACE('',(#434),#20,.F.);
#4070=ADVANCED_FACE('',(#435),#314,.T.);
#4071=ADVANCED_FACE('',(#436),#21,.T.);
#4072=ADVANCED_FACE('',(#437),#22,.T.);
#4073=ADVANCED_FACE('',(#438),#3744,.T.);
#4074=ADVANCED_FACE('',(#439),#90,.F.);
#4075=ADVANCED_FACE('',(#440),#23,.T.);
#4076=ADVANCED_FACE('',(#441),#3745,.T.);
#4077=ADVANCED_FACE('',(#442),#3746,.T.);
#4078=ADVANCED_FACE('',(#443),#24,.T.);
#4079=ADVANCED_FACE('',(#444),#25,.T.);
#4080=ADVANCED_FACE('',(#445),#26,.T.);
#4081=ADVANCED_FACE('',(#446),#3747,.T.);
#4082=ADVANCED_FACE('',(#447),#27,.F.);
#4083=ADVANCED_FACE('',(#448),#315,.T.);
#4084=ADVANCED_FACE('',(#449),#316,.T.);
#4085=ADVANCED_FACE('',(#450),#317,.T.);
#4086=ADVANCED_FACE('',(#451),#318,.F.);
#4087=ADVANCED_FACE('',(#452),#319,.T.);
#4088=ADVANCED_FACE('',(#453),#320,.T.);
#4089=ADVANCED_FACE('',(#454),#321,.T.);
#4090=ADVANCED_FACE('',(#455),#28,.F.);
#4091=ADVANCED_FACE('',(#456),#322,.T.);
#4092=ADVANCED_FACE('',(#457),#29,.T.);
#4093=ADVANCED_FACE('',(#458),#3748,.T.);
#4094=ADVANCED_FACE('',(#459),#91,.F.);
#4095=ADVANCED_FACE('',(#460),#3749,.T.);
#4096=ADVANCED_FACE('',(#461),#3750,.T.);
#4097=ADVANCED_FACE('',(#462),#30,.T.);
#4098=ADVANCED_FACE('',(#463),#31,.T.);
#4099=ADVANCED_FACE('',(#464),#3751,.T.);
#4100=ADVANCED_FACE('',(#465),#323,.T.);
#4101=ADVANCED_FACE('',(#466),#324,.T.);
#4102=ADVANCED_FACE('',(#467),#325,.F.);
#4103=ADVANCED_FACE('',(#468),#326,.T.);
#4104=ADVANCED_FACE('',(#469),#327,.T.);
#4105=ADVANCED_FACE('',(#470),#328,.T.);
#4106=ADVANCED_FACE('',(#471),#32,.T.);
#4107=ADVANCED_FACE('',(#472),#3752,.T.);
#4108=ADVANCED_FACE('',(#473),#92,.F.);
#4109=ADVANCED_FACE('',(#474),#329,.F.);
#4110=ADVANCED_FACE('',(#475),#3753,.T.);
#4111=ADVANCED_FACE('',(#476),#33,.F.);
#4112=ADVANCED_FACE('',(#477),#3754,.T.);
#4113=ADVANCED_FACE('',(#478),#34,.T.);
#4114=ADVANCED_FACE('',(#479),#35,.T.);
#4115=ADVANCED_FACE('',(#480),#3755,.T.);
#4116=ADVANCED_FACE('',(#481),#330,.T.);
#4117=ADVANCED_FACE('',(#482),#331,.T.);
#4118=ADVANCED_FACE('',(#483),#332,.T.);
#4119=ADVANCED_FACE('',(#484),#333,.T.);
#4120=ADVANCED_FACE('',(#485),#334,.T.);
#4121=ADVANCED_FACE('',(#486),#36,.F.);
#4122=ADVANCED_FACE('',(#487),#335,.T.);
#4123=ADVANCED_FACE('',(#488),#37,.T.);
#4124=ADVANCED_FACE('',(#489),#3756,.T.);
#4125=ADVANCED_FACE('',(#490),#93,.F.);
#4126=ADVANCED_FACE('',(#491),#3757,.T.);
#4127=ADVANCED_FACE('',(#492),#3758,.T.);
#4128=ADVANCED_FACE('',(#493),#38,.T.);
#4129=ADVANCED_FACE('',(#494),#39,.T.);
#4130=ADVANCED_FACE('',(#495),#3759,.T.);
#4131=ADVANCED_FACE('',(#496),#336,.T.);
#4132=ADVANCED_FACE('',(#497),#337,.T.);
#4133=ADVANCED_FACE('',(#498),#338,.F.);
#4134=ADVANCED_FACE('',(#499),#339,.T.);
#4135=ADVANCED_FACE('',(#500),#340,.T.);
#4136=ADVANCED_FACE('',(#501),#40,.F.);
#4137=ADVANCED_FACE('',(#502),#341,.T.);
#4138=ADVANCED_FACE('',(#503),#41,.T.);
#4139=ADVANCED_FACE('',(#504),#3760,.T.);
#4140=ADVANCED_FACE('',(#505),#94,.F.);
#4141=ADVANCED_FACE('',(#506),#3761,.T.);
#4142=ADVANCED_FACE('',(#507),#3762,.T.);
#4143=ADVANCED_FACE('',(#508),#42,.T.);
#4144=ADVANCED_FACE('',(#509),#43,.T.);
#4145=ADVANCED_FACE('',(#510),#3763,.T.);
#4146=ADVANCED_FACE('',(#511),#44,.F.);
#4147=ADVANCED_FACE('',(#512),#342,.T.);
#4148=ADVANCED_FACE('',(#513),#343,.T.);
#4149=ADVANCED_FACE('',(#514),#344,.T.);
#4150=ADVANCED_FACE('',(#515),#345,.F.);
#4151=ADVANCED_FACE('',(#516),#346,.T.);
#4152=ADVANCED_FACE('',(#517),#347,.T.);
#4153=ADVANCED_FACE('',(#518),#348,.T.);
#4154=ADVANCED_FACE('',(#519),#45,.F.);
#4155=ADVANCED_FACE('',(#520),#46,.T.);
#4156=ADVANCED_FACE('',(#521),#47,.T.);
#4157=ADVANCED_FACE('',(#522),#48,.T.);
#4158=ADVANCED_FACE('',(#523),#49,.T.);
#4159=ADVANCED_FACE('',(#524),#50,.T.);
#4160=ADVANCED_FACE('',(#525),#51,.F.);
#4161=ADVANCED_FACE('',(#526),#52,.F.);
#4162=ADVANCED_FACE('',(#527),#53,.F.);
#4163=ADVANCED_FACE('',(#528),#54,.F.);
#4164=ADVANCED_FACE('',(#529),#349,.T.);
#4165=ADVANCED_FACE('',(#530),#350,.T.);
#4166=ADVANCED_FACE('',(#531),#351,.T.);
#4167=ADVANCED_FACE('',(#532),#55,.F.);
#4168=ADVANCED_FACE('',(#533),#56,.F.);
#4169=ADVANCED_FACE('',(#534),#352,.T.);
#4170=ADVANCED_FACE('',(#535),#353,.T.);
#4171=ADVANCED_FACE('',(#536),#57,.F.);
#4172=ADVANCED_FACE('',(#537),#58,.F.);
#4173=ADVANCED_FACE('',(#538),#59,.F.);
#4174=ADVANCED_FACE('',(#539),#60,.F.);
#4175=ADVANCED_FACE('',(#540),#61,.F.);
#4176=ADVANCED_FACE('',(#541),#62,.F.);
#4177=ADVANCED_FACE('',(#542),#63,.F.);
#4178=ADVANCED_FACE('',(#543),#64,.F.);
#4179=ADVANCED_FACE('',(#544),#3764,.F.);
#4180=ADVANCED_FACE('',(#545),#65,.F.);
#4181=ADVANCED_FACE('',(#546),#66,.F.);
#4182=ADVANCED_FACE('',(#547),#3765,.F.);
#4183=ADVANCED_FACE('',(#548),#3766,.F.);
#4184=ADVANCED_FACE('',(#549,#267),#354,.T.);
#4185=ADVANCED_FACE('',(#550),#3767,.T.);
#4186=ADVANCED_FACE('',(#551,#268),#355,.T.);
#4187=ADVANCED_FACE('',(#552),#67,.T.);
#4188=ADVANCED_FACE('',(#553),#68,.T.);
#4189=ADVANCED_FACE('',(#554,#269),#356,.T.);
#4190=ADVANCED_FACE('',(#555),#3768,.T.);
#4191=ADVANCED_FACE('',(#556),#69,.T.);
#4192=ADVANCED_FACE('',(#557),#3769,.T.);
#4193=ADVANCED_FACE('',(#558),#3770,.T.);
#4194=ADVANCED_FACE('',(#559),#3771,.T.);
#4195=ADVANCED_FACE('',(#560),#70,.T.);
#4196=ADVANCED_FACE('',(#561),#3772,.T.);
#4197=ADVANCED_FACE('',(#562,#270),#357,.T.);
#4198=ADVANCED_FACE('',(#563),#3773,.T.);
#4199=ADVANCED_FACE('',(#564,#271),#358,.T.);
#4200=ADVANCED_FACE('',(#565),#3774,.T.);
#4201=ADVANCED_FACE('',(#566,#272),#359,.T.);
#4202=ADVANCED_FACE('',(#567),#71,.T.);
#4203=ADVANCED_FACE('',(#568),#72,.T.);
#4204=ADVANCED_FACE('',(#569),#73,.T.);
#4205=ADVANCED_FACE('',(#570),#74,.T.);
#4206=ADVANCED_FACE('',(#571),#75,.T.);
#4207=ADVANCED_FACE('',(#572),#76,.T.);
#4208=ADVANCED_FACE('',(#573),#77,.T.);
#4209=ADVANCED_FACE('',(#574),#78,.T.);
#4210=ADVANCED_FACE('',(#575),#3775,.T.);
#4211=ADVANCED_FACE('',(#576),#3776,.T.);
#4212=ADVANCED_FACE('',(#577,#273),#360,.T.);
#4213=ADVANCED_FACE('',(#578,#274),#361,.T.);
#4214=ADVANCED_FACE('',(#579),#362,.T.);
#4215=ADVANCED_FACE('',(#580),#3777,.F.);
#4216=ADVANCED_FACE('',(#581),#363,.F.);
#4217=ADVANCED_FACE('',(#582),#79,.T.);
#4218=CLOSED_SHELL('',(#3999,#4000,#4001,#4002,#4003,#4004,#4005,#4006,
#4007,#4008,#4009,#4010,#4011,#4012,#4013,#4014,#4015,#4016,#4017,#4018,
#4019,#4020,#4021,#4022,#4023,#4024,#4025,#4026,#4027,#4028,#4029,#4030,
#4031,#4032,#4033,#4034,#4035,#4036,#4037,#4038,#4039,#4040,#4041,#4042,
#4043,#4044,#4045,#4046,#4047,#4048,#4049,#4050,#4051,#4052,#4053,#4054,
#4055,#4056,#4057,#4058,#4059,#4060,#4061,#4062));
#4219=CLOSED_SHELL('',(#4063,#4064,#4065,#4066));
#4220=CLOSED_SHELL('',(#4067,#4068,#4069,#4070,#4071,#4072,#4073,#4074,
#4075,#4076,#4077,#4078,#4079,#4080,#4081,#4082,#4083,#4084,#4085,#4086,
#4087,#4088,#4089,#4090,#4091,#4092,#4093,#4094,#4095,#4096,#4097,#4098,
#4099,#4100,#4101,#4102,#4103,#4104,#4105,#4106,#4107,#4108,#4109,#4110,
#4111,#4112,#4113,#4114,#4115,#4116,#4117,#4118,#4119,#4120,#4121,#4122,
#4123,#4124,#4125,#4126,#4127,#4128,#4129,#4130,#4131,#4132,#4133,#4134,
#4135,#4136,#4137,#4138,#4139,#4140,#4141,#4142,#4143,#4144,#4145,#4146,
#4147,#4148,#4149,#4150,#4151,#4152,#4153,#4154,#4155,#4156,#4157,#4158,
#4159,#4160,#4161,#4162,#4163,#4164,#4165,#4166,#4167,#4168,#4169,#4170,
#4171,#4172,#4173,#4174,#4175,#4176,#4177,#4178,#4179,#4180,#4181,#4182,
#4183,#4184,#4185,#4186,#4187,#4188,#4189,#4190,#4191,#4192,#4193,#4194,
#4195,#4196,#4197,#4198,#4199,#4200,#4201,#4202,#4203,#4204,#4205,#4206,
#4207,#4208,#4209,#4210,#4211,#4212,#4213,#4214,#4215,#4216,#4217));
#4221=DERIVED_UNIT_ELEMENT(#4223,1.);
#4222=DERIVED_UNIT_ELEMENT(#7519,3.);
#4223=(
MASS_UNIT()
NAMED_UNIT(*)
SI_UNIT($,.GRAM.)
);
#4224=DERIVED_UNIT((#4221,#4222));
#4225=MEASURE_REPRESENTATION_ITEM('density measure',
POSITIVE_RATIO_MEASURE(1.),#4224);
#4226=PROPERTY_DEFINITION_REPRESENTATION(#4231,#4228);
#4227=PROPERTY_DEFINITION_REPRESENTATION(#4232,#4229);
#4228=REPRESENTATION('material name',(#4230),#7516);
#4229=REPRESENTATION('density',(#4225),#7516);
#4230=DESCRIPTIVE_REPRESENTATION_ITEM('Generisch','Generisch');
#4231=PROPERTY_DEFINITION('material property','material name',#7526);
#4232=PROPERTY_DEFINITION('material property','density of part',#7526);
#4233=DATE_TIME_ROLE('creation_date');
#4234=APPLIED_DATE_AND_TIME_ASSIGNMENT(#4235,#4233,(#7526));
#4235=DATE_AND_TIME(#4236,#4237);
#4236=CALENDAR_DATE(2022,23,8);
#4237=LOCAL_TIME(13,37,10.,#4238);
#4238=COORDINATED_UNIVERSAL_TIME_OFFSET(0,0,.BEHIND.);
#4239=AXIS2_PLACEMENT_3D('placement',#5810,#4691,#4692);
#4240=AXIS2_PLACEMENT_3D('',#5811,#4693,#4694);
#4241=AXIS2_PLACEMENT_3D('',#5816,#4696,#4697);
#4242=AXIS2_PLACEMENT_3D('',#5819,#4699,#4700);
#4243=AXIS2_PLACEMENT_3D('',#5820,#4701,#4702);
#4244=AXIS2_PLACEMENT_3D('',#5822,#4703,#4704);
#4245=AXIS2_PLACEMENT_3D('',#5827,#4706,#4707);
#4246=AXIS2_PLACEMENT_3D('',#5833,#4710,#4711);
#4247=AXIS2_PLACEMENT_3D('',#5839,#4714,#4715);
#4248=AXIS2_PLACEMENT_3D('',#5845,#4718,#4719);
#4249=AXIS2_PLACEMENT_3D('',#5851,#4722,#4723);
#4250=AXIS2_PLACEMENT_3D('',#5857,#4726,#4727);
#4251=AXIS2_PLACEMENT_3D('',#5863,#4730,#4731);
#4252=AXIS2_PLACEMENT_3D('',#5869,#4734,#4735);
#4253=AXIS2_PLACEMENT_3D('',#5875,#4738,#4739);
#4254=AXIS2_PLACEMENT_3D('',#5880,#4743,#4744);
#4255=AXIS2_PLACEMENT_3D('',#5884,#4746,#4747);
#4256=AXIS2_PLACEMENT_3D('',#5886,#4749,#4750);
#4257=AXIS2_PLACEMENT_3D('',#5890,#4752,#4753);
#4258=AXIS2_PLACEMENT_3D('',#5892,#4755,#4756);
#4259=AXIS2_PLACEMENT_3D('',#5908,#4763,#4764);
#4260=AXIS2_PLACEMENT_3D('',#5912,#4766,#4767);
#4261=AXIS2_PLACEMENT_3D('',#5914,#4769,#4770);
#4262=AXIS2_PLACEMENT_3D('',#5930,#4777,#4778);
#4263=AXIS2_PLACEMENT_3D('',#5948,#4786,#4787);
#4264=AXIS2_PLACEMENT_3D('',#5951,#4789,#4790);
#4265=AXIS2_PLACEMENT_3D('',#5952,#4791,#4792);
#4266=AXIS2_PLACEMENT_3D('',#5954,#4793,#4794);
#4267=AXIS2_PLACEMENT_3D('',#5957,#4796,#4797);
#4268=AXIS2_PLACEMENT_3D('',#5958,#4798,#4799);
#4269=AXIS2_PLACEMENT_3D('',#5960,#4800,#4801);
#4270=AXIS2_PLACEMENT_3D('',#5962,#4803,#4804);
#4271=AXIS2_PLACEMENT_3D('',#5973,#4809,#4810);
#4272=AXIS2_PLACEMENT_3D('',#5978,#4812,#4813);
#4273=AXIS2_PLACEMENT_3D('',#5981,#4815,#4816);
#4274=AXIS2_PLACEMENT_3D('',#5982,#4817,#4818);
#4275=AXIS2_PLACEMENT_3D('',#5986,#4820,#4821);
#4276=AXIS2_PLACEMENT_3D('',#5988,#4823,#4824);
#4277=AXIS2_PLACEMENT_3D('',#5993,#4826,#4827);
#4278=AXIS2_PLACEMENT_3D('',#5995,#4828,#4829);
#4279=AXIS2_PLACEMENT_3D('',#5998,#4831,#4832);
#4280=AXIS2_PLACEMENT_3D('',#5999,#4833,#4834);
#4281=AXIS2_PLACEMENT_3D('',#6003,#4836,#4837);
#4282=AXIS2_PLACEMENT_3D('',#6005,#4839,#4840);
#4283=AXIS2_PLACEMENT_3D('',#6009,#4842,#4843);
#4284=AXIS2_PLACEMENT_3D('',#6010,#4844,#4845);
#4285=AXIS2_PLACEMENT_3D('',#6011,#4846,#4847);
#4286=AXIS2_PLACEMENT_3D('',#6013,#4848,#4849);
#4287=AXIS2_PLACEMENT_3D('',#6015,#4851,#4852);
#4288=AXIS2_PLACEMENT_3D('',#6019,#4854,#4855);
#4289=AXIS2_PLACEMENT_3D('',#6020,#4856,#4857);
#4290=AXIS2_PLACEMENT_3D('',#6021,#4858,#4859);
#4291=AXIS2_PLACEMENT_3D('',#6034,#4865,#4866);
#4292=AXIS2_PLACEMENT_3D('',#6035,#4867,#4868);
#4293=AXIS2_PLACEMENT_3D('',#6036,#4869,#4870);
#4294=AXIS2_PLACEMENT_3D('',#6038,#4871,#4872);
#4295=AXIS2_PLACEMENT_3D('',#6040,#4874,#4875);
#4296=AXIS2_PLACEMENT_3D('',#6041,#4876,#4877);
#4297=AXIS2_PLACEMENT_3D('',#6042,#4878,#4879);
#4298=AXIS2_PLACEMENT_3D('',#6043,#4880,#4881);
#4299=AXIS2_PLACEMENT_3D('',#6044,#4882,#4883);
#4300=AXIS2_PLACEMENT_3D('',#6045,#4884,#4885);
#4301=AXIS2_PLACEMENT_3D('',#6056,#4890,#4891);
#4302=AXIS2_PLACEMENT_3D('',#6059,#4893,#4894);
#4303=AXIS2_PLACEMENT_3D('',#6060,#4895,#4896);
#4304=AXIS2_PLACEMENT_3D('',#6071,#4901,#4902);
#4305=AXIS2_PLACEMENT_3D('',#6074,#4904,#4905);
#4306=AXIS2_PLACEMENT_3D('',#6075,#4906,#4907);
#4307=AXIS2_PLACEMENT_3D('',#6086,#4912,#4913);
#4308=AXIS2_PLACEMENT_3D('',#6087,#4914,#4915);
#4309=AXIS2_PLACEMENT_3D('',#6088,#4916,#4917);
#4310=AXIS2_PLACEMENT_3D('',#6089,#4918,#4919);
#4311=AXIS2_PLACEMENT_3D('',#6090,#4920,#4921);
#4312=AXIS2_PLACEMENT_3D('',#6093,#4923,#4924);
#4313=AXIS2_PLACEMENT_3D('',#6094,#4925,#4926);
#4314=AXIS2_PLACEMENT_3D('',#6097,#4928,#4929);
#4315=AXIS2_PLACEMENT_3D('',#6098,#4930,#4931);
#4316=AXIS2_PLACEMENT_3D('',#6099,#4932,#4933);
#4317=AXIS2_PLACEMENT_3D('',#6100,#4934,#4935);
#4318=AXIS2_PLACEMENT_3D('',#6101,#4936,#4937);
#4319=AXIS2_PLACEMENT_3D('',#6102,#4938,#4939);
#4320=AXIS2_PLACEMENT_3D('',#6104,#4941,#4942);
#4321=AXIS2_PLACEMENT_3D('',#6106,#4944,#4945);
#4322=AXIS2_PLACEMENT_3D('',#6107,#4946,#4947);
#4323=AXIS2_PLACEMENT_3D('',#6108,#4948,#4949);
#4324=AXIS2_PLACEMENT_3D('',#6144,#4953,#4954);
#4325=AXIS2_PLACEMENT_3D('',#6148,#4955,#4956);
#4326=AXIS2_PLACEMENT_3D('',#6184,#4960,#4961);
#4327=AXIS2_PLACEMENT_3D('',#6188,#4962,#4963);
#4328=AXIS2_PLACEMENT_3D('',#6222,#4966,#4967);
#4329=AXIS2_PLACEMENT_3D('',#6256,#4970,#4971);
#4330=AXIS2_PLACEMENT_3D('',#6257,#4972,#4973);
#4331=AXIS2_PLACEMENT_3D('',#6258,#4974,#4975);
#4332=AXIS2_PLACEMENT_3D('',#6259,#4976,#4977);
#4333=AXIS2_PLACEMENT_3D('',#6262,#4978,#4979);
#4334=AXIS2_PLACEMENT_3D('',#6264,#4981,#4982);
#4335=AXIS2_PLACEMENT_3D('',#6265,#4983,#4984);
#4336=AXIS2_PLACEMENT_3D('',#6271,#4985,#4986);
#4337=AXIS2_PLACEMENT_3D('',#6275,#4987,#4988);
#4338=AXIS2_PLACEMENT_3D('',#6276,#4989,#4990);
#4339=AXIS2_PLACEMENT_3D('',#6277,#4991,#4992);
#4340=AXIS2_PLACEMENT_3D('',#6278,#4993,#4994);
#4341=AXIS2_PLACEMENT_3D('',#6279,#4995,#4996);
#4342=AXIS2_PLACEMENT_3D('',#6280,#4997,#4998);
#4343=AXIS2_PLACEMENT_3D('',#6281,#4999,#5000);
#4344=AXIS2_PLACEMENT_3D('',#6282,#5001,#5002);
#4345=AXIS2_PLACEMENT_3D('',#6283,#5003,#5004);
#4346=AXIS2_PLACEMENT_3D('',#6284,#5005,#5006);
#4347=AXIS2_PLACEMENT_3D('',#6285,#5007,#5008);
#4348=AXIS2_PLACEMENT_3D('',#6286,#5009,#5010);
#4349=AXIS2_PLACEMENT_3D('',#6287,#5011,#5012);
#4350=AXIS2_PLACEMENT_3D('',#6288,#5013,#5014);
#4351=AXIS2_PLACEMENT_3D('',#6289,#5015,#5016);
#4352=AXIS2_PLACEMENT_3D('',#6290,#5017,#5018);
#4353=AXIS2_PLACEMENT_3D('',#6316,#5021,#5022);
#4354=AXIS2_PLACEMENT_3D('',#6317,#5023,#5024);
#4355=AXIS2_PLACEMENT_3D('',#6318,#5025,#5026);
#4356=AXIS2_PLACEMENT_3D('',#6319,#5027,#5028);
#4357=AXIS2_PLACEMENT_3D('',#6320,#5029,#5030);
#4358=AXIS2_PLACEMENT_3D('',#6321,#5031,#5032);
#4359=AXIS2_PLACEMENT_3D('',#6322,#5033,#5034);
#4360=AXIS2_PLACEMENT_3D('',#6325,#5035,#5036);
#4361=AXIS2_PLACEMENT_3D('',#6326,#5037,#5038);
#4362=AXIS2_PLACEMENT_3D('',#6329,#5040,#5041);
#4363=AXIS2_PLACEMENT_3D('',#6330,#5042,#5043);
#4364=AXIS2_PLACEMENT_3D('',#6331,#5044,#5045);
#4365=AXIS2_PLACEMENT_3D('',#6333,#5046,#5047);
#4366=AXIS2_PLACEMENT_3D('',#6334,#5048,#5049);
#4367=AXIS2_PLACEMENT_3D('',#6336,#5051,#5052);
#4368=AXIS2_PLACEMENT_3D('',#6339,#5053,#5054);
#4369=AXIS2_PLACEMENT_3D('',#6345,#5055,#5056);
#4370=AXIS2_PLACEMENT_3D('',#6351,#5057,#5058);
#4371=AXIS2_PLACEMENT_3D('',#6357,#5059,#5060);
#4372=AXIS2_PLACEMENT_3D('',#6363,#5061,#5062);
#4373=AXIS2_PLACEMENT_3D('',#6369,#5063,#5064);
#4374=AXIS2_PLACEMENT_3D('',#6373,#5066,#5067);
#4375=AXIS2_PLACEMENT_3D('',#6374,#5068,#5069);
#4376=AXIS2_PLACEMENT_3D('',#6376,#5070,#5071);
#4377=AXIS2_PLACEMENT_3D('',#6382,#5072,#5073);
#4378=AXIS2_PLACEMENT_3D('',#6388,#5074,#5075);
#4379=AXIS2_PLACEMENT_3D('',#6394,#5076,#5077);
#4380=AXIS2_PLACEMENT_3D('',#6400,#5078,#5079);
#4381=AXIS2_PLACEMENT_3D('',#6404,#5080,#5081);
#4382=AXIS2_PLACEMENT_3D('',#6408,#5083,#5084);
#4383=AXIS2_PLACEMENT_3D('',#6409,#5085,#5086);
#4384=AXIS2_PLACEMENT_3D('',#6410,#5087,#5088);
#4385=AXIS2_PLACEMENT_3D('',#6413,#5089,#5090);
#4386=AXIS2_PLACEMENT_3D('',#6419,#5091,#5092);
#4387=AXIS2_PLACEMENT_3D('',#6423,#5093,#5094);
#4388=AXIS2_PLACEMENT_3D('',#6428,#5096,#5097);
#4389=AXIS2_PLACEMENT_3D('',#6431,#5099,#5100);
#4390=AXIS2_PLACEMENT_3D('',#6432,#5101,#5102);
#4391=AXIS2_PLACEMENT_3D('',#6441,#5103,#5104);
#4392=AXIS2_PLACEMENT_3D('',#6442,#5105,#5106);
#4393=AXIS2_PLACEMENT_3D('',#6445,#5107,#5108);
#4394=AXIS2_PLACEMENT_3D('',#6446,#5109,#5110);
#4395=AXIS2_PLACEMENT_3D('',#6450,#5112,#5113);
#4396=AXIS2_PLACEMENT_3D('',#6451,#5114,#5115);
#4397=AXIS2_PLACEMENT_3D('',#6452,#5116,#5117);
#4398=AXIS2_PLACEMENT_3D('',#6455,#5118,#5119);
#4399=AXIS2_PLACEMENT_3D('',#6459,#5121,#5122);
#4400=AXIS2_PLACEMENT_3D('',#6461,#5124,#5125);
#4401=AXIS2_PLACEMENT_3D('',#6464,#5126,#5127);
#4402=AXIS2_PLACEMENT_3D('',#6481,#5128,#5129);
#4403=AXIS2_PLACEMENT_3D('',#6485,#5131,#5132);
#4404=AXIS2_PLACEMENT_3D('',#6487,#5133,#5134);
#4405=AXIS2_PLACEMENT_3D('',#6489,#5135,#5136);
#4406=AXIS2_PLACEMENT_3D('',#6491,#5137,#5138);
#4407=AXIS2_PLACEMENT_3D('',#6492,#5139,#5140);
#4408=AXIS2_PLACEMENT_3D('',#6494,#5141,#5142);
#4409=AXIS2_PLACEMENT_3D('',#6496,#5143,#5144);
#4410=AXIS2_PLACEMENT_3D('',#6498,#5145,#5146);
#4411=AXIS2_PLACEMENT_3D('',#6500,#5147,#5148);
#4412=AXIS2_PLACEMENT_3D('',#6501,#5149,#5150);
#4413=AXIS2_PLACEMENT_3D('',#6502,#5151,#5152);
#4414=AXIS2_PLACEMENT_3D('',#6505,#5153,#5154);
#4415=AXIS2_PLACEMENT_3D('',#6508,#5157,#5158);
#4416=AXIS2_PLACEMENT_3D('',#6511,#5159,#5160);
#4417=AXIS2_PLACEMENT_3D('',#6515,#5162,#5163);
#4418=AXIS2_PLACEMENT_3D('',#6517,#5165,#5166);
#4419=AXIS2_PLACEMENT_3D('',#6527,#5167,#5168);
#4420=AXIS2_PLACEMENT_3D('',#6533,#5169,#5170);
#4421=AXIS2_PLACEMENT_3D('',#6539,#5171,#5172);
#4422=AXIS2_PLACEMENT_3D('',#6545,#5173,#5174);
#4423=AXIS2_PLACEMENT_3D('',#6551,#5175,#5176);
#4424=AXIS2_PLACEMENT_3D('',#6554,#5178,#5179);
#4425=AXIS2_PLACEMENT_3D('',#6560,#5180,#5181);
#4426=AXIS2_PLACEMENT_3D('',#6566,#5182,#5183);
#4427=AXIS2_PLACEMENT_3D('',#6572,#5184,#5185);
#4428=AXIS2_PLACEMENT_3D('',#6577,#5186,#5187);
#4429=AXIS2_PLACEMENT_3D('',#6578,#5188,#5189);
#4430=AXIS2_PLACEMENT_3D('',#6587,#5190,#5191);
#4431=AXIS2_PLACEMENT_3D('',#6588,#5192,#5193);
#4432=AXIS2_PLACEMENT_3D('',#6591,#5194,#5195);
#4433=AXIS2_PLACEMENT_3D('',#6598,#5196,#5197);
#4434=AXIS2_PLACEMENT_3D('',#6601,#5200,#5201);
#4435=AXIS2_PLACEMENT_3D('',#6604,#5202,#5203);
#4436=AXIS2_PLACEMENT_3D('',#6611,#5204,#5205);
#4437=AXIS2_PLACEMENT_3D('',#6632,#5207,#5208);
#4438=AXIS2_PLACEMENT_3D('',#6637,#5210,#5211);
#4439=AXIS2_PLACEMENT_3D('',#6639,#5213,#5214);
#4440=AXIS2_PLACEMENT_3D('',#6642,#5217,#5218);
#4441=AXIS2_PLACEMENT_3D('',#6663,#5220,#5221);
#4442=AXIS2_PLACEMENT_3D('',#6667,#5222,#5223);
#4443=AXIS2_PLACEMENT_3D('',#6668,#5224,#5225);
#4444=AXIS2_PLACEMENT_3D('',#6671,#5226,#5227);
#4445=AXIS2_PLACEMENT_3D('',#6677,#5228,#5229);
#4446=AXIS2_PLACEMENT_3D('',#6681,#5230,#5231);
#4447=AXIS2_PLACEMENT_3D('',#6686,#5233,#5234);
#4448=AXIS2_PLACEMENT_3D('',#6689,#5236,#5237);
#4449=AXIS2_PLACEMENT_3D('',#6690,#5238,#5239);
#4450=AXIS2_PLACEMENT_3D('',#6699,#5240,#5241);
#4451=AXIS2_PLACEMENT_3D('',#6700,#5242,#5243);
#4452=AXIS2_PLACEMENT_3D('',#6703,#5244,#5245);
#4453=AXIS2_PLACEMENT_3D('',#6706,#5248,#5249);
#4454=AXIS2_PLACEMENT_3D('',#6709,#5250,#5251);
#4455=AXIS2_PLACEMENT_3D('',#6726,#5252,#5253);
#4456=AXIS2_PLACEMENT_3D('',#6729,#5254,#5255);
#4457=AXIS2_PLACEMENT_3D('',#6732,#5258,#5259);
#4458=AXIS2_PLACEMENT_3D('',#6736,#5261,#5262);
#4459=AXIS2_PLACEMENT_3D('',#6738,#5264,#5265);
#4460=AXIS2_PLACEMENT_3D('',#6747,#5266,#5267);
#4461=AXIS2_PLACEMENT_3D('',#6748,#5268,#5269);
#4462=AXIS2_PLACEMENT_3D('',#6751,#5270,#5271);
#4463=AXIS2_PLACEMENT_3D('',#6758,#5272,#5273);
#4464=AXIS2_PLACEMENT_3D('',#6761,#5276,#5277);
#4465=AXIS2_PLACEMENT_3D('',#6766,#5279,#5280);
#4466=AXIS2_PLACEMENT_3D('',#6768,#5282,#5283);
#4467=AXIS2_PLACEMENT_3D('',#6771,#5286,#5287);
#4468=AXIS2_PLACEMENT_3D('',#6775,#5288,#5289);
#4469=AXIS2_PLACEMENT_3D('',#6776,#5290,#5291);
#4470=AXIS2_PLACEMENT_3D('',#6781,#5293,#5294);
#4471=AXIS2_PLACEMENT_3D('',#6784,#5296,#5297);
#4472=AXIS2_PLACEMENT_3D('',#6785,#5298,#5299);
#4473=AXIS2_PLACEMENT_3D('',#6794,#5300,#5301);
#4474=AXIS2_PLACEMENT_3D('',#6795,#5302,#5303);
#4475=AXIS2_PLACEMENT_3D('',#6798,#5304,#5305);
#4476=AXIS2_PLACEMENT_3D('',#6801,#5308,#5309);
#4477=AXIS2_PLACEMENT_3D('',#6804,#5310,#5311);
#4478=AXIS2_PLACEMENT_3D('',#6821,#5312,#5313);
#4479=AXIS2_PLACEMENT_3D('',#6826,#5318,#5319);
#4480=AXIS2_PLACEMENT_3D('',#6829,#5320,#5321);
#4481=AXIS2_PLACEMENT_3D('',#6832,#5324,#5325);
#4482=AXIS2_PLACEMENT_3D('',#6835,#5326,#5327);
#4483=AXIS2_PLACEMENT_3D('',#6842,#5328,#5329);
#4484=AXIS2_PLACEMENT_3D('',#6846,#5331,#5332);
#4485=AXIS2_PLACEMENT_3D('',#6848,#5334,#5335);
#4486=AXIS2_PLACEMENT_3D('',#6857,#5336,#5337);
#4487=AXIS2_PLACEMENT_3D('',#6858,#5338,#5339);
#4488=AXIS2_PLACEMENT_3D('',#6861,#5340,#5341);
#4489=AXIS2_PLACEMENT_3D('',#6868,#5342,#5343);
#4490=AXIS2_PLACEMENT_3D('',#6871,#5346,#5347);
#4491=AXIS2_PLACEMENT_3D('',#6897,#5349,#5350);
#4492=AXIS2_PLACEMENT_3D('',#6898,#5351,#5352);
#4493=AXIS2_PLACEMENT_3D('',#6902,#5353,#5354);
#4494=AXIS2_PLACEMENT_3D('',#6903,#5355,#5356);
#4495=AXIS2_PLACEMENT_3D('',#6907,#5357,#5358);
#4496=AXIS2_PLACEMENT_3D('',#6910,#5359,#5360);
#4497=AXIS2_PLACEMENT_3D('',#6916,#5361,#5362);
#4498=AXIS2_PLACEMENT_3D('',#6920,#5363,#5364);
#4499=AXIS2_PLACEMENT_3D('',#6925,#5366,#5367);
#4500=AXIS2_PLACEMENT_3D('',#6928,#5369,#5370);
#4501=AXIS2_PLACEMENT_3D('',#6929,#5371,#5372);
#4502=AXIS2_PLACEMENT_3D('',#6938,#5373,#5374);
#4503=AXIS2_PLACEMENT_3D('',#6939,#5375,#5376);
#4504=AXIS2_PLACEMENT_3D('',#6942,#5377,#5378);
#4505=AXIS2_PLACEMENT_3D('',#6945,#5381,#5382);
#4506=AXIS2_PLACEMENT_3D('',#6948,#5383,#5384);
#4507=AXIS2_PLACEMENT_3D('',#6965,#5385,#5386);
#4508=AXIS2_PLACEMENT_3D('',#6968,#5387,#5388);
#4509=AXIS2_PLACEMENT_3D('',#6971,#5391,#5392);
#4510=AXIS2_PLACEMENT_3D('',#6975,#5394,#5395);
#4511=AXIS2_PLACEMENT_3D('',#6977,#5397,#5398);
#4512=AXIS2_PLACEMENT_3D('',#6986,#5399,#5400);
#4513=AXIS2_PLACEMENT_3D('',#6987,#5401,#5402);
#4514=AXIS2_PLACEMENT_3D('',#6990,#5403,#5404);
#4515=AXIS2_PLACEMENT_3D('',#6997,#5405,#5406);
#4516=AXIS2_PLACEMENT_3D('',#7000,#5409,#5410);
#4517=AXIS2_PLACEMENT_3D('',#7005,#5412,#5413);
#4518=AXIS2_PLACEMENT_3D('',#7007,#5415,#5416);
#4519=AXIS2_PLACEMENT_3D('',#7010,#5419,#5420);
#4520=AXIS2_PLACEMENT_3D('',#7014,#5421,#5422);
#4521=AXIS2_PLACEMENT_3D('',#7015,#5423,#5424);
#4522=AXIS2_PLACEMENT_3D('',#7018,#5425,#5426);
#4523=AXIS2_PLACEMENT_3D('',#7024,#5427,#5428);
#4524=AXIS2_PLACEMENT_3D('',#7028,#5429,#5430);
#4525=AXIS2_PLACEMENT_3D('',#7033,#5432,#5433);
#4526=AXIS2_PLACEMENT_3D('',#7036,#5435,#5436);
#4527=AXIS2_PLACEMENT_3D('',#7037,#5437,#5438);
#4528=AXIS2_PLACEMENT_3D('',#7046,#5439,#5440);
#4529=AXIS2_PLACEMENT_3D('',#7047,#5441,#5442);
#4530=AXIS2_PLACEMENT_3D('',#7050,#5443,#5444);
#4531=AXIS2_PLACEMENT_3D('',#7053,#5447,#5448);
#4532=AXIS2_PLACEMENT_3D('',#7056,#5449,#5450);
#4533=AXIS2_PLACEMENT_3D('',#7073,#5451,#5452);
#4534=AXIS2_PLACEMENT_3D('',#7076,#5453,#5454);
#4535=AXIS2_PLACEMENT_3D('',#7079,#5457,#5458);
#4536=AXIS2_PLACEMENT_3D('',#7083,#5460,#5461);
#4537=AXIS2_PLACEMENT_3D('',#7085,#5463,#5464);
#4538=AXIS2_PLACEMENT_3D('',#7094,#5465,#5466);
#4539=AXIS2_PLACEMENT_3D('',#7095,#5467,#5468);
#4540=AXIS2_PLACEMENT_3D('',#7098,#5469,#5470);
#4541=AXIS2_PLACEMENT_3D('',#7105,#5471,#5472);
#4542=AXIS2_PLACEMENT_3D('',#7108,#5475,#5476);
#4543=AXIS2_PLACEMENT_3D('',#7111,#5477,#5478);
#4544=AXIS2_PLACEMENT_3D('',#7118,#5479,#5480);
#4545=AXIS2_PLACEMENT_3D('',#7139,#5482,#5483);
#4546=AXIS2_PLACEMENT_3D('',#7144,#5485,#5486);
#4547=AXIS2_PLACEMENT_3D('',#7146,#5488,#5489);
#4548=AXIS2_PLACEMENT_3D('',#7149,#5492,#5493);
#4549=AXIS2_PLACEMENT_3D('',#7170,#5495,#5496);
#4550=AXIS2_PLACEMENT_3D('',#7174,#5497,#5498);
#4551=AXIS2_PLACEMENT_3D('',#7175,#5499,#5500);
#4552=AXIS2_PLACEMENT_3D('',#7178,#5501,#5502);
#4553=AXIS2_PLACEMENT_3D('',#7179,#5503,#5504);
#4554=AXIS2_PLACEMENT_3D('',#7183,#5505,#5506);
#4555=AXIS2_PLACEMENT_3D('',#7184,#5507,#5508);
#4556=AXIS2_PLACEMENT_3D('',#7185,#5509,#5510);
#4557=AXIS2_PLACEMENT_3D('',#7186,#5511,#5512);
#4558=AXIS2_PLACEMENT_3D('',#7187,#5513,#5514);
#4559=AXIS2_PLACEMENT_3D('',#7188,#5515,#5516);
#4560=AXIS2_PLACEMENT_3D('',#7189,#5517,#5518);
#4561=AXIS2_PLACEMENT_3D('',#7190,#5519,#5520);
#4562=AXIS2_PLACEMENT_3D('',#7191,#5521,#5522);
#4563=AXIS2_PLACEMENT_3D('',#7192,#5523,#5524);
#4564=AXIS2_PLACEMENT_3D('',#7193,#5525,#5526);
#4565=AXIS2_PLACEMENT_3D('',#7194,#5527,#5528);
#4566=AXIS2_PLACEMENT_3D('',#7197,#5529,#5530);
#4567=AXIS2_PLACEMENT_3D('',#7204,#5531,#5532);
#4568=AXIS2_PLACEMENT_3D('',#7225,#5534,#5535);
#4569=AXIS2_PLACEMENT_3D('',#7246,#5537,#5538);
#4570=AXIS2_PLACEMENT_3D('',#7272,#5540,#5541);
#4571=AXIS2_PLACEMENT_3D('',#7273,#5542,#5543);
#4572=AXIS2_PLACEMENT_3D('',#7274,#5544,#5545);
#4573=AXIS2_PLACEMENT_3D('',#7275,#5546,#5547);
#4574=AXIS2_PLACEMENT_3D('',#7278,#5548,#5549);
#4575=AXIS2_PLACEMENT_3D('',#7285,#5550,#5551);
#4576=AXIS2_PLACEMENT_3D('',#7302,#5553,#5554);
#4577=AXIS2_PLACEMENT_3D('',#7323,#5556,#5557);
#4578=AXIS2_PLACEMENT_3D('',#7324,#5558,#5559);
#4579=AXIS2_PLACEMENT_3D('',#7325,#5560,#5561);
#4580=AXIS2_PLACEMENT_3D('',#7326,#5562,#5563);
#4581=AXIS2_PLACEMENT_3D('',#7327,#5564,#5565);
#4582=AXIS2_PLACEMENT_3D('',#7328,#5566,#5567);
#4583=AXIS2_PLACEMENT_3D('',#7329,#5568,#5569);
#4584=AXIS2_PLACEMENT_3D('',#7330,#5570,#5571);
#4585=AXIS2_PLACEMENT_3D('',#7331,#5572,#5573);
#4586=AXIS2_PLACEMENT_3D('',#7332,#5574,#5575);
#4587=AXIS2_PLACEMENT_3D('',#7333,#5576,#5577);
#4588=AXIS2_PLACEMENT_3D('',#7334,#5578,#5579);
#4589=AXIS2_PLACEMENT_3D('',#7335,#5580,#5581);
#4590=AXIS2_PLACEMENT_3D('',#7338,#5582,#5583);
#4591=AXIS2_PLACEMENT_3D('',#7342,#5585,#5586);
#4592=AXIS2_PLACEMENT_3D('',#7343,#5587,#5588);
#4593=AXIS2_PLACEMENT_3D('',#7344,#5589,#5590);
#4594=AXIS2_PLACEMENT_3D('',#7345,#5591,#5592);
#4595=AXIS2_PLACEMENT_3D('',#7348,#5593,#5594);
#4596=AXIS2_PLACEMENT_3D('',#7352,#5596,#5597);
#4597=AXIS2_PLACEMENT_3D('',#7353,#5598,#5599);
#4598=AXIS2_PLACEMENT_3D('',#7354,#5600,#5601);
#4599=AXIS2_PLACEMENT_3D('',#7355,#5602,#5603);
#4600=AXIS2_PLACEMENT_3D('',#7358,#5604,#5605);
#4601=AXIS2_PLACEMENT_3D('',#7360,#5607,#5608);
#4602=AXIS2_PLACEMENT_3D('',#7361,#5609,#5610);
#4603=AXIS2_PLACEMENT_3D('',#7364,#5611,#5612);
#4604=AXIS2_PLACEMENT_3D('',#7366,#5614,#5615);
#4605=AXIS2_PLACEMENT_3D('',#7367,#5616,#5617);
#4606=AXIS2_PLACEMENT_3D('',#7370,#5618,#5619);
#4607=AXIS2_PLACEMENT_3D('',#7374,#5621,#5622);
#4608=AXIS2_PLACEMENT_3D('',#7375,#5623,#5624);
#4609=AXIS2_PLACEMENT_3D('',#7376,#5625,#5626);
#4610=AXIS2_PLACEMENT_3D('',#7377,#5627,#5628);
#4611=AXIS2_PLACEMENT_3D('',#7379,#5630,#5631);
#4612=AXIS2_PLACEMENT_3D('',#7381,#5632,#5633);
#4613=AXIS2_PLACEMENT_3D('',#7383,#5635,#5636);
#4614=AXIS2_PLACEMENT_3D('',#7385,#5637,#5638);
#4615=AXIS2_PLACEMENT_3D('',#7387,#5639,#5640);
#4616=AXIS2_PLACEMENT_3D('',#7388,#5641,#5642);
#4617=AXIS2_PLACEMENT_3D('',#7391,#5643,#5644);
#4618=AXIS2_PLACEMENT_3D('',#7392,#5645,#5646);
#4619=AXIS2_PLACEMENT_3D('',#7395,#5648,#5649);
#4620=AXIS2_PLACEMENT_3D('',#7396,#5650,#5651);
#4621=AXIS2_PLACEMENT_3D('',#7398,#5652,#5653);
#4622=AXIS2_PLACEMENT_3D('',#7399,#5654,#5655);
#4623=AXIS2_PLACEMENT_3D('',#7401,#5656,#5657);
#4624=AXIS2_PLACEMENT_3D('',#7403,#5659,#5660);
#4625=AXIS2_PLACEMENT_3D('',#7406,#5661,#5662);
#4626=AXIS2_PLACEMENT_3D('',#7407,#5663,#5664);
#4627=AXIS2_PLACEMENT_3D('',#7411,#5666,#5667);
#4628=AXIS2_PLACEMENT_3D('',#7412,#5668,#5669);
#4629=AXIS2_PLACEMENT_3D('',#7413,#5670,#5671);
#4630=AXIS2_PLACEMENT_3D('',#7414,#5672,#5673);
#4631=AXIS2_PLACEMENT_3D('',#7416,#5674,#5675);
#4632=AXIS2_PLACEMENT_3D('',#7420,#5677,#5678);
#4633=AXIS2_PLACEMENT_3D('',#7421,#5679,#5680);
#4634=AXIS2_PLACEMENT_3D('',#7422,#5681,#5682);
#4635=AXIS2_PLACEMENT_3D('',#7425,#5684,#5685);
#4636=AXIS2_PLACEMENT_3D('',#7426,#5686,#5687);
#4637=AXIS2_PLACEMENT_3D('',#7428,#5688,#5689);
#4638=AXIS2_PLACEMENT_3D('',#7432,#5691,#5692);
#4639=AXIS2_PLACEMENT_3D('',#7433,#5693,#5694);
#4640=AXIS2_PLACEMENT_3D('',#7434,#5695,#5696);
#4641=AXIS2_PLACEMENT_3D('',#7437,#5698,#5699);
#4642=AXIS2_PLACEMENT_3D('',#7438,#5700,#5701);
#4643=AXIS2_PLACEMENT_3D('',#7441,#5703,#5704);
#4644=AXIS2_PLACEMENT_3D('',#7442,#5705,#5706);
#4645=AXIS2_PLACEMENT_3D('',#7443,#5707,#5708);
#4646=AXIS2_PLACEMENT_3D('',#7444,#5709,#5710);
#4647=AXIS2_PLACEMENT_3D('',#7445,#5711,#5712);
#4648=AXIS2_PLACEMENT_3D('',#7447,#5713,#5714);
#4649=AXIS2_PLACEMENT_3D('',#7449,#5716,#5717);
#4650=AXIS2_PLACEMENT_3D('',#7450,#5718,#5719);
#4651=AXIS2_PLACEMENT_3D('',#7451,#5720,#5721);
#4652=AXIS2_PLACEMENT_3D('',#7452,#5722,#5723);
#4653=AXIS2_PLACEMENT_3D('',#7453,#5724,#5725);
#4654=AXIS2_PLACEMENT_3D('',#7454,#5726,#5727);
#4655=AXIS2_PLACEMENT_3D('',#7456,#5728,#5729);
#4656=AXIS2_PLACEMENT_3D('',#7458,#5731,#5732);
#4657=AXIS2_PLACEMENT_3D('',#7459,#5733,#5734);
#4658=AXIS2_PLACEMENT_3D('',#7461,#5735,#5736);
#4659=AXIS2_PLACEMENT_3D('',#7463,#5738,#5739);
#4660=AXIS2_PLACEMENT_3D('',#7465,#5740,#5741);
#4661=AXIS2_PLACEMENT_3D('',#7466,#5742,#5743);
#4662=AXIS2_PLACEMENT_3D('',#7468,#5745,#5746);
#4663=AXIS2_PLACEMENT_3D('',#7470,#5748,#5749);
#4664=AXIS2_PLACEMENT_3D('',#7473,#5751,#5752);
#4665=AXIS2_PLACEMENT_3D('',#7474,#5753,#5754);
#4666=AXIS2_PLACEMENT_3D('',#7475,#5755,#5756);
#4667=AXIS2_PLACEMENT_3D('',#7476,#5757,#5758);
#4668=AXIS2_PLACEMENT_3D('',#7477,#5759,#5760);
#4669=AXIS2_PLACEMENT_3D('',#7478,#5761,#5762);
#4670=AXIS2_PLACEMENT_3D('',#7479,#5763,#5764);
#4671=AXIS2_PLACEMENT_3D('',#7480,#5765,#5766);
#4672=AXIS2_PLACEMENT_3D('',#7482,#5767,#5768);
#4673=AXIS2_PLACEMENT_3D('',#7483,#5769,#5770);
#4674=AXIS2_PLACEMENT_3D('',#7484,#5771,#5772);
#4675=AXIS2_PLACEMENT_3D('',#7486,#5774,#5775);
#4676=AXIS2_PLACEMENT_3D('',#7489,#5777,#5778);
#4677=AXIS2_PLACEMENT_3D('',#7490,#5779,#5780);
#4678=AXIS2_PLACEMENT_3D('',#7493,#5781,#5782);
#4679=AXIS2_PLACEMENT_3D('',#7494,#5783,#5784);
#4680=AXIS2_PLACEMENT_3D('',#7498,#5786,#5787);
#4681=AXIS2_PLACEMENT_3D('',#7499,#5788,#5789);
#4682=AXIS2_PLACEMENT_3D('',#7500,#5790,#5791);
#4683=AXIS2_PLACEMENT_3D('',#7501,#5792,#5793);
#4684=AXIS2_PLACEMENT_3D('',#7502,#5794,#5795);
#4685=AXIS2_PLACEMENT_3D('',#7503,#5796,#5797);
#4686=AXIS2_PLACEMENT_3D('',#7507,#5799,#5800);
#4687=AXIS2_PLACEMENT_3D('',#7508,#5801,#5802);
#4688=AXIS2_PLACEMENT_3D('',#7509,#5803,#5804);
#4689=AXIS2_PLACEMENT_3D('',#7511,#5805,#5806);
#4690=AXIS2_PLACEMENT_3D('',#7512,#5807,#5808);
#4691=DIRECTION('axis',(0.,0.,1.));
#4692=DIRECTION('refdir',(1.,0.,0.));
#4693=DIRECTION('center_axis',(1.,-2.74810209378597E-32,1.22098824992416E-32));
#4694=DIRECTION('ref_axis',(-5.42487962810371E-33,1.,-2.77555756156289E-16));
#4695=DIRECTION('',(-1.,2.74810209378597E-32,-1.22098824992416E-32));
#4696=DIRECTION('center_axis',(1.,-2.74810209378597E-32,1.22098824992416E-32));
#4697=DIRECTION('ref_axis',(-5.42487962810371E-33,1.,-2.77555756156289E-16));
#4698=DIRECTION('',(1.,-2.74810209378597E-32,1.22098824992416E-32));
#4699=DIRECTION('center_axis',(-1.,2.74810209378597E-32,-1.22098824992416E-32));
#4700=DIRECTION('ref_axis',(-5.42487962810371E-33,1.,-2.77555756156289E-16));
#4701=DIRECTION('center_axis',(-1.,2.74810209378597E-32,-1.22098824992416E-32));
#4702=DIRECTION('ref_axis',(-1.22098824992416E-32,2.77555756156289E-16,
1.));
#4703=DIRECTION('center_axis',(1.,-2.74810209378597E-32,1.22098824992416E-32));
#4704=DIRECTION('ref_axis',(-5.42487962810371E-33,1.,-2.77555756156289E-16));
#4705=DIRECTION('',(2.23629428458081E-32,0.951056516295154,0.309016994374947));
#4706=DIRECTION('center_axis',(1.,-2.74810209378597E-32,1.22098824992416E-32));
#4707=DIRECTION('ref_axis',(-5.42487962810371E-33,1.,-2.77555756156289E-16));
#4708=DIRECTION('',(2.23629428458081E-32,0.951056516295154,0.309016994374947));
#4709=DIRECTION('',(-2.01043908066743E-32,-0.309016994374947,0.951056516295154));
#4710=DIRECTION('center_axis',(1.,-2.74810209378597E-32,1.22098824992416E-32));
#4711=DIRECTION('ref_axis',(-5.42487962810371E-33,1.,-2.77555756156289E-16));
#4712=DIRECTION('',(2.74810209378597E-32,1.,-2.77555756156289E-16));
#4713=DIRECTION('',(-1.22098824992416E-32,2.77555756156289E-16,1.));
#4714=DIRECTION('center_axis',(1.,-2.74810209378597E-32,1.22098824992416E-32));
#4715=DIRECTION('ref_axis',(-5.42487962810371E-33,1.,-2.77555756156289E-16));
#4716=DIRECTION('',(-1.22098824992416E-32,2.77555756156289E-16,1.));
#4717=DIRECTION('',(-2.74810209378597E-32,-1.,2.77555756156289E-16));
#4718=DIRECTION('center_axis',(-1.,2.74810209378597E-32,-1.22098824992416E-32));
#4719=DIRECTION('ref_axis',(-5.42487962810371E-33,1.,-2.77555756156289E-16));
#4720=DIRECTION('',(-3.12018582152948E-33,0.309016994374948,0.951056516295153));
#4721=DIRECTION('',(-2.99090652289819E-32,-0.951056516295153,0.309016994374948));
#4722=DIRECTION('center_axis',(1.,-2.74810209378597E-32,1.22098824992416E-32));
#4723=DIRECTION('ref_axis',(-5.42487962810371E-33,1.,-2.77555756156289E-16));
#4724=DIRECTION('',(-2.99090652289819E-32,-0.951056516295153,0.309016994374948));
#4725=DIRECTION('',(3.12018582152948E-33,-0.309016994374948,-0.951056516295153));
#4726=DIRECTION('center_axis',(-1.,2.74810209378597E-32,-1.22098824992416E-32));
#4727=DIRECTION('ref_axis',(-5.42487962810371E-33,1.,-2.77555756156289E-16));
#4728=DIRECTION('',(-2.94094018267804E-32,-0.809016994374947,0.587785252292473));
#4729=DIRECTION('',(-6.27493638400688E-33,-0.587785252292473,-0.809016994374947));
#4730=DIRECTION('center_axis',(1.,-2.74810209378597E-32,1.22098824992416E-32));
#4731=DIRECTION('ref_axis',(-5.42487962810371E-33,1.,-2.77555756156289E-16));
#4732=DIRECTION('',(-6.27493638400688E-33,-0.587785252292473,-0.809016994374947));
#4733=DIRECTION('',(2.94094018267804E-32,0.809016994374947,-0.587785252292473));
#4734=DIRECTION('center_axis',(-1.,2.74810209378597E-32,-1.22098824992416E-32));
#4735=DIRECTION('ref_axis',(-5.42487962810371E-33,1.,-2.77555756156289E-16));
#4736=DIRECTION('',(-1.50558240962241E-32,-0.809016994374948,-0.587785252292473));
#4737=DIRECTION('',(2.60309412664223E-32,0.587785252292473,-0.809016994374948));
#4738=DIRECTION('center_axis',(1.,-2.74810209378597E-32,1.22098824992416E-32));
#4739=DIRECTION('ref_axis',(-5.42487962810371E-33,1.,-2.77555756156289E-16));
#4740=DIRECTION('',(2.60309412664223E-32,0.587785252292473,-0.809016994374948));
#4741=DIRECTION('',(1.50558240962241E-32,0.809016994374948,0.587785252292473));
#4742=DIRECTION('',(2.01043908066743E-32,0.309016994374947,-0.951056516295154));
#4743=DIRECTION('center_axis',(1.,-2.74810209378597E-32,1.22098824992416E-32));
#4744=DIRECTION('ref_axis',(-6.03869215038231E-32,-1.,4.00020436071024E-16));
#4745=DIRECTION('',(-1.,2.74810209378597E-32,-1.22098824992416E-32));
#4746=DIRECTION('center_axis',(1.,-2.74810209378597E-32,1.22098824992416E-32));
#4747=DIRECTION('ref_axis',(-5.42487962810371E-33,1.,-2.77555756156289E-16));
#4748=DIRECTION('',(1.,-2.74810209378597E-32,1.22098824992416E-32));
#4749=DIRECTION('center_axis',(1.,-2.74810209378597E-32,1.22098824992416E-32));
#4750=DIRECTION('ref_axis',(-5.42487962810371E-33,1.,-2.77555756156289E-16));
#4751=DIRECTION('',(-1.,2.74810209378597E-32,-1.22098824992416E-32));
#4752=DIRECTION('center_axis',(1.,-2.74810209378597E-32,1.22098824992416E-32));
#4753=DIRECTION('ref_axis',(-5.42487962810371E-33,1.,-2.77555756156289E-16));
#4754=DIRECTION('',(1.,-2.74810209378597E-32,1.22098824992416E-32));
#4755=DIRECTION('center_axis',(-1.30666666820689E-32,0.587785252292473,
0.809016994374947));
#4756=DIRECTION('ref_axis',(-1.,-5.42487962810371E-33,-1.22098824992416E-32));
#4757=DIRECTION('',(-2.94094018267804E-32,-0.809016994374947,0.587785252292473));
#4758=DIRECTION('',(-1.,2.74810209378597E-32,-1.22098824992416E-32));
#4759=DIRECTION('',(2.94094018267804E-32,0.809016994374947,-0.587785252292473));
#4760=DIRECTION('',(1.,-2.74810209378597E-32,1.22098824992416E-32));
#4761=DIRECTION('',(2.94094018267804E-32,0.809016994374947,-0.587785252292473));
#4762=DIRECTION('',(1.,5.42487962810371E-33,1.22098824992416E-32));
#4763=DIRECTION('center_axis',(1.,-2.74810209378597E-32,1.22098824992416E-32));
#4764=DIRECTION('ref_axis',(-5.42487962810371E-33,1.,-2.77555756156289E-16));
#4765=DIRECTION('',(-1.,2.74810209378597E-32,-1.22098824992416E-32));
#4766=DIRECTION('center_axis',(1.,-2.74810209378597E-32,1.22098824992416E-32));
#4767=DIRECTION('ref_axis',(-5.42487962810371E-33,1.,-2.77555756156289E-16));
#4768=DIRECTION('',(1.,-2.74810209378597E-32,1.22098824992416E-32));
#4769=DIRECTION('center_axis',(-1.38630592883795E-33,0.951056516295154,
-0.309016994374948));
#4770=DIRECTION('ref_axis',(-1.,-5.42487962810371E-33,-1.22098824992416E-32));
#4771=DIRECTION('',(-3.12018582152948E-33,0.309016994374948,0.951056516295153));
#4772=DIRECTION('',(-1.,2.74810209378597E-32,-1.22098824992416E-32));
#4773=DIRECTION('',(3.12018582152948E-33,-0.309016994374948,-0.951056516295153));
#4774=DIRECTION('',(1.,-2.74810209378597E-32,1.22098824992416E-32));
#4775=DIRECTION('',(3.12018582152948E-33,-0.309016994374948,-0.951056516295153));
#4776=DIRECTION('',(1.,5.42487962810371E-33,1.22098824992416E-32));
#4777=DIRECTION('center_axis',(1.22098824992416E-32,-2.77555756156289E-16,
-1.));
#4778=DIRECTION('ref_axis',(-1.,-5.42487962810371E-33,-1.22098824992416E-32));
#4779=DIRECTION('',(1.,-2.74810209378597E-32,1.22098824992416E-32));
#4780=DIRECTION('',(2.74810209378597E-32,1.,-2.77555756156289E-16));
#4781=DIRECTION('',(-1.,2.74810209378597E-32,-1.22098824992416E-32));
#4782=DIRECTION('',(-2.74810209378597E-32,-1.,2.77555756156289E-16));
#4783=DIRECTION('',(1.,-2.74810209378597E-32,1.22098824992416E-32));
#4784=DIRECTION('',(-2.74810209378597E-32,-1.,2.77555756156289E-16));
#4785=DIRECTION('',(1.,5.42487962810371E-33,1.22098824992416E-32));
#4786=DIRECTION('center_axis',(1.,-2.74810209378597E-32,1.22098824992416E-32));
#4787=DIRECTION('ref_axis',(-5.42487962810371E-33,1.,-2.77555756156289E-16));
#4788=DIRECTION('',(-1.,2.74810209378597E-32,-1.22098824992416E-32));
#4789=DIRECTION('center_axis',(-1.,2.74810209378597E-32,-1.22098824992416E-32));
#4790=DIRECTION('ref_axis',(-5.42487962810371E-33,1.,-2.77555756156289E-16));
#4791=DIRECTION('center_axis',(1.,-2.74810209378597E-32,1.22098824992416E-32));
#4792=DIRECTION('ref_axis',(1.22098824992416E-32,-2.77555756156289E-16,
-1.));
#4793=DIRECTION('center_axis',(1.,-2.74810209378597E-32,1.22098824992416E-32));
#4794=DIRECTION('ref_axis',(-5.42487962810371E-33,1.,-2.77555756156289E-16));
#4795=DIRECTION('',(2.01043908066743E-32,0.309016994374947,-0.951056516295154));
#4796=DIRECTION('center_axis',(1.,-2.74810209378597E-32,1.22098824992416E-32));
#4797=DIRECTION('ref_axis',(-5.42487962810371E-33,1.,-2.77555756156289E-16));
#4798=DIRECTION('center_axis',(1.,-2.74810209378597E-32,1.22098824992416E-32));
#4799=DIRECTION('ref_axis',(-5.42487962810371E-33,1.,-2.77555756156289E-16));
#4800=DIRECTION('center_axis',(-1.,2.74810209378597E-32,-1.22098824992416E-32));
#4801=DIRECTION('ref_axis',(-5.42487962810371E-33,1.,-2.77555756156289E-16));
#4802=DIRECTION('',(-1.,2.74810209378597E-32,-1.22098824992416E-32));
#4803=DIRECTION('center_axis',(-8.93242831201177E-33,0.951056516295154,
0.309016994374947));
#4804=DIRECTION('ref_axis',(1.,5.42487962810371E-33,1.22098824992416E-32));
#4805=DIRECTION('',(1.,5.42487962810371E-33,1.22098824992416E-32));
#4806=DIRECTION('',(2.01043908066743E-32,0.309016994374947,-0.951056516295154));
#4807=DIRECTION('',(1.,-2.74810209378597E-32,1.22098824992416E-32));
#4808=DIRECTION('',(-2.01043908066743E-32,-0.309016994374947,0.951056516295154));
#4809=DIRECTION('center_axis',(1.,-2.74810209378597E-32,1.22098824992416E-32));
#4810=DIRECTION('ref_axis',(1.22098824992416E-32,-2.77555756156289E-16,
-1.));
#4811=DIRECTION('',(-1.50558240962241E-32,-0.809016994374948,-0.587785252292473));
#4812=DIRECTION('center_axis',(1.,-2.74810209378597E-32,1.22098824992416E-32));
#4813=DIRECTION('ref_axis',(-5.42487962810371E-33,1.,-2.77555756156289E-16));
#4814=DIRECTION('',(-2.01043908066743E-32,-0.309016994374947,0.951056516295154));
#4815=DIRECTION('center_axis',(-1.,2.74810209378597E-32,-1.22098824992416E-32));
#4816=DIRECTION('ref_axis',(-5.42487962810371E-33,1.,-2.77555756156289E-16));
#4817=DIRECTION('center_axis',(1.,-2.74810209378597E-32,1.22098824992416E-32));
#4818=DIRECTION('ref_axis',(-5.42487962810371E-33,1.,-2.77555756156289E-16));
#4819=DIRECTION('',(1.,-2.74810209378597E-32,1.22098824992416E-32));
#4820=DIRECTION('center_axis',(1.,-2.74810209378597E-32,1.22098824992416E-32));
#4821=DIRECTION('ref_axis',(-5.42487962810371E-33,1.,-2.77555756156289E-16));
#4822=DIRECTION('',(-1.,2.74810209378597E-32,-1.22098824992416E-32));
#4823=DIRECTION('center_axis',(1.,-2.74810209378597E-32,1.22098824992416E-32));
#4824=DIRECTION('ref_axis',(1.22098824992416E-32,-2.77555756156289E-16,
-1.));
#4825=DIRECTION('',(-2.94094018267804E-32,-0.809016994374947,0.587785252292473));
#4826=DIRECTION('center_axis',(1.,-2.74810209378597E-32,1.22098824992416E-32));
#4827=DIRECTION('ref_axis',(-5.42487962810371E-33,1.,-2.77555756156289E-16));
#4828=DIRECTION('center_axis',(1.,-2.74810209378597E-32,1.22098824992416E-32));
#4829=DIRECTION('ref_axis',(-5.42487962810371E-33,1.,-2.77555756156289E-16));
#4830=DIRECTION('',(1.50558240962241E-32,0.809016994374948,0.587785252292473));
#4831=DIRECTION('center_axis',(-1.,2.74810209378597E-32,-1.22098824992416E-32));
#4832=DIRECTION('ref_axis',(-5.42487962810371E-33,1.,-2.77555756156289E-16));
#4833=DIRECTION('center_axis',(1.,-2.74810209378597E-32,1.22098824992416E-32));
#4834=DIRECTION('ref_axis',(-6.03869215038231E-32,-1.,4.00020436071024E-16));
#4835=DIRECTION('',(1.,-2.74810209378597E-32,1.22098824992416E-32));
#4836=DIRECTION('center_axis',(1.,-2.74810209378597E-32,1.22098824992416E-32));
#4837=DIRECTION('ref_axis',(-5.42487962810371E-33,1.,-2.77555756156289E-16));
#4838=DIRECTION('',(-1.,2.74810209378597E-32,-1.22098824992416E-32));
#4839=DIRECTION('center_axis',(1.,-2.74810209378597E-32,1.22098824992416E-32));
#4840=DIRECTION('ref_axis',(1.22098824992416E-32,-2.77555756156289E-16,
-1.));
#4841=DIRECTION('',(-3.12018582152948E-33,0.309016994374948,0.951056516295153));
#4842=DIRECTION('center_axis',(1.,-2.74810209378597E-32,1.22098824992416E-32));
#4843=DIRECTION('ref_axis',(-5.42487962810371E-33,1.,-2.77555756156289E-16));
#4844=DIRECTION('center_axis',(-1.,2.74810209378597E-32,-1.22098824992416E-32));
#4845=DIRECTION('ref_axis',(-5.42487962810371E-33,1.,-2.77555756156289E-16));
#4846=DIRECTION('center_axis',(1.,-2.74810209378597E-32,1.22098824992416E-32));
#4847=DIRECTION('ref_axis',(-5.42487962810371E-33,1.,-2.77555756156289E-16));
#4848=DIRECTION('center_axis',(1.,-2.74810209378597E-32,1.22098824992416E-32));
#4849=DIRECTION('ref_axis',(-5.42487962810371E-33,1.,-2.77555756156289E-16));
#4850=DIRECTION('',(-1.,2.74810209378597E-32,-1.22098824992416E-32));
#4851=DIRECTION('center_axis',(1.,-2.74810209378597E-32,1.22098824992416E-32));
#4852=DIRECTION('ref_axis',(1.22098824992416E-32,-2.77555756156289E-16,
-1.));
#4853=DIRECTION('',(2.74810209378597E-32,1.,-2.77555756156289E-16));
#4854=DIRECTION('center_axis',(1.,-2.74810209378597E-32,1.22098824992416E-32));
#4855=DIRECTION('ref_axis',(-5.42487962810371E-33,1.,-2.77555756156289E-16));
#4856=DIRECTION('center_axis',(-1.,2.74810209378597E-32,-1.22098824992416E-32));
#4857=DIRECTION('ref_axis',(-5.42487962810371E-33,1.,-2.77555756156289E-16));
#4858=DIRECTION('center_axis',(-1.22098824992416E-32,2.77555756156289E-16,
1.));
#4859=DIRECTION('ref_axis',(1.,5.42487962810371E-33,1.22098824992416E-32));
#4860=DIRECTION('',(1.,5.42487962810371E-33,1.22098824992416E-32));
#4861=DIRECTION('',(-1.,2.74810209378597E-32,-1.22098824992416E-32));
#4862=DIRECTION('',(2.74810209378597E-32,1.,-2.77555756156289E-16));
#4863=DIRECTION('',(1.,-2.74810209378597E-32,1.22098824992416E-32));
#4864=DIRECTION('',(-2.74810209378597E-32,-1.,2.77555756156289E-16));
#4865=DIRECTION('center_axis',(1.,-2.74810209378597E-32,1.22098824992416E-32));
#4866=DIRECTION('ref_axis',(-5.42487962810371E-33,1.,-2.77555756156289E-16));
#4867=DIRECTION('center_axis',(1.,-2.74810209378597E-32,1.22098824992416E-32));
#4868=DIRECTION('ref_axis',(-5.42487962810371E-33,1.,-2.77555756156289E-16));
#4869=DIRECTION('center_axis',(1.,-2.74810209378597E-32,1.22098824992416E-32));
#4870=DIRECTION('ref_axis',(-5.42487962810371E-33,1.,-2.77555756156289E-16));
#4871=DIRECTION('center_axis',(1.,-2.74810209378597E-32,1.22098824992416E-32));
#4872=DIRECTION('ref_axis',(-5.42487962810371E-33,1.,-2.77555756156289E-16));
#4873=DIRECTION('',(-1.,2.74810209378597E-32,-1.22098824992416E-32));
#4874=DIRECTION('center_axis',(-1.,2.74810209378597E-32,-1.22098824992416E-32));
#4875=DIRECTION('ref_axis',(-1.22098824992416E-32,2.77555756156289E-16,
1.));
#4876=DIRECTION('center_axis',(-1.,2.74810209378597E-32,-1.22098824992416E-32));
#4877=DIRECTION('ref_axis',(-5.42487962810371E-33,1.,-2.77555756156289E-16));
#4878=DIRECTION('center_axis',(1.,-2.74810209378597E-32,1.22098824992416E-32));
#4879=DIRECTION('ref_axis',(-5.42487962810371E-33,1.,-2.77555756156289E-16));
#4880=DIRECTION('center_axis',(-1.,2.74810209378597E-32,-1.22098824992416E-32));
#4881=DIRECTION('ref_axis',(-5.42487962810371E-33,1.,-2.77555756156289E-16));
#4882=DIRECTION('center_axis',(1.,-2.74810209378597E-32,1.22098824992416E-32));
#4883=DIRECTION('ref_axis',(1.22098824992416E-32,-2.77555756156289E-16,
-1.));
#4884=DIRECTION('center_axis',(6.68933820034648E-33,0.587785252292473,-0.809016994374948));
#4885=DIRECTION('ref_axis',(1.,5.42487962810371E-33,1.22098824992416E-32));
#4886=DIRECTION('',(1.,5.42487962810371E-33,1.22098824992416E-32));
#4887=DIRECTION('',(-1.50558240962241E-32,-0.809016994374948,-0.587785252292473));
#4888=DIRECTION('',(1.,-2.74810209378597E-32,1.22098824992416E-32));
#4889=DIRECTION('',(1.50558240962241E-32,0.809016994374948,0.587785252292473));
#4890=DIRECTION('center_axis',(1.,-2.74810209378597E-32,1.22098824992416E-32));
#4891=DIRECTION('ref_axis',(1.22098824992416E-32,-2.77555756156289E-16,
-1.));
#4892=DIRECTION('',(-2.01043908066743E-32,-0.309016994374947,0.951056516295154));
#4893=DIRECTION('center_axis',(1.,-2.74810209378597E-32,1.22098824992416E-32));
#4894=DIRECTION('ref_axis',(-5.42487962810371E-33,1.,-2.77555756156289E-16));
#4895=DIRECTION('center_axis',(1.30666666820689E-32,-0.587785252292473,
-0.809016994374947));
#4896=DIRECTION('ref_axis',(1.,5.42487962810371E-33,1.22098824992416E-32));
#4897=DIRECTION('',(1.,5.42487962810371E-33,1.22098824992416E-32));
#4898=DIRECTION('',(-2.94094018267804E-32,-0.809016994374947,0.587785252292473));
#4899=DIRECTION('',(1.,-2.74810209378597E-32,1.22098824992416E-32));
#4900=DIRECTION('',(2.94094018267804E-32,0.809016994374947,-0.587785252292473));
#4901=DIRECTION('center_axis',(1.,-2.74810209378597E-32,1.22098824992416E-32));
#4902=DIRECTION('ref_axis',(1.22098824992416E-32,-2.77555756156289E-16,
-1.));
#4903=DIRECTION('',(1.50558240962241E-32,0.809016994374948,0.587785252292473));
#4904=DIRECTION('center_axis',(1.,-2.74810209378597E-32,1.22098824992416E-32));
#4905=DIRECTION('ref_axis',(-5.42487962810371E-33,1.,-2.77555756156289E-16));
#4906=DIRECTION('center_axis',(1.38630592883795E-33,-0.951056516295154,
0.309016994374948));
#4907=DIRECTION('ref_axis',(1.,5.42487962810371E-33,1.22098824992416E-32));
#4908=DIRECTION('',(1.,5.42487962810371E-33,1.22098824992416E-32));
#4909=DIRECTION('',(-3.12018582152948E-33,0.309016994374948,0.951056516295153));
#4910=DIRECTION('',(1.,-2.74810209378597E-32,1.22098824992416E-32));
#4911=DIRECTION('',(3.12018582152948E-33,-0.309016994374948,-0.951056516295153));
#4912=DIRECTION('center_axis',(1.,-2.74810209378597E-32,1.22098824992416E-32));
#4913=DIRECTION('ref_axis',(1.22098824992416E-32,-2.77555756156289E-16,
-1.));
#4914=DIRECTION('center_axis',(1.,-2.74810209378597E-32,1.22098824992416E-32));
#4915=DIRECTION('ref_axis',(-5.42487962810371E-33,1.,-2.77555756156289E-16));
#4916=DIRECTION('center_axis',(1.,-2.74810209378597E-32,1.22098824992416E-32));
#4917=DIRECTION('ref_axis',(1.22098824992416E-32,-2.77555756156289E-16,
-1.));
#4918=DIRECTION('center_axis',(1.,-2.74810209378597E-32,1.22098824992416E-32));
#4919=DIRECTION('ref_axis',(-5.42487962810371E-33,1.,-2.77555756156289E-16));
#4920=DIRECTION('center_axis',(1.,-2.74810209378597E-32,1.22098824992416E-32));
#4921=DIRECTION('ref_axis',(-5.42487962810371E-33,1.,-2.77555756156289E-16));
#4922=DIRECTION('',(-1.,2.74810209378597E-32,-1.22098824992416E-32));
#4923=DIRECTION('center_axis',(1.,-2.74810209378597E-32,1.22098824992416E-32));
#4924=DIRECTION('ref_axis',(-5.42487962810371E-33,1.,-2.77555756156289E-16));
#4925=DIRECTION('center_axis',(1.,-2.74810209378597E-32,1.22098824992416E-32));
#4926=DIRECTION('ref_axis',(-6.03869215038231E-32,-1.,4.00020436071025E-16));
#4927=DIRECTION('',(-1.,2.74810209378597E-32,-1.22098824992416E-32));
#4928=DIRECTION('center_axis',(1.,-2.74810209378597E-32,1.22098824992416E-32));
#4929=DIRECTION('ref_axis',(-5.42487962810371E-33,1.,-2.77555756156289E-16));
#4930=DIRECTION('center_axis',(1.,-2.74810209378597E-32,1.22098824992416E-32));
#4931=DIRECTION('ref_axis',(-5.42487962810371E-33,1.,-2.77555756156289E-16));
#4932=DIRECTION('center_axis',(1.,-2.74810209378597E-32,1.22098824992416E-32));
#4933=DIRECTION('ref_axis',(-5.42487962810371E-33,1.,-2.77555756156289E-16));
#4934=DIRECTION('center_axis',(1.,-2.74810209378597E-32,1.22098824992416E-32));
#4935=DIRECTION('ref_axis',(-5.42487962810371E-33,1.,-2.77555756156289E-16));
#4936=DIRECTION('center_axis',(1.,-2.74810209378597E-32,1.22098824992416E-32));
#4937=DIRECTION('ref_axis',(-5.42487962810371E-33,1.,-2.77555756156289E-16));
#4938=DIRECTION('center_axis',(-1.,2.74810209378597E-32,-1.22098824992416E-32));
#4939=DIRECTION('ref_axis',(-1.22098824992416E-32,2.77555756156289E-16,
1.));
#4940=DIRECTION('',(2.01043908066743E-32,0.309016994374947,-0.951056516295154));
#4941=DIRECTION('center_axis',(-1.,2.74810209378597E-32,-1.22098824992416E-32));
#4942=DIRECTION('ref_axis',(-1.22098824992416E-32,2.77555756156289E-16,
1.));
#4943=DIRECTION('',(-1.50558240962241E-32,-0.809016994374948,-0.587785252292473));
#4944=DIRECTION('center_axis',(-1.,2.74810209378597E-32,-1.22098824992416E-32));
#4945=DIRECTION('ref_axis',(-1.22098824992416E-32,2.77555756156289E-16,
1.));
#4946=DIRECTION('center_axis',(-1.,2.74810209378597E-32,-1.22098824992416E-32));
#4947=DIRECTION('ref_axis',(-1.22098824992416E-32,2.77555756156289E-16,
1.));
#4948=DIRECTION('center_axis',(9.93590831657939E-33,0.309016994374947,-0.951056516295154));
#4949=DIRECTION('ref_axis',(-8.93242831201177E-33,0.951056516295154,0.309016994374947));
#4950=DIRECTION('',(1.,5.42487962810371E-33,1.22098824992416E-32));
#4951=DIRECTION('',(-2.23629428458081E-32,-0.951056516295154,-0.309016994374947));
#4952=DIRECTION('',(-2.23629428458081E-32,-0.951056516295154,-0.309016994374947));
#4953=DIRECTION('center_axis',(8.93242831201177E-33,-0.951056516295154,
-0.309016994374947));
#4954=DIRECTION('ref_axis',(-1.,-5.42487962810371E-33,-1.22098824992416E-32));
#4955=DIRECTION('center_axis',(1.15656086768525E-32,-0.809016994374948,
-0.587785252292473));
#4956=DIRECTION('ref_axis',(6.68933820034648E-33,0.587785252292473,-0.809016994374948));
#4957=DIRECTION('',(1.,5.42487962810371E-33,1.22098824992416E-32));
#4958=DIRECTION('',(-2.60309412664223E-32,-0.587785252292473,0.809016994374948));
#4959=DIRECTION('',(-2.60309412664223E-32,-0.587785252292473,0.809016994374948));
#4960=DIRECTION('center_axis',(-6.68933820034648E-33,-0.587785252292473,
0.809016994374948));
#4961=DIRECTION('ref_axis',(-1.,-5.42487962810371E-33,-1.22098824992416E-32));
#4962=DIRECTION('center_axis',(-2.78796905370384E-33,-0.809016994374947,
0.587785252292473));
#4963=DIRECTION('ref_axis',(1.30666666820689E-32,-0.587785252292473,-0.809016994374947));
#4964=DIRECTION('',(6.27493638400688E-33,0.587785252292473,0.809016994374947));
#4965=DIRECTION('',(6.27493638400688E-33,0.587785252292473,0.809016994374947));
#4966=DIRECTION('center_axis',(-1.32886683116244E-32,0.309016994374948,
0.951056516295154));
#4967=DIRECTION('ref_axis',(1.38630592883795E-33,-0.951056516295153,0.309016994374948));
#4968=DIRECTION('',(2.99090652289819E-32,0.951056516295153,-0.309016994374948));
#4969=DIRECTION('',(2.99090652289819E-32,0.951056516295153,-0.309016994374948));
#4970=DIRECTION('center_axis',(1.,-2.74810209378597E-32,1.22098824992416E-32));
#4971=DIRECTION('ref_axis',(0.,-2.77555756156289E-16,-1.));
#4972=DIRECTION('center_axis',(1.,-2.74810209378597E-32,1.22098824992416E-32));
#4973=DIRECTION('ref_axis',(0.,-2.77555756156289E-16,-1.));
#4974=DIRECTION('center_axis',(1.,-2.74810209378597E-32,1.22098824992416E-32));
#4975=DIRECTION('ref_axis',(0.,-2.77555756156289E-16,-1.));
#4976=DIRECTION('center_axis',(1.,-2.74810209378597E-32,1.22098824992416E-32));
#4977=DIRECTION('ref_axis',(-5.42487962810371E-33,1.,-2.77555756156289E-16));
#4978=DIRECTION('center_axis',(1.,-2.74810209378597E-32,1.22098824992416E-32));
#4979=DIRECTION('ref_axis',(-5.42487962810371E-33,1.,-2.77555756156289E-16));
#4980=DIRECTION('',(-0.422618261740707,0.906307787036646,-1.40560250097615E-16));
#4981=DIRECTION('center_axis',(1.,-2.74810209378597E-32,1.22098824992416E-32));
#4982=DIRECTION('ref_axis',(-5.42487962810371E-33,1.,-2.77555756156289E-16));
#4983=DIRECTION('center_axis',(1.,-2.74810209378597E-32,1.22098824992416E-32));
#4984=DIRECTION('ref_axis',(-5.42487962810371E-33,1.,-2.77555756156289E-16));
#4985=DIRECTION('center_axis',(1.,-2.74810209378597E-32,1.22098824992416E-32));
#4986=DIRECTION('ref_axis',(-5.42487962810371E-33,1.,-2.77555756156289E-16));
#4987=DIRECTION('center_axis',(1.,-2.74810209378597E-32,1.22098824992416E-32));
#4988=DIRECTION('ref_axis',(-5.42487962810371E-33,1.,-2.77555756156289E-16));
#4989=DIRECTION('center_axis',(1.,-2.74810209378597E-32,1.22098824992416E-32));
#4990=DIRECTION('ref_axis',(-5.42487962810371E-33,1.,-2.77555756156289E-16));
#4991=DIRECTION('center_axis',(1.,-2.74810209378597E-32,1.22098824992416E-32));
#4992=DIRECTION('ref_axis',(-5.42487962810371E-33,1.,-2.77555756156289E-16));
#4993=DIRECTION('center_axis',(1.,-2.74810209378597E-32,1.22098824992416E-32));
#4994=DIRECTION('ref_axis',(0.,-2.77555756156289E-16,-1.));
#4995=DIRECTION('center_axis',(1.,-2.74810209378597E-32,1.22098824992416E-32));
#4996=DIRECTION('ref_axis',(-5.42487962810371E-33,1.,-2.77555756156289E-16));
#4997=DIRECTION('center_axis',(1.,-2.74810209378597E-32,1.22098824992416E-32));
#4998=DIRECTION('ref_axis',(0.,-2.77555756156289E-16,-1.));
#4999=DIRECTION('center_axis',(1.,-2.74810209378597E-32,1.22098824992416E-32));
#5000=DIRECTION('ref_axis',(-5.42487962810371E-33,1.,-2.77555756156289E-16));
#5001=DIRECTION('center_axis',(1.,-2.74810209378597E-32,1.22098824992416E-32));
#5002=DIRECTION('ref_axis',(0.,-2.77555756156289E-16,-1.));
#5003=DIRECTION('center_axis',(1.,-2.74810209378597E-32,1.22098824992416E-32));
#5004=DIRECTION('ref_axis',(-5.42487962810371E-33,1.,-2.77555756156289E-16));
#5005=DIRECTION('center_axis',(1.,-2.74810209378597E-32,1.22098824992416E-32));
#5006=DIRECTION('ref_axis',(0.,-2.77555756156289E-16,-1.));
#5007=DIRECTION('center_axis',(1.,-2.74810209378597E-32,1.22098824992416E-32));
#5008=DIRECTION('ref_axis',(-5.42487962810371E-33,1.,-2.77555756156289E-16));
#5009=DIRECTION('center_axis',(1.,-2.74810209378597E-32,1.22098824992416E-32));
#5010=DIRECTION('ref_axis',(1.22098824992416E-32,-2.77555756156289E-16,
-1.));
#5011=DIRECTION('center_axis',(1.,-2.74810209378597E-32,1.22098824992416E-32));
#5012=DIRECTION('ref_axis',(1.22098824992416E-32,-2.77555756156289E-16,
-1.));
#5013=DIRECTION('center_axis',(1.,-2.74810209378597E-32,1.22098824992416E-32));
#5014=DIRECTION('ref_axis',(1.22098824992416E-32,-2.77555756156289E-16,
-1.));
#5015=DIRECTION('center_axis',(1.,-2.74810209378597E-32,1.22098824992416E-32));
#5016=DIRECTION('ref_axis',(1.22098824992416E-32,-2.77555756156289E-16,
-1.));
#5017=DIRECTION('center_axis',(-5.42487962810371E-33,1.,-2.77555756156289E-16));
#5018=DIRECTION('ref_axis',(-1.22098824992416E-32,2.77555756156289E-16,
1.));
#5019=DIRECTION('',(1.22098824992416E-32,-2.77555756156289E-16,-1.));
#5020=DIRECTION('',(1.22098824992416E-32,-2.77555756156289E-16,-1.));
#5021=DIRECTION('center_axis',(1.,-2.74810209378597E-32,1.22098824992416E-32));
#5022=DIRECTION('ref_axis',(0.,-2.77555756156289E-16,-1.));
#5023=DIRECTION('center_axis',(1.,-2.74810209378597E-32,1.22098824992416E-32));
#5024=DIRECTION('ref_axis',(-5.42487962810371E-33,1.,-2.77555756156289E-16));
#5025=DIRECTION('center_axis',(1.,-2.74810209378597E-32,1.22098824992416E-32));
#5026=DIRECTION('ref_axis',(0.,-2.77555756156289E-16,-1.));
#5027=DIRECTION('center_axis',(1.,-2.74810209378597E-32,1.22098824992416E-32));
#5028=DIRECTION('ref_axis',(1.22098824992416E-32,-2.77555756156289E-16,
-1.));
#5029=DIRECTION('center_axis',(1.,-2.74810209378597E-32,1.22098824992416E-32));
#5030=DIRECTION('ref_axis',(1.22098824992416E-32,-2.77555756156289E-16,
-1.));
#5031=DIRECTION('center_axis',(1.,-2.74810209378597E-32,1.22098824992416E-32));
#5032=DIRECTION('ref_axis',(0.,-2.77555756156289E-16,-1.));
#5033=DIRECTION('center_axis',(1.,-5.38485632890231E-17,-9.03824975617922E-17));
#5034=DIRECTION('ref_axis',(-5.38485632890231E-17,-1.,5.55111512312578E-17));
#5035=DIRECTION('center_axis',(1.,-6.73855386058035E-31,0.));
#5036=DIRECTION('ref_axis',(6.40949485492072E-31,1.,0.));
#5037=DIRECTION('center_axis',(1.,-6.73855386058035E-31,0.));
#5038=DIRECTION('ref_axis',(6.40949485492072E-31,1.,0.));
#5039=DIRECTION('',(-0.5,-0.866025403784439,-1.27922079320055E-17));
#5040=DIRECTION('center_axis',(1.,-5.38485632890231E-17,-9.03824975617922E-17));
#5041=DIRECTION('ref_axis',(-5.38485632890231E-17,-1.,5.55111512312578E-17));
#5042=DIRECTION('center_axis',(-1.,5.38485632890231E-17,9.03824975617922E-17));
#5043=DIRECTION('ref_axis',(9.03824975617921E-17,5.55111512312578E-17,1.));
#5044=DIRECTION('center_axis',(1.,-5.59478575259429E-16,1.08468374467889E-30));
#5045=DIRECTION('ref_axis',(3.60781873869671E-16,0.644853779615025,0.764305961586208));
#5046=DIRECTION('center_axis',(-1.,5.59478575259429E-16,-1.08468374467889E-30));
#5047=DIRECTION('ref_axis',(6.40949485492072E-31,1.,0.));
#5048=DIRECTION('center_axis',(-1.,6.73855386058035E-31,0.));
#5049=DIRECTION('ref_axis',(6.40949485492072E-31,1.,0.));
#5050=DIRECTION('',(-1.,6.73855386058035E-31,0.));
#5051=DIRECTION('center_axis',(1.,6.12323399573677E-17,-6.12323399573677E-17));
#5052=DIRECTION('ref_axis',(1.35465372405548E-17,-0.809016994374948,-0.587785252292473));
#5053=DIRECTION('center_axis',(1.,6.12323399573677E-17,-6.12323399573677E-17));
#5054=DIRECTION('ref_axis',(1.35465372405548E-17,-0.809016994374948,-0.587785252292473));
#5055=DIRECTION('center_axis',(1.,1.22464679914735E-16,-1.22464679914735E-16));
#5056=DIRECTION('ref_axis',(-1.22464679914735E-16,1.,8.40497557742885E-17));
#5057=DIRECTION('center_axis',(1.,6.12323399573677E-17,-6.12323399573677E-17));
#5058=DIRECTION('ref_axis',(-7.71572495766254E-17,0.309016994374947,-0.951056516295154));
#5059=DIRECTION('center_axis',(1.,1.22464679914735E-16,-1.22464679914735E-16));
#5060=DIRECTION('ref_axis',(-1.22464679914735E-16,1.,8.40497557742885E-17));
#5061=DIRECTION('center_axis',(1.,6.12323399573677E-17,-6.12323399573677E-17));
#5062=DIRECTION('ref_axis',(-6.12323399573677E-17,1.,6.65188524330819E-17));
#5063=DIRECTION('center_axis',(1.,1.22464679914735E-16,-1.22464679914735E-16));
#5064=DIRECTION('ref_axis',(-1.22464679914735E-16,1.,8.40497557742885E-17));
#5065=DIRECTION('',(-0.104528463267685,-0.804585114630914,-0.584565303179427));
#5066=DIRECTION('center_axis',(-1.,-6.12323399573677E-17,6.12323399573677E-17));
#5067=DIRECTION('ref_axis',(1.35465372405548E-17,-0.809016994374947,-0.587785252292473));
#5068=DIRECTION('center_axis',(-1.,-6.12323399573677E-17,6.12323399573677E-17));
#5069=DIRECTION('ref_axis',(1.35465372405548E-17,-0.809016994374947,-0.587785252292473));
#5070=DIRECTION('center_axis',(1.,1.22464679914735E-16,-1.22464679914735E-16));
#5071=DIRECTION('ref_axis',(-1.22464679914735E-16,1.,8.40497557742885E-17));
#5072=DIRECTION('center_axis',(1.,6.12323399573677E-17,-6.12323399573677E-17));
#5073=DIRECTION('ref_axis',(3.93135822722839E-17,0.309016994374947,0.951056516295154));
#5074=DIRECTION('center_axis',(1.,1.22464679914735E-16,-1.22464679914735E-16));
#5075=DIRECTION('ref_axis',(-1.22464679914735E-16,1.,8.40497557742885E-17));
#5076=DIRECTION('center_axis',(1.,6.12323399573677E-17,-6.12323399573677E-17));
#5077=DIRECTION('ref_axis',(8.55294700211544E-17,-0.809016994374947,0.587785252292473));
#5078=DIRECTION('center_axis',(1.,1.22464679914735E-16,-1.22464679914735E-16));
#5079=DIRECTION('ref_axis',(-1.22464679914735E-16,1.,8.40497557742885E-17));
#5080=DIRECTION('center_axis',(1.,6.12323399573677E-17,-6.12323399573677E-17));
#5081=DIRECTION('ref_axis',(1.35465372405548E-17,-0.809016994374948,-0.587785252292473));
#5082=DIRECTION('',(-0.956304755963033,-0.236533677795076,-0.171851776223639));
#5083=DIRECTION('center_axis',(-1.,6.40949485492072E-31,0.));
#5084=DIRECTION('ref_axis',(6.40949485492072E-31,1.,0.));
#5085=DIRECTION('center_axis',(-1.,6.40949485492072E-31,0.));
#5086=DIRECTION('ref_axis',(6.40949485492072E-31,1.,0.));
#5087=DIRECTION('center_axis',(1.,6.12323399573677E-17,-6.12323399573677E-17));
#5088=DIRECTION('ref_axis',(1.35465372405548E-17,-0.809016994374947,-0.587785252292473));
#5089=DIRECTION('center_axis',(-1.,-6.12323399573677E-17,6.12323399573677E-17));
#5090=DIRECTION('ref_axis',(1.35465372405548E-17,-0.809016994374948,-0.587785252292473));
#5091=DIRECTION('center_axis',(1.,6.12323399573677E-17,-6.12323399573677E-17));
#5092=DIRECTION('ref_axis',(1.35465372405548E-17,-0.809016994374948,-0.587785252292473));
#5093=DIRECTION('center_axis',(-1.,-6.12323399573677E-17,6.12323399573677E-17));
#5094=DIRECTION('ref_axis',(-8.55294700211544E-17,0.587785252292473,-0.809016994374947));
#5095=DIRECTION('',(-1.35465372405548E-17,0.809016994374947,0.587785252292473));
#5096=DIRECTION('center_axis',(1.,6.12323399573677E-17,-6.12323399573677E-17));
#5097=DIRECTION('ref_axis',(1.35465372405548E-17,-0.809016994374948,-0.587785252292473));
#5098=DIRECTION('',(1.35465372405548E-17,-0.809016994374947,-0.587785252292473));
#5099=DIRECTION('center_axis',(-1.,-6.12323399573677E-17,6.12323399573677E-17));
#5100=DIRECTION('ref_axis',(1.35465372405548E-17,-0.809016994374948,-0.587785252292473));
#5101=DIRECTION('center_axis',(1.,6.12323399573677E-17,-6.12323399573677E-17));
#5102=DIRECTION('ref_axis',(1.35465372405548E-17,-0.809016994374947,-0.587785252292473));
#5103=DIRECTION('center_axis',(-1.,-6.12323399573677E-17,6.12323399573677E-17));
#5104=DIRECTION('ref_axis',(1.35465372405548E-17,-0.809016994374947,-0.587785252292473));
#5105=DIRECTION('center_axis',(1.,6.12323399573677E-17,-6.12323399573677E-17));
#5106=DIRECTION('ref_axis',(1.35465372405548E-17,-0.809016994374948,-0.587785252292473));
#5107=DIRECTION('center_axis',(-1.,-6.12323399573677E-17,6.12323399573677E-17));
#5108=DIRECTION('ref_axis',(1.35465372405548E-17,-0.809016994374948,-0.587785252292473));
#5109=DIRECTION('center_axis',(-1.,-6.12323399573677E-17,6.12323399573677E-17));
#5110=DIRECTION('ref_axis',(1.35465372405548E-17,-0.809016994374948,-0.587785252292473));
#5111=DIRECTION('',(0.86602540378432,0.404508497187641,0.293892626146358));
#5112=DIRECTION('center_axis',(-1.,-6.12323399573677E-17,6.12323399573677E-17));
#5113=DIRECTION('ref_axis',(3.93135822722839E-17,0.309016994374947,0.951056516295154));
#5114=DIRECTION('center_axis',(-1.,-6.12323399573677E-17,6.12323399573677E-17));
#5115=DIRECTION('ref_axis',(3.93135822722839E-17,0.309016994374947,0.951056516295154));
#5116=DIRECTION('center_axis',(1.,6.12323399573677E-17,-6.12323399573677E-17));
#5117=DIRECTION('ref_axis',(1.35465372405548E-17,-0.809016994374947,-0.587785252292473));
#5118=DIRECTION('center_axis',(-1.,-6.12323399573677E-17,6.12323399573677E-17));
#5119=DIRECTION('ref_axis',(1.35465372405548E-17,-0.809016994374947,-0.587785252292473));
#5120=DIRECTION('',(-1.,-6.12323399573677E-17,6.12323399573677E-17));
#5121=DIRECTION('center_axis',(-1.,-6.12323399573677E-17,6.12323399573677E-17));
#5122=DIRECTION('ref_axis',(1.35465372405548E-17,-0.809016994374947,-0.587785252292473));
#5123=DIRECTION('',(1.,6.12323399573677E-17,-6.12323399573677E-17));
#5124=DIRECTION('center_axis',(1.,6.12323399573677E-17,-6.12323399573677E-17));
#5125=DIRECTION('ref_axis',(0.,-0.587785252292473,0.809016994374948));
#5126=DIRECTION('center_axis',(1.,6.12323399573677E-17,-6.12323399573677E-17));
#5127=DIRECTION('ref_axis',(8.55294700211544E-17,-0.587785252292473,0.809016994374947));
#5128=DIRECTION('center_axis',(-1.,-6.12323399573677E-17,6.12323399573677E-17));
#5129=DIRECTION('ref_axis',(1.35465372405548E-17,-0.809016994374947,-0.587785252292473));
#5130=DIRECTION('',(0.994521895368273,-0.0845653031794301,-0.061440289153523));
#5131=DIRECTION('center_axis',(-1.,-1.22464679914735E-16,1.22464679914735E-16));
#5132=DIRECTION('ref_axis',(-1.22464679914735E-16,1.,8.40497557742885E-17));
#5133=DIRECTION('center_axis',(-1.,-6.12323399573677E-17,6.12323399573677E-17));
#5134=DIRECTION('ref_axis',(-6.12323399573677E-17,1.,6.65188524330819E-17));
#5135=DIRECTION('center_axis',(-1.,-1.22464679914735E-16,1.22464679914735E-16));
#5136=DIRECTION('ref_axis',(-1.22464679914735E-16,1.,8.40497557742885E-17));
#5137=DIRECTION('center_axis',(-1.,-6.12323399573677E-17,6.12323399573677E-17));
#5138=DIRECTION('ref_axis',(-7.71572495766253E-17,0.309016994374947,-0.951056516295154));
#5139=DIRECTION('center_axis',(-1.,-1.22464679914735E-16,1.22464679914735E-16));
#5140=DIRECTION('ref_axis',(-1.22464679914735E-16,1.,8.40497557742885E-17));
#5141=DIRECTION('center_axis',(-1.,-1.22464679914735E-16,1.22464679914735E-16));
#5142=DIRECTION('ref_axis',(-1.22464679914735E-16,1.,8.40497557742885E-17));
#5143=DIRECTION('center_axis',(-1.,-6.12323399573677E-17,6.12323399573677E-17));
#5144=DIRECTION('ref_axis',(8.55294700211544E-17,-0.809016994374947,0.587785252292473));
#5145=DIRECTION('center_axis',(-1.,-1.22464679914735E-16,1.22464679914735E-16));
#5146=DIRECTION('ref_axis',(-1.22464679914735E-16,1.,8.40497557742885E-17));
#5147=DIRECTION('center_axis',(-1.,-6.12323399573677E-17,6.12323399573677E-17));
#5148=DIRECTION('ref_axis',(3.93135822722839E-17,0.309016994374947,0.951056516295154));
#5149=DIRECTION('center_axis',(-1.,-1.22464679914735E-16,1.22464679914735E-16));
#5150=DIRECTION('ref_axis',(-1.22464679914735E-16,1.,8.40497557742885E-17));
#5151=DIRECTION('center_axis',(-1.,-6.12323399573677E-17,6.12323399573677E-17));
#5152=DIRECTION('ref_axis',(1.35465372405548E-17,-0.809016994374947,-0.587785252292473));
#5153=DIRECTION('center_axis',(-1.,-6.12323399573677E-17,6.12323399573677E-17));
#5154=DIRECTION('ref_axis',(1.35465372405548E-17,-0.809016994374947,-0.587785252292473));
#5155=DIRECTION('',(-1.,-6.12323399573677E-17,6.12323399573677E-17));
#5156=DIRECTION('',(1.,6.12323399573677E-17,-6.12323399573677E-17));
#5157=DIRECTION('center_axis',(-1.,-6.12323399573677E-17,6.12323399573677E-17));
#5158=DIRECTION('ref_axis',(1.35465372405548E-17,-0.809016994374948,-0.587785252292473));
#5159=DIRECTION('center_axis',(1.,6.12323399573677E-17,-6.12323399573677E-17));
#5160=DIRECTION('ref_axis',(1.35465372405548E-17,-0.809016994374948,-0.587785252292473));
#5161=DIRECTION('',(-1.,-6.12323399573677E-17,6.12323399573677E-17));
#5162=DIRECTION('center_axis',(-1.,-6.12323399573677E-17,6.12323399573677E-17));
#5163=DIRECTION('ref_axis',(1.35465372405548E-17,-0.809016994374948,-0.587785252292473));
#5164=DIRECTION('',(1.,6.12323399573677E-17,-6.12323399573677E-17));
#5165=DIRECTION('center_axis',(1.,6.12323399573677E-17,-6.12323399573677E-17));
#5166=DIRECTION('ref_axis',(1.35465372405548E-17,-0.809016994374947,-0.587785252292473));
#5167=DIRECTION('center_axis',(1.,1.22464679914735E-16,-1.22464679914735E-16));
#5168=DIRECTION('ref_axis',(-1.22464679914735E-16,1.,8.40497557742885E-17));
#5169=DIRECTION('center_axis',(1.,6.12323399573677E-17,-6.12323399573677E-17));
#5170=DIRECTION('ref_axis',(-7.71572495766254E-17,0.309016994374947,-0.951056516295154));
#5171=DIRECTION('center_axis',(1.,1.22464679914735E-16,-1.22464679914735E-16));
#5172=DIRECTION('ref_axis',(-1.22464679914735E-16,1.,8.40497557742885E-17));
#5173=DIRECTION('center_axis',(1.,6.12323399573677E-17,-6.12323399573677E-17));
#5174=DIRECTION('ref_axis',(-6.12323399573677E-17,1.,6.6518852433082E-17));
#5175=DIRECTION('center_axis',(1.,1.22464679914735E-16,-1.22464679914735E-16));
#5176=DIRECTION('ref_axis',(-1.22464679914735E-16,1.,8.40497557742885E-17));
#5177=DIRECTION('',(0.499999999999781,0.700629269222139,0.509036960455201));
#5178=DIRECTION('center_axis',(1.,1.22464679914735E-16,-1.22464679914735E-16));
#5179=DIRECTION('ref_axis',(-1.22464679914735E-16,1.,8.40497557742885E-17));
#5180=DIRECTION('center_axis',(1.,6.12323399573677E-17,-6.12323399573677E-17));
#5181=DIRECTION('ref_axis',(3.93135822722839E-17,0.309016994374947,0.951056516295154));
#5182=DIRECTION('center_axis',(1.,1.22464679914735E-16,-1.22464679914735E-16));
#5183=DIRECTION('ref_axis',(-1.22464679914735E-16,1.,8.40497557742885E-17));
#5184=DIRECTION('center_axis',(1.,6.12323399573677E-17,-6.12323399573677E-17));
#5185=DIRECTION('ref_axis',(8.55294700211544E-17,-0.809016994374947,0.587785252292473));
#5186=DIRECTION('center_axis',(1.,1.22464679914735E-16,-1.22464679914735E-16));
#5187=DIRECTION('ref_axis',(-1.22464679914735E-16,1.,8.40497557742885E-17));
#5188=DIRECTION('center_axis',(1.,6.12323399573677E-17,-6.12323399573677E-17));
#5189=DIRECTION('ref_axis',(1.35465372405548E-17,-0.809016994374948,-0.587785252292473));
#5190=DIRECTION('center_axis',(1.,6.12323399573677E-17,-6.12323399573677E-17));
#5191=DIRECTION('ref_axis',(1.35465372405548E-17,-0.809016994374947,-0.587785252292473));
#5192=DIRECTION('center_axis',(-1.,-6.12323399573677E-17,6.12323399573677E-17));
#5193=DIRECTION('ref_axis',(1.35465372405548E-17,-0.809016994374947,-0.587785252292473));
#5194=DIRECTION('center_axis',(1.,6.12323399573677E-17,-6.12323399573677E-17));
#5195=DIRECTION('ref_axis',(1.35465372405548E-17,-0.809016994374947,-0.587785252292473));
#5196=DIRECTION('center_axis',(1.,6.12323399573677E-17,-6.12323399573677E-17));
#5197=DIRECTION('ref_axis',(1.35465372405548E-17,-0.809016994374947,-0.587785252292473));
#5198=DIRECTION('',(1.,6.12323399573677E-17,-6.12323399573677E-17));
#5199=DIRECTION('',(-1.,-6.12323399573677E-17,6.12323399573677E-17));
#5200=DIRECTION('center_axis',(-1.,-6.12323399573677E-17,6.12323399573677E-17));
#5201=DIRECTION('ref_axis',(1.35465372405548E-17,-0.809016994374948,-0.587785252292473));
#5202=DIRECTION('center_axis',(1.,-6.40949485492072E-31,0.));
#5203=DIRECTION('ref_axis',(6.40949485492072E-31,1.,0.));
#5204=DIRECTION('center_axis',(-8.55294700211544E-17,0.587785252292473,
-0.809016994374948));
#5205=DIRECTION('ref_axis',(1.,6.12323399573677E-17,-6.12323399573677E-17));
#5206=DIRECTION('',(1.,-6.40949485492072E-31,0.));
#5207=DIRECTION('center_axis',(-8.55294700211544E-17,0.587785252292473,
-0.809016994374948));
#5208=DIRECTION('ref_axis',(1.,6.12323399573677E-17,-6.12323399573677E-17));
#5209=DIRECTION('',(1.35465372405548E-17,-0.809016994374947,-0.587785252292473));
#5210=DIRECTION('center_axis',(-8.55294700211544E-17,0.587785252292473,
-0.809016994374948));
#5211=DIRECTION('ref_axis',(1.,6.12323399573677E-17,-6.12323399573677E-17));
#5212=DIRECTION('',(1.35465372405548E-17,-0.809016994374947,-0.587785252292473));
#5213=DIRECTION('center_axis',(-1.,-6.12323399573677E-17,6.12323399573677E-17));
#5214=DIRECTION('ref_axis',(-8.55294700211544E-17,0.587785252292473,-0.809016994374947));
#5215=DIRECTION('',(-1.35465372405548E-17,0.809016994374947,0.587785252292473));
#5216=DIRECTION('',(-1.35465372405548E-17,0.809016994374947,0.587785252292473));
#5217=DIRECTION('center_axis',(8.55294700211544E-17,-0.587785252292473,
0.809016994374948));
#5218=DIRECTION('ref_axis',(-1.,-6.12323399573677E-17,6.12323399573677E-17));
#5219=DIRECTION('',(-1.,6.40949485492072E-31,0.));
#5220=DIRECTION('center_axis',(8.55294700211544E-17,-0.587785252292473,
0.809016994374948));
#5221=DIRECTION('ref_axis',(-1.,-6.12323399573677E-17,6.12323399573677E-17));
#5222=DIRECTION('center_axis',(8.55294700211544E-17,-0.587785252292473,
0.809016994374948));
#5223=DIRECTION('ref_axis',(-1.,-6.12323399573677E-17,6.12323399573677E-17));
#5224=DIRECTION('center_axis',(1.,6.12323399573677E-17,-6.12323399573677E-17));
#5225=DIRECTION('ref_axis',(3.93135822722839E-17,0.309016994374947,0.951056516295154));
#5226=DIRECTION('center_axis',(-1.,-6.12323399573677E-17,6.12323399573677E-17));
#5227=DIRECTION('ref_axis',(3.93135822722839E-17,0.309016994374947,0.951056516295154));
#5228=DIRECTION('center_axis',(1.,6.12323399573677E-17,-6.12323399573677E-17));
#5229=DIRECTION('ref_axis',(3.93135822722839E-17,0.309016994374947,0.951056516295154));
#5230=DIRECTION('center_axis',(-1.,-6.12323399573677E-17,6.12323399573677E-17));
#5231=DIRECTION('ref_axis',(7.71572495766254E-17,-0.951056516295154,0.309016994374947));
#5232=DIRECTION('',(-3.93135822722839E-17,-0.309016994374947,-0.951056516295154));
#5233=DIRECTION('center_axis',(1.,6.12323399573677E-17,-6.12323399573677E-17));
#5234=DIRECTION('ref_axis',(3.93135822722839E-17,0.309016994374947,0.951056516295154));
#5235=DIRECTION('',(3.93135822722839E-17,0.309016994374947,0.951056516295154));
#5236=DIRECTION('center_axis',(-1.,-6.12323399573677E-17,6.12323399573677E-17));
#5237=DIRECTION('ref_axis',(3.93135822722839E-17,0.309016994374947,0.951056516295154));
#5238=DIRECTION('center_axis',(1.,6.12323399573677E-17,-6.12323399573677E-17));
#5239=DIRECTION('ref_axis',(3.93135822722839E-17,0.309016994374947,0.951056516295154));
#5240=DIRECTION('center_axis',(-1.,-6.12323399573677E-17,6.12323399573677E-17));
#5241=DIRECTION('ref_axis',(3.93135822722839E-17,0.309016994374947,0.951056516295154));
#5242=DIRECTION('center_axis',(1.,6.12323399573677E-17,-6.12323399573677E-17));
#5243=DIRECTION('ref_axis',(3.93135822722839E-17,0.309016994374947,0.951056516295154));
#5244=DIRECTION('center_axis',(-1.,-6.12323399573677E-17,6.12323399573677E-17));
#5245=DIRECTION('ref_axis',(3.93135822722839E-17,0.309016994374947,0.951056516295154));
#5246=DIRECTION('',(-1.,-6.12323399573677E-17,6.12323399573677E-17));
#5247=DIRECTION('',(1.,6.12323399573677E-17,-6.12323399573677E-17));
#5248=DIRECTION('center_axis',(1.,6.12323399573677E-17,-6.12323399573677E-17));
#5249=DIRECTION('ref_axis',(0.,0.951056516295154,-0.309016994374947));
#5250=DIRECTION('center_axis',(1.,6.12323399573677E-17,-6.12323399573677E-17));
#5251=DIRECTION('ref_axis',(-7.71572495766254E-17,0.951056516295154,-0.309016994374947));
#5252=DIRECTION('center_axis',(-1.,-6.12323399573677E-17,6.12323399573677E-17));
#5253=DIRECTION('ref_axis',(3.93135822722839E-17,0.309016994374947,0.951056516295154));
#5254=DIRECTION('center_axis',(-1.,-6.12323399573677E-17,6.12323399573677E-17));
#5255=DIRECTION('ref_axis',(3.93135822722839E-17,0.309016994374947,0.951056516295154));
#5256=DIRECTION('',(-1.,-6.12323399573677E-17,6.12323399573677E-17));
#5257=DIRECTION('',(1.,6.12323399573677E-17,-6.12323399573677E-17));
#5258=DIRECTION('center_axis',(-1.,-6.12323399573677E-17,6.12323399573677E-17));
#5259=DIRECTION('ref_axis',(3.93135822722839E-17,0.309016994374947,0.951056516295154));
#5260=DIRECTION('',(-1.,-6.12323399573677E-17,6.12323399573677E-17));
#5261=DIRECTION('center_axis',(-1.,-6.12323399573677E-17,6.12323399573677E-17));
#5262=DIRECTION('ref_axis',(3.93135822722839E-17,0.309016994374947,0.951056516295154));
#5263=DIRECTION('',(1.,6.12323399573677E-17,-6.12323399573677E-17));
#5264=DIRECTION('center_axis',(1.,6.12323399573677E-17,-6.12323399573677E-17));
#5265=DIRECTION('ref_axis',(3.93135822722839E-17,0.309016994374947,0.951056516295154));
#5266=DIRECTION('center_axis',(1.,6.12323399573677E-17,-6.12323399573677E-17));
#5267=DIRECTION('ref_axis',(3.93135822722839E-17,0.309016994374947,0.951056516295154));
#5268=DIRECTION('center_axis',(-1.,-6.12323399573677E-17,6.12323399573677E-17));
#5269=DIRECTION('ref_axis',(3.93135822722839E-17,0.309016994374947,0.951056516295154));
#5270=DIRECTION('center_axis',(1.,6.12323399573677E-17,-6.12323399573677E-17));
#5271=DIRECTION('ref_axis',(3.93135822722839E-17,0.309016994374947,0.951056516295154));
#5272=DIRECTION('center_axis',(1.,6.12323399573677E-17,-6.12323399573677E-17));
#5273=DIRECTION('ref_axis',(3.93135822722839E-17,0.309016994374947,0.951056516295154));
#5274=DIRECTION('',(1.,6.12323399573677E-17,-6.12323399573677E-17));
#5275=DIRECTION('',(-1.,-6.12323399573677E-17,6.12323399573677E-17));
#5276=DIRECTION('center_axis',(7.71572495766254E-17,-0.951056516295154,
0.309016994374947));
#5277=DIRECTION('ref_axis',(1.,6.12323399573677E-17,-6.12323399573677E-17));
#5278=DIRECTION('',(3.93135822722839E-17,0.309016994374947,0.951056516295154));
#5279=DIRECTION('center_axis',(7.71572495766254E-17,-0.951056516295154,
0.309016994374947));
#5280=DIRECTION('ref_axis',(1.,6.12323399573677E-17,-6.12323399573677E-17));
#5281=DIRECTION('',(3.93135822722839E-17,0.309016994374947,0.951056516295154));
#5282=DIRECTION('center_axis',(-1.,-6.12323399573677E-17,6.12323399573677E-17));
#5283=DIRECTION('ref_axis',(7.71572495766254E-17,-0.951056516295154,0.309016994374947));
#5284=DIRECTION('',(-3.93135822722839E-17,-0.309016994374947,-0.951056516295154));
#5285=DIRECTION('',(-3.93135822722839E-17,-0.309016994374947,-0.951056516295154));
#5286=DIRECTION('center_axis',(-7.71572495766254E-17,0.951056516295154,
-0.309016994374947));
#5287=DIRECTION('ref_axis',(-1.,-6.12323399573677E-17,6.12323399573677E-17));
#5288=DIRECTION('center_axis',(-7.71572495766254E-17,0.951056516295154,
-0.309016994374947));
#5289=DIRECTION('ref_axis',(-1.,-6.12323399573677E-17,6.12323399573677E-17));
#5290=DIRECTION('center_axis',(-1.,-6.12323399573677E-17,6.12323399573677E-17));
#5291=DIRECTION('ref_axis',(6.12323399573677E-17,-6.65188524330819E-17,
1.));
#5292=DIRECTION('',(6.12323399573677E-17,-1.,-6.65188524330819E-17));
#5293=DIRECTION('center_axis',(1.,6.12323399573677E-17,-6.12323399573677E-17));
#5294=DIRECTION('ref_axis',(-6.12323399573677E-17,1.,6.65188524330819E-17));
#5295=DIRECTION('',(-6.12323399573677E-17,1.,6.65188524330819E-17));
#5296=DIRECTION('center_axis',(-1.,-6.12323399573677E-17,6.12323399573677E-17));
#5297=DIRECTION('ref_axis',(-6.12323399573677E-17,1.,6.65188524330819E-17));
#5298=DIRECTION('center_axis',(1.,6.12323399573677E-17,-6.12323399573677E-17));
#5299=DIRECTION('ref_axis',(-6.12323399573677E-17,1.,6.65188524330819E-17));
#5300=DIRECTION('center_axis',(-1.,-6.12323399573677E-17,6.12323399573677E-17));
#5301=DIRECTION('ref_axis',(-6.12323399573677E-17,1.,6.65188524330819E-17));
#5302=DIRECTION('center_axis',(1.,6.12323399573677E-17,-6.12323399573677E-17));
#5303=DIRECTION('ref_axis',(-6.12323399573677E-17,1.,6.65188524330819E-17));
#5304=DIRECTION('center_axis',(-1.,-6.12323399573677E-17,6.12323399573677E-17));
#5305=DIRECTION('ref_axis',(-6.12323399573677E-17,1.,6.65188524330819E-17));
#5306=DIRECTION('',(-1.,-6.12323399573677E-17,6.12323399573677E-17));
#5307=DIRECTION('',(1.,6.12323399573677E-17,-6.12323399573677E-17));
#5308=DIRECTION('center_axis',(1.,6.12323399573677E-17,-6.12323399573677E-17));
#5309=DIRECTION('ref_axis',(0.,6.65188524330819E-17,-1.));
#5310=DIRECTION('center_axis',(1.,6.12323399573677E-17,-6.12323399573677E-17));
#5311=DIRECTION('ref_axis',(-6.12323399573677E-17,6.65188524330819E-17,
-1.));
#5312=DIRECTION('center_axis',(-1.,-6.12323399573677E-17,6.12323399573677E-17));
#5313=DIRECTION('ref_axis',(6.12323399573677E-17,-6.65188524330819E-17,
1.));
#5314=DIRECTION('',(-6.12323399573677E-17,1.,6.65188524330819E-17));
#5315=DIRECTION('',(6.12323399573677E-17,-1.,-6.65188524330819E-17));
#5316=DIRECTION('',(6.12323399573677E-17,-1.,-6.65188524330819E-17));
#5317=DIRECTION('',(-6.12323399573677E-17,1.,6.65188524330819E-17));
#5318=DIRECTION('center_axis',(-1.,-6.12323399573677E-17,6.12323399573677E-17));
#5319=DIRECTION('ref_axis',(-6.12323399573677E-17,1.,6.65188524330819E-17));
#5320=DIRECTION('center_axis',(-1.,-6.12323399573677E-17,6.12323399573677E-17));
#5321=DIRECTION('ref_axis',(-6.12323399573677E-17,1.,6.65188524330819E-17));
#5322=DIRECTION('',(-1.,-6.12323399573677E-17,6.12323399573677E-17));
#5323=DIRECTION('',(1.,6.12323399573677E-17,-6.12323399573677E-17));
#5324=DIRECTION('center_axis',(-1.,-6.12323399573677E-17,6.12323399573677E-17));
#5325=DIRECTION('ref_axis',(-6.12323399573677E-17,1.,6.6518852433082E-17));
#5326=DIRECTION('center_axis',(1.,-6.40949485492072E-31,0.));
#5327=DIRECTION('ref_axis',(6.40949485492072E-31,1.,0.));
#5328=DIRECTION('center_axis',(-1.,-6.12323399573677E-17,6.12323399573677E-17));
#5329=DIRECTION('ref_axis',(-6.12323399573677E-17,1.,6.6518852433082E-17));
#5330=DIRECTION('',(-1.,-6.12323399573677E-17,6.12323399573677E-17));
#5331=DIRECTION('center_axis',(-1.,-6.12323399573677E-17,6.12323399573677E-17));
#5332=DIRECTION('ref_axis',(-6.12323399573677E-17,1.,6.6518852433082E-17));
#5333=DIRECTION('',(1.,6.12323399573677E-17,-6.12323399573677E-17));
#5334=DIRECTION('center_axis',(1.,6.12323399573677E-17,-6.12323399573677E-17));
#5335=DIRECTION('ref_axis',(-6.12323399573676E-17,1.,6.65188524330819E-17));
#5336=DIRECTION('center_axis',(1.,6.12323399573677E-17,-6.12323399573677E-17));
#5337=DIRECTION('ref_axis',(-6.12323399573677E-17,1.,6.65188524330819E-17));
#5338=DIRECTION('center_axis',(-1.,-6.12323399573677E-17,6.12323399573677E-17));
#5339=DIRECTION('ref_axis',(-6.12323399573677E-17,1.,6.65188524330819E-17));
#5340=DIRECTION('center_axis',(1.,6.12323399573677E-17,-6.12323399573677E-17));
#5341=DIRECTION('ref_axis',(-6.12323399573677E-17,1.,6.65188524330819E-17));
#5342=DIRECTION('center_axis',(1.,6.12323399573677E-17,-6.12323399573677E-17));
#5343=DIRECTION('ref_axis',(-6.12323399573677E-17,1.,6.65188524330819E-17));
#5344=DIRECTION('',(1.,6.12323399573677E-17,-6.12323399573677E-17));
#5345=DIRECTION('',(-1.,-6.12323399573677E-17,6.12323399573677E-17));
#5346=DIRECTION('center_axis',(-6.12323399573677E-17,6.65188524330819E-17,
-1.));
#5347=DIRECTION('ref_axis',(-1.,-6.12323399573677E-17,6.12323399573677E-17));
#5348=DIRECTION('',(-1.,6.40949485492072E-31,0.));
#5349=DIRECTION('center_axis',(-6.12323399573677E-17,6.65188524330819E-17,
-1.));
#5350=DIRECTION('ref_axis',(-1.,-6.12323399573677E-17,6.12323399573677E-17));
#5351=DIRECTION('center_axis',(-6.12323399573677E-17,6.65188524330819E-17,
-1.));
#5352=DIRECTION('ref_axis',(-1.,-6.12323399573677E-17,6.12323399573677E-17));
#5353=DIRECTION('center_axis',(6.12323399573677E-17,-6.65188524330819E-17,
1.));
#5354=DIRECTION('ref_axis',(1.,6.12323399573677E-17,-6.12323399573677E-17));
#5355=DIRECTION('center_axis',(6.12323399573677E-17,-6.65188524330819E-17,
1.));
#5356=DIRECTION('ref_axis',(1.,6.12323399573677E-17,-6.12323399573677E-17));
#5357=DIRECTION('center_axis',(1.,6.12323399573677E-17,-6.12323399573677E-17));
#5358=DIRECTION('ref_axis',(8.55294700211544E-17,-0.809016994374947,0.587785252292473));
#5359=DIRECTION('center_axis',(-1.,-6.12323399573677E-17,6.12323399573677E-17));
#5360=DIRECTION('ref_axis',(8.55294700211544E-17,-0.809016994374947,0.587785252292473));
#5361=DIRECTION('center_axis',(1.,6.12323399573677E-17,-6.12323399573677E-17));
#5362=DIRECTION('ref_axis',(8.55294700211544E-17,-0.809016994374947,0.587785252292473));
#5363=DIRECTION('center_axis',(-1.,-6.12323399573677E-17,6.12323399573677E-17));
#5364=DIRECTION('ref_axis',(-1.35465372405547E-17,-0.587785252292473,-0.809016994374947));
#5365=DIRECTION('',(-8.55294700211544E-17,0.809016994374947,-0.587785252292473));
#5366=DIRECTION('center_axis',(1.,6.12323399573677E-17,-6.12323399573677E-17));
#5367=DIRECTION('ref_axis',(8.55294700211544E-17,-0.809016994374947,0.587785252292473));
#5368=DIRECTION('',(8.55294700211544E-17,-0.809016994374947,0.587785252292473));
#5369=DIRECTION('center_axis',(-1.,-6.12323399573677E-17,6.12323399573677E-17));
#5370=DIRECTION('ref_axis',(8.55294700211544E-17,-0.809016994374947,0.587785252292473));
#5371=DIRECTION('center_axis',(1.,6.12323399573677E-17,-6.12323399573677E-17));
#5372=DIRECTION('ref_axis',(8.55294700211544E-17,-0.809016994374947,0.587785252292473));
#5373=DIRECTION('center_axis',(-1.,-6.12323399573677E-17,6.12323399573677E-17));
#5374=DIRECTION('ref_axis',(8.55294700211544E-17,-0.809016994374947,0.587785252292473));
#5375=DIRECTION('center_axis',(1.,6.12323399573677E-17,-6.12323399573677E-17));
#5376=DIRECTION('ref_axis',(8.55294700211544E-17,-0.809016994374947,0.587785252292473));
#5377=DIRECTION('center_axis',(-1.,-6.12323399573677E-17,6.12323399573677E-17));
#5378=DIRECTION('ref_axis',(8.55294700211544E-17,-0.809016994374947,0.587785252292473));
#5379=DIRECTION('',(-1.,-6.12323399573677E-17,6.12323399573677E-17));
#5380=DIRECTION('',(1.,6.12323399573677E-17,-6.12323399573677E-17));
#5381=DIRECTION('center_axis',(1.,6.12323399573677E-17,-6.12323399573677E-17));
#5382=DIRECTION('ref_axis',(0.,0.587785252292473,0.809016994374947));
#5383=DIRECTION('center_axis',(1.,6.12323399573677E-17,-6.12323399573677E-17));
#5384=DIRECTION('ref_axis',(1.35465372405547E-17,0.587785252292473,0.809016994374947));
#5385=DIRECTION('center_axis',(-1.,-6.12323399573677E-17,6.12323399573677E-17));
#5386=DIRECTION('ref_axis',(8.55294700211544E-17,-0.809016994374947,0.587785252292473));
#5387=DIRECTION('center_axis',(-1.,-6.12323399573677E-17,6.12323399573677E-17));
#5388=DIRECTION('ref_axis',(8.55294700211544E-17,-0.809016994374947,0.587785252292473));
#5389=DIRECTION('',(-1.,-6.12323399573677E-17,6.12323399573677E-17));
#5390=DIRECTION('',(1.,6.12323399573677E-17,-6.12323399573677E-17));
#5391=DIRECTION('center_axis',(-1.,-6.12323399573677E-17,6.12323399573677E-17));
#5392=DIRECTION('ref_axis',(8.55294700211544E-17,-0.809016994374947,0.587785252292473));
#5393=DIRECTION('',(-1.,-6.12323399573677E-17,6.12323399573677E-17));
#5394=DIRECTION('center_axis',(-1.,-6.12323399573677E-17,6.12323399573677E-17));
#5395=DIRECTION('ref_axis',(8.55294700211544E-17,-0.809016994374947,0.587785252292473));
#5396=DIRECTION('',(1.,6.12323399573677E-17,-6.12323399573677E-17));
#5397=DIRECTION('center_axis',(1.,6.12323399573677E-17,-6.12323399573677E-17));
#5398=DIRECTION('ref_axis',(8.55294700211544E-17,-0.809016994374947,0.587785252292473));
#5399=DIRECTION('center_axis',(1.,6.12323399573677E-17,-6.12323399573677E-17));
#5400=DIRECTION('ref_axis',(8.55294700211544E-17,-0.809016994374947,0.587785252292473));
#5401=DIRECTION('center_axis',(-1.,-6.12323399573677E-17,6.12323399573677E-17));
#5402=DIRECTION('ref_axis',(8.55294700211544E-17,-0.809016994374947,0.587785252292473));
#5403=DIRECTION('center_axis',(1.,6.12323399573677E-17,-6.12323399573677E-17));
#5404=DIRECTION('ref_axis',(8.55294700211544E-17,-0.809016994374947,0.587785252292473));
#5405=DIRECTION('center_axis',(1.,6.12323399573677E-17,-6.12323399573677E-17));
#5406=DIRECTION('ref_axis',(8.55294700211544E-17,-0.809016994374947,0.587785252292473));
#5407=DIRECTION('',(1.,6.12323399573677E-17,-6.12323399573677E-17));
#5408=DIRECTION('',(-1.,-6.12323399573677E-17,6.12323399573677E-17));
#5409=DIRECTION('center_axis',(-1.35465372405547E-17,-0.587785252292473,
-0.809016994374947));
#5410=DIRECTION('ref_axis',(1.,6.12323399573677E-17,-6.12323399573677E-17));
#5411=DIRECTION('',(8.55294700211544E-17,-0.809016994374947,0.587785252292473));
#5412=DIRECTION('center_axis',(-1.35465372405547E-17,-0.587785252292473,
-0.809016994374947));
#5413=DIRECTION('ref_axis',(1.,6.12323399573677E-17,-6.12323399573677E-17));
#5414=DIRECTION('',(8.55294700211544E-17,-0.809016994374947,0.587785252292473));
#5415=DIRECTION('center_axis',(-1.,-6.12323399573677E-17,6.12323399573677E-17));
#5416=DIRECTION('ref_axis',(-1.35465372405547E-17,-0.587785252292473,-0.809016994374947));
#5417=DIRECTION('',(-8.55294700211544E-17,0.809016994374947,-0.587785252292473));
#5418=DIRECTION('',(-8.55294700211544E-17,0.809016994374947,-0.587785252292473));
#5419=DIRECTION('center_axis',(1.35465372405547E-17,0.587785252292473,0.809016994374947));
#5420=DIRECTION('ref_axis',(-1.,-6.12323399573677E-17,6.12323399573677E-17));
#5421=DIRECTION('center_axis',(1.35465372405547E-17,0.587785252292473,0.809016994374947));
#5422=DIRECTION('ref_axis',(-1.,-6.12323399573677E-17,6.12323399573677E-17));
#5423=DIRECTION('center_axis',(1.,6.12323399573677E-17,-6.12323399573677E-17));
#5424=DIRECTION('ref_axis',(-7.71572495766254E-17,0.309016994374947,-0.951056516295154));
#5425=DIRECTION('center_axis',(-1.,-6.12323399573677E-17,6.12323399573677E-17));
#5426=DIRECTION('ref_axis',(-7.71572495766254E-17,0.309016994374947,-0.951056516295154));
#5427=DIRECTION('center_axis',(1.,6.12323399573677E-17,-6.12323399573677E-17));
#5428=DIRECTION('ref_axis',(-7.71572495766254E-17,0.309016994374947,-0.951056516295154));
#5429=DIRECTION('center_axis',(-1.,-6.12323399573677E-17,6.12323399573677E-17));
#5430=DIRECTION('ref_axis',(-3.93135822722839E-17,0.951056516295154,0.309016994374947));
#5431=DIRECTION('',(7.71572495766254E-17,-0.309016994374947,0.951056516295154));
#5432=DIRECTION('center_axis',(1.,6.12323399573677E-17,-6.12323399573677E-17));
#5433=DIRECTION('ref_axis',(-7.71572495766254E-17,0.309016994374947,-0.951056516295154));
#5434=DIRECTION('',(-7.71572495766254E-17,0.309016994374947,-0.951056516295154));
#5435=DIRECTION('center_axis',(-1.,-6.12323399573677E-17,6.12323399573677E-17));
#5436=DIRECTION('ref_axis',(-7.71572495766254E-17,0.309016994374947,-0.951056516295154));
#5437=DIRECTION('center_axis',(1.,6.12323399573677E-17,-6.12323399573677E-17));
#5438=DIRECTION('ref_axis',(-7.71572495766254E-17,0.309016994374947,-0.951056516295154));
#5439=DIRECTION('center_axis',(-1.,-6.12323399573677E-17,6.12323399573677E-17));
#5440=DIRECTION('ref_axis',(-7.71572495766253E-17,0.309016994374947,-0.951056516295154));
#5441=DIRECTION('center_axis',(1.,6.12323399573677E-17,-6.12323399573677E-17));
#5442=DIRECTION('ref_axis',(-7.71572495766253E-17,0.309016994374947,-0.951056516295154));
#5443=DIRECTION('center_axis',(-1.,-6.12323399573677E-17,6.12323399573677E-17));
#5444=DIRECTION('ref_axis',(-7.71572495766253E-17,0.309016994374947,-0.951056516295154));
#5445=DIRECTION('',(-1.,-6.12323399573677E-17,6.12323399573677E-17));
#5446=DIRECTION('',(1.,6.12323399573677E-17,-6.12323399573677E-17));
#5447=DIRECTION('center_axis',(1.,6.12323399573677E-17,-6.12323399573677E-17));
#5448=DIRECTION('ref_axis',(0.,-0.951056516295154,-0.309016994374947));
#5449=DIRECTION('center_axis',(1.,6.12323399573677E-17,-6.12323399573677E-17));
#5450=DIRECTION('ref_axis',(3.93135822722839E-17,-0.951056516295154,-0.309016994374947));
#5451=DIRECTION('center_axis',(-1.,-6.12323399573677E-17,6.12323399573677E-17));
#5452=DIRECTION('ref_axis',(-7.71572495766253E-17,0.309016994374947,-0.951056516295154));
#5453=DIRECTION('center_axis',(-1.,-6.12323399573677E-17,6.12323399573677E-17));
#5454=DIRECTION('ref_axis',(-7.71572495766253E-17,0.309016994374947,-0.951056516295154));
#5455=DIRECTION('',(-1.,-6.12323399573677E-17,6.12323399573677E-17));
#5456=DIRECTION('',(1.,6.12323399573677E-17,-6.12323399573677E-17));
#5457=DIRECTION('center_axis',(-1.,-6.12323399573677E-17,6.12323399573677E-17));
#5458=DIRECTION('ref_axis',(-7.71572495766254E-17,0.309016994374947,-0.951056516295154));
#5459=DIRECTION('',(-1.,-6.12323399573677E-17,6.12323399573677E-17));
#5460=DIRECTION('center_axis',(-1.,-6.12323399573677E-17,6.12323399573677E-17));
#5461=DIRECTION('ref_axis',(-7.71572495766254E-17,0.309016994374947,-0.951056516295154));
#5462=DIRECTION('',(1.,6.12323399573677E-17,-6.12323399573677E-17));
#5463=DIRECTION('center_axis',(1.,6.12323399573677E-17,-6.12323399573677E-17));
#5464=DIRECTION('ref_axis',(-7.71572495766254E-17,0.309016994374947,-0.951056516295154));
#5465=DIRECTION('center_axis',(1.,6.12323399573677E-17,-6.12323399573677E-17));
#5466=DIRECTION('ref_axis',(-7.71572495766254E-17,0.309016994374947,-0.951056516295154));
#5467=DIRECTION('center_axis',(-1.,-6.12323399573677E-17,6.12323399573677E-17));
#5468=DIRECTION('ref_axis',(-7.71572495766254E-17,0.309016994374947,-0.951056516295154));
#5469=DIRECTION('center_axis',(1.,6.12323399573677E-17,-6.12323399573677E-17));
#5470=DIRECTION('ref_axis',(-7.71572495766254E-17,0.309016994374947,-0.951056516295154));
#5471=DIRECTION('center_axis',(1.,6.12323399573677E-17,-6.12323399573677E-17));
#5472=DIRECTION('ref_axis',(-7.71572495766254E-17,0.309016994374947,-0.951056516295154));
#5473=DIRECTION('',(1.,6.12323399573677E-17,-6.12323399573677E-17));
#5474=DIRECTION('',(-1.,-6.12323399573677E-17,6.12323399573677E-17));
#5475=DIRECTION('center_axis',(-1.,-6.12323399573677E-17,6.12323399573677E-17));
#5476=DIRECTION('ref_axis',(-7.71572495766254E-17,0.309016994374947,-0.951056516295154));
#5477=DIRECTION('center_axis',(1.,-6.40949485492072E-31,0.));
#5478=DIRECTION('ref_axis',(6.40949485492072E-31,1.,0.));
#5479=DIRECTION('center_axis',(-3.93135822722839E-17,0.951056516295154,
0.309016994374947));
#5480=DIRECTION('ref_axis',(1.,6.12323399573677E-17,-6.12323399573677E-17));
#5481=DIRECTION('',(1.,-6.40949485492072E-31,0.));
#5482=DIRECTION('center_axis',(-3.93135822722839E-17,0.951056516295154,
0.309016994374947));
#5483=DIRECTION('ref_axis',(1.,6.12323399573677E-17,-6.12323399573677E-17));
#5484=DIRECTION('',(-7.71572495766254E-17,0.309016994374947,-0.951056516295154));
#5485=DIRECTION('center_axis',(-3.93135822722839E-17,0.951056516295154,
0.309016994374947));
#5486=DIRECTION('ref_axis',(1.,6.12323399573677E-17,-6.12323399573677E-17));
#5487=DIRECTION('',(-7.71572495766254E-17,0.309016994374947,-0.951056516295154));
#5488=DIRECTION('center_axis',(-1.,-6.12323399573677E-17,6.12323399573677E-17));
#5489=DIRECTION('ref_axis',(-3.93135822722839E-17,0.951056516295154,0.309016994374947));
#5490=DIRECTION('',(7.71572495766254E-17,-0.309016994374947,0.951056516295154));
#5491=DIRECTION('',(7.71572495766254E-17,-0.309016994374947,0.951056516295154));
#5492=DIRECTION('center_axis',(3.93135822722839E-17,-0.951056516295154,
-0.309016994374947));
#5493=DIRECTION('ref_axis',(-1.,-6.12323399573677E-17,6.12323399573677E-17));
#5494=DIRECTION('',(-1.,6.40949485492072E-31,0.));
#5495=DIRECTION('center_axis',(3.93135822722839E-17,-0.951056516295154,
-0.309016994374947));
#5496=DIRECTION('ref_axis',(-1.,-6.12323399573677E-17,6.12323399573677E-17));
#5497=DIRECTION('center_axis',(3.93135822722839E-17,-0.951056516295154,
-0.309016994374947));
#5498=DIRECTION('ref_axis',(-1.,-6.12323399573677E-17,6.12323399573677E-17));
#5499=DIRECTION('center_axis',(-1.,-1.22464679914735E-16,1.22464679914735E-16));
#5500=DIRECTION('ref_axis',(1.22464679914735E-16,-1.,3.84149241404468E-17));
#5501=DIRECTION('center_axis',(1.,-6.40949485492072E-31,0.));
#5502=DIRECTION('ref_axis',(6.40949485492072E-31,1.,0.));
#5503=DIRECTION('center_axis',(1.,-6.40949485492072E-31,0.));
#5504=DIRECTION('ref_axis',(6.40949485492072E-31,1.,0.));
#5505=DIRECTION('center_axis',(-1.,-1.22464679914735E-16,1.22464679914735E-16));
#5506=DIRECTION('ref_axis',(1.22464679914735E-16,-1.,-2.06514435689024E-16));
#5507=DIRECTION('center_axis',(-1.,-1.22464679914735E-16,1.22464679914735E-16));
#5508=DIRECTION('ref_axis',(-1.22464679914735E-16,1.,8.40497557742885E-17));
#5509=DIRECTION('center_axis',(-1.,-1.22464679914735E-16,1.22464679914735E-16));
#5510=DIRECTION('ref_axis',(-1.22464679914735E-16,1.,8.40497557742885E-17));
#5511=DIRECTION('center_axis',(-1.,-1.22464679914735E-16,1.22464679914735E-16));
#5512=DIRECTION('ref_axis',(-1.22464679914735E-16,1.,8.40497557742885E-17));
#5513=DIRECTION('center_axis',(-1.,-1.22464679914735E-16,1.22464679914735E-16));
#5514=DIRECTION('ref_axis',(-1.22464679914735E-16,1.,8.40497557742885E-17));
#5515=DIRECTION('center_axis',(-1.,-1.22464679914735E-16,1.22464679914735E-16));
#5516=DIRECTION('ref_axis',(-1.22464679914735E-16,1.,8.40497557742885E-17));
#5517=DIRECTION('center_axis',(1.,-6.40949485492072E-31,0.));
#5518=DIRECTION('ref_axis',(6.40949485492072E-31,1.,0.));
#5519=DIRECTION('center_axis',(-1.,-1.22464679914735E-16,1.22464679914735E-16));
#5520=DIRECTION('ref_axis',(-1.22464679914735E-16,1.,8.40497557742885E-17));
#5521=DIRECTION('center_axis',(1.,-6.40949485492072E-31,0.));
#5522=DIRECTION('ref_axis',(6.40949485492072E-31,1.,0.));
#5523=DIRECTION('center_axis',(-1.,-6.12323399573677E-17,6.12323399573677E-17));
#5524=DIRECTION('ref_axis',(1.35465372405548E-17,-0.809016994374948,-0.587785252292473));
#5525=DIRECTION('center_axis',(1.,-6.40949485492072E-31,0.));
#5526=DIRECTION('ref_axis',(6.40949485492072E-31,1.,0.));
#5527=DIRECTION('center_axis',(-1.,-6.12323399573677E-17,6.12323399573677E-17));
#5528=DIRECTION('ref_axis',(3.93135822722839E-17,0.309016994374947,0.951056516295154));
#5529=DIRECTION('center_axis',(1.,-6.40949485492072E-31,0.));
#5530=DIRECTION('ref_axis',(6.40949485492072E-31,1.,0.));
#5531=DIRECTION('center_axis',(7.71572495766254E-17,-0.951056516295154,
0.309016994374947));
#5532=DIRECTION('ref_axis',(1.,6.12323399573677E-17,-6.12323399573677E-17));
#5533=DIRECTION('',(1.,-6.40949485492072E-31,0.));
#5534=DIRECTION('center_axis',(-7.71572495766254E-17,0.951056516295154,
-0.309016994374947));
#5535=DIRECTION('ref_axis',(-1.,-6.12323399573677E-17,6.12323399573677E-17));
#5536=DIRECTION('',(-1.,6.40949485492072E-31,0.));
#5537=DIRECTION('center_axis',(6.12323399573677E-17,-6.65188524330819E-17,
1.));
#5538=DIRECTION('ref_axis',(1.,6.12323399573677E-17,-6.12323399573677E-17));
#5539=DIRECTION('',(1.,-6.40949485492072E-31,0.));
#5540=DIRECTION('center_axis',(1.,6.12323399573677E-17,-6.12323399573677E-17));
#5541=DIRECTION('ref_axis',(-6.12323399573677E-17,1.,6.65188524330819E-17));
#5542=DIRECTION('center_axis',(-1.,-6.12323399573677E-17,6.12323399573677E-17));
#5543=DIRECTION('ref_axis',(-6.12323399573677E-17,1.,6.6518852433082E-17));
#5544=DIRECTION('center_axis',(1.,6.12323399573677E-17,-6.12323399573677E-17));
#5545=DIRECTION('ref_axis',(-6.12323399573676E-17,1.,6.65188524330819E-17));
#5546=DIRECTION('center_axis',(-1.,-6.12323399573677E-17,6.12323399573677E-17));
#5547=DIRECTION('ref_axis',(8.55294700211544E-17,-0.809016994374947,0.587785252292473));
#5548=DIRECTION('center_axis',(1.,-6.40949485492072E-31,0.));
#5549=DIRECTION('ref_axis',(6.40949485492072E-31,1.,0.));
#5550=DIRECTION('center_axis',(-1.35465372405547E-17,-0.587785252292473,
-0.809016994374947));
#5551=DIRECTION('ref_axis',(1.,6.12323399573677E-17,-6.12323399573677E-17));
#5552=DIRECTION('',(1.,-6.40949485492072E-31,0.));
#5553=DIRECTION('center_axis',(1.35465372405547E-17,0.587785252292473,0.809016994374947));
#5554=DIRECTION('ref_axis',(-1.,-6.12323399573677E-17,6.12323399573677E-17));
#5555=DIRECTION('',(-1.,6.40949485492072E-31,0.));
#5556=DIRECTION('center_axis',(-1.,-6.12323399573677E-17,6.12323399573677E-17));
#5557=DIRECTION('ref_axis',(-7.71572495766253E-17,0.309016994374947,-0.951056516295154));
#5558=DIRECTION('center_axis',(1.,-6.40949485492072E-31,0.));
#5559=DIRECTION('ref_axis',(6.40949485492072E-31,1.,0.));
#5560=DIRECTION('center_axis',(-1.,-6.12323399573677E-17,6.12323399573677E-17));
#5561=DIRECTION('ref_axis',(8.55294700211544E-17,-0.809016994374947,0.587785252292473));
#5562=DIRECTION('center_axis',(1.,-6.40949485492072E-31,0.));
#5563=DIRECTION('ref_axis',(6.40949485492072E-31,1.,0.));
#5564=DIRECTION('center_axis',(-1.,-1.22464679914735E-16,1.22464679914735E-16));
#5565=DIRECTION('ref_axis',(-1.22464679914735E-16,1.,8.40497557742885E-17));
#5566=DIRECTION('center_axis',(1.,-6.40949485492072E-31,0.));
#5567=DIRECTION('ref_axis',(6.40949485492072E-31,1.,0.));
#5568=DIRECTION('center_axis',(-1.,-6.12323399573677E-17,6.12323399573677E-17));
#5569=DIRECTION('ref_axis',(3.93135822722839E-17,0.309016994374947,0.951056516295154));
#5570=DIRECTION('center_axis',(1.,-6.40949485492072E-31,0.));
#5571=DIRECTION('ref_axis',(6.40949485492072E-31,1.,0.));
#5572=DIRECTION('center_axis',(-1.,-1.22464679914735E-16,1.22464679914735E-16));
#5573=DIRECTION('ref_axis',(-1.22464679914735E-16,1.,8.40497557742885E-17));
#5574=DIRECTION('center_axis',(1.,-6.40949485492072E-31,0.));
#5575=DIRECTION('ref_axis',(6.40949485492072E-31,1.,0.));
#5576=DIRECTION('center_axis',(-1.,-6.12323399573677E-17,6.12323399573677E-17));
#5577=DIRECTION('ref_axis',(-6.12323399573677E-17,1.,6.65188524330819E-17));
#5578=DIRECTION('center_axis',(1.,-6.40949485492072E-31,0.));
#5579=DIRECTION('ref_axis',(6.40949485492072E-31,1.,0.));
#5580=DIRECTION('center_axis',(-1.,6.73855386058035E-31,0.));
#5581=DIRECTION('ref_axis',(6.40949485492072E-31,1.,0.));
#5582=DIRECTION('center_axis',(1.,-6.73855386058035E-31,0.));
#5583=DIRECTION('ref_axis',(6.40949485492072E-31,1.,0.));
#5584=DIRECTION('',(-0.515038074910049,-0.857167300702115,-1.04972719113862E-16));
#5585=DIRECTION('center_axis',(1.,-6.73855386058035E-31,0.));
#5586=DIRECTION('ref_axis',(6.40949485492072E-31,1.,0.));
#5587=DIRECTION('center_axis',(1.,-6.73855386058035E-31,0.));
#5588=DIRECTION('ref_axis',(6.40949485492072E-31,1.,0.));
#5589=DIRECTION('center_axis',(1.,-6.73855386058035E-31,0.));
#5590=DIRECTION('ref_axis',(6.40949485492072E-31,1.,0.));
#5591=DIRECTION('center_axis',(1.,-6.73855386058035E-31,0.));
#5592=DIRECTION('ref_axis',(6.40949485492072E-31,1.,0.));
#5593=DIRECTION('center_axis',(1.,-6.73855386058035E-31,0.));
#5594=DIRECTION('ref_axis',(6.40949485492072E-31,1.,0.));
#5595=DIRECTION('',(-0.515038074910056,0.857167300702111,1.04972719113862E-16));
#5596=DIRECTION('center_axis',(-1.,6.73855386058035E-31,0.));
#5597=DIRECTION('ref_axis',(6.40949485492072E-31,1.,0.));
#5598=DIRECTION('center_axis',(-1.,6.73855386058035E-31,0.));
#5599=DIRECTION('ref_axis',(6.40949485492072E-31,1.,0.));
#5600=DIRECTION('center_axis',(1.,-6.73855386058035E-31,0.));
#5601=DIRECTION('ref_axis',(6.40949485492072E-31,1.,0.));
#5602=DIRECTION('center_axis',(1.,-6.73855386058035E-31,0.));
#5603=DIRECTION('ref_axis',(6.40949485492072E-31,1.,0.));
#5604=DIRECTION('center_axis',(1.,-6.73855386058035E-31,0.));
#5605=DIRECTION('ref_axis',(6.40949485492072E-31,1.,0.));
#5606=DIRECTION('',(-1.,6.73855386058035E-31,0.));
#5607=DIRECTION('center_axis',(1.,-6.73855386058035E-31,0.));
#5608=DIRECTION('ref_axis',(6.40949485492072E-31,1.,0.));
#5609=DIRECTION('center_axis',(1.,-6.73855386058035E-31,0.));
#5610=DIRECTION('ref_axis',(6.40949485492072E-31,1.,0.));
#5611=DIRECTION('center_axis',(1.,-6.40949485492072E-31,0.));
#5612=DIRECTION('ref_axis',(6.40949485492072E-31,1.,0.));
#5613=DIRECTION('',(-0.866025403784439,0.5,6.12323399573676E-17));
#5614=DIRECTION('center_axis',(1.,-6.40949485492072E-31,0.));
#5615=DIRECTION('ref_axis',(6.40949485492072E-31,1.,0.));
#5616=DIRECTION('center_axis',(-1.,6.73855386058035E-31,0.));
#5617=DIRECTION('ref_axis',(6.40949485492072E-31,1.,0.));
#5618=DIRECTION('center_axis',(1.,-6.73855386058035E-31,0.));
#5619=DIRECTION('ref_axis',(6.40949485492072E-31,1.,0.));
#5620=DIRECTION('',(-0.866025403784441,-0.499999999999996,-6.12323399573672E-17));
#5621=DIRECTION('center_axis',(1.,-6.40949485492072E-31,0.));
#5622=DIRECTION('ref_axis',(6.40949485492072E-31,1.,0.));
#5623=DIRECTION('center_axis',(1.,-6.40949485492072E-31,0.));
#5624=DIRECTION('ref_axis',(6.40949485492072E-31,1.,0.));
#5625=DIRECTION('center_axis',(1.,-6.73855386058035E-31,0.));
#5626=DIRECTION('ref_axis',(6.40949485492072E-31,1.,0.));
#5627=DIRECTION('center_axis',(1.,-6.73855386058035E-31,0.));
#5628=DIRECTION('ref_axis',(6.40949485492072E-31,1.,0.));
#5629=DIRECTION('',(-1.,6.73855386058035E-31,0.));
#5630=DIRECTION('center_axis',(-1.,6.73855386058035E-31,0.));
#5631=DIRECTION('ref_axis',(6.40949485492072E-31,1.,0.));
#5632=DIRECTION('center_axis',(1.,-5.59478575259429E-16,1.08468374467889E-30));
#5633=DIRECTION('ref_axis',(6.40949485492072E-31,1.,0.));
#5634=DIRECTION('',(-1.,6.73855386058035E-31,0.));
#5635=DIRECTION('center_axis',(1.,-6.40949485492072E-31,0.));
#5636=DIRECTION('ref_axis',(0.,0.,-1.));
#5637=DIRECTION('center_axis',(1.,-6.40949485492072E-31,0.));
#5638=DIRECTION('ref_axis',(6.40949485492072E-31,1.,0.));
#5639=DIRECTION('center_axis',(-1.,6.40949485492072E-31,0.));
#5640=DIRECTION('ref_axis',(6.40949485492072E-31,1.,0.));
#5641=DIRECTION('center_axis',(1.,-6.40949485492072E-31,0.));
#5642=DIRECTION('ref_axis',(6.40949485492072E-31,1.,0.));
#5643=DIRECTION('center_axis',(1.,-6.40949485492072E-31,0.));
#5644=DIRECTION('ref_axis',(6.40949485492072E-31,1.,0.));
#5645=DIRECTION('center_axis',(1.,-6.40949485492072E-31,0.));
#5646=DIRECTION('ref_axis',(6.40949485492072E-31,1.,0.));
#5647=DIRECTION('',(-1.,6.40949485492072E-31,0.));
#5648=DIRECTION('center_axis',(1.,-6.40949485492072E-31,0.));
#5649=DIRECTION('ref_axis',(6.40949485492072E-31,1.,0.));
#5650=DIRECTION('center_axis',(1.,-6.40949485492072E-31,0.));
#5651=DIRECTION('ref_axis',(0.,0.,-1.));
#5652=DIRECTION('center_axis',(1.,-6.40949485492072E-31,0.));
#5653=DIRECTION('ref_axis',(6.40949485492072E-31,1.,0.));
#5654=DIRECTION('center_axis',(-1.,6.40949485492072E-31,0.));
#5655=DIRECTION('ref_axis',(6.40949485492072E-31,1.,0.));
#5656=DIRECTION('center_axis',(-1.,6.40949485492072E-31,0.));
#5657=DIRECTION('ref_axis',(6.40949485492072E-31,1.,0.));
#5658=DIRECTION('',(-0.892667165615734,-0.450716464566774,-5.51968475654712E-17));
#5659=DIRECTION('center_axis',(1.,-6.40949485492072E-31,0.));
#5660=DIRECTION('ref_axis',(6.40949485492072E-31,1.,0.));
#5661=DIRECTION('center_axis',(1.,-6.40949485492072E-31,0.));
#5662=DIRECTION('ref_axis',(6.40949485492072E-31,1.,0.));
#5663=DIRECTION('center_axis',(1.,-6.40949485492072E-31,0.));
#5664=DIRECTION('ref_axis',(6.40949485492072E-31,1.,0.));
#5665=DIRECTION('',(-0.866025403784439,0.5,6.12323399573676E-17));
#5666=DIRECTION('center_axis',(1.,-6.40949485492072E-31,0.));
#5667=DIRECTION('ref_axis',(6.40949485492072E-31,1.,0.));
#5668=DIRECTION('center_axis',(1.,-6.40949485492072E-31,0.));
#5669=DIRECTION('ref_axis',(6.40949485492072E-31,1.,0.));
#5670=DIRECTION('center_axis',(-1.,6.40949485492072E-31,0.));
#5671=DIRECTION('ref_axis',(0.,0.,1.));
#5672=DIRECTION('center_axis',(1.,-6.40949485492072E-31,0.));
#5673=DIRECTION('ref_axis',(6.40949485492072E-31,1.,0.));
#5674=DIRECTION('center_axis',(-1.,6.40949485492072E-31,0.));
#5675=DIRECTION('ref_axis',(6.40949485492072E-31,1.,0.));
#5676=DIRECTION('',(-1.,6.40949485492072E-31,0.));
#5677=DIRECTION('center_axis',(1.,-6.40949485492072E-31,0.));
#5678=DIRECTION('ref_axis',(6.40949485492072E-31,1.,0.));
#5679=DIRECTION('center_axis',(1.,-6.40949485492072E-31,0.));
#5680=DIRECTION('ref_axis',(6.40949485492072E-31,1.,0.));
#5681=DIRECTION('center_axis',(1.,-6.40949485492072E-31,0.));
#5682=DIRECTION('ref_axis',(6.40949485492072E-31,1.,0.));
#5683=DIRECTION('',(-0.9986295347575,0.0523359561871022,6.40930612248508E-18));
#5684=DIRECTION('center_axis',(1.,-6.40949485492072E-31,0.));
#5685=DIRECTION('ref_axis',(6.40949485492072E-31,1.,0.));
#5686=DIRECTION('center_axis',(1.,-6.40949485492072E-31,0.));
#5687=DIRECTION('ref_axis',(6.40949485492072E-31,1.,0.));
#5688=DIRECTION('center_axis',(-1.,6.40949485492072E-31,0.));
#5689=DIRECTION('ref_axis',(6.40949485492072E-31,1.,0.));
#5690=DIRECTION('',(-1.,6.40949485492072E-31,0.));
#5691=DIRECTION('center_axis',(1.,-6.40949485492072E-31,0.));
#5692=DIRECTION('ref_axis',(6.40949485492072E-31,1.,0.));
#5693=DIRECTION('center_axis',(1.,-6.40949485492072E-31,0.));
#5694=DIRECTION('ref_axis',(6.40949485492072E-31,1.,0.));
#5695=DIRECTION('center_axis',(1.,-6.40949485492072E-31,0.));
#5696=DIRECTION('ref_axis',(6.40949485492072E-31,1.,0.));
#5697=DIRECTION('',(-1.,6.40949485492072E-31,0.));
#5698=DIRECTION('center_axis',(1.,-6.40949485492072E-31,0.));
#5699=DIRECTION('ref_axis',(6.40949485492072E-31,1.,0.));
#5700=DIRECTION('center_axis',(1.,-6.40949485492072E-31,0.));
#5701=DIRECTION('ref_axis',(6.40949485492072E-31,1.,0.));
#5702=DIRECTION('',(-1.,6.40949485492072E-31,0.));
#5703=DIRECTION('center_axis',(1.,-6.40949485492072E-31,0.));
#5704=DIRECTION('ref_axis',(6.40949485492072E-31,1.,0.));
#5705=DIRECTION('center_axis',(-1.,6.40949485492072E-31,0.));
#5706=DIRECTION('ref_axis',(6.40949485492072E-31,1.,0.));
#5707=DIRECTION('center_axis',(1.,-6.40949485492072E-31,0.));
#5708=DIRECTION('ref_axis',(6.40949485492072E-31,1.,0.));
#5709=DIRECTION('center_axis',(1.,-6.40949485492072E-31,0.));
#5710=DIRECTION('ref_axis',(6.40949485492072E-31,1.,0.));
#5711=DIRECTION('center_axis',(1.,-6.40949485492072E-31,0.));
#5712=DIRECTION('ref_axis',(6.40949485492072E-31,1.,0.));
#5713=DIRECTION('center_axis',(1.,-6.40949485492072E-31,0.));
#5714=DIRECTION('ref_axis',(6.40949485492072E-31,1.,0.));
#5715=DIRECTION('',(-1.,6.40949485492072E-31,0.));
#5716=DIRECTION('center_axis',(1.,-6.40949485492072E-31,0.));
#5717=DIRECTION('ref_axis',(6.40949485492072E-31,1.,0.));
#5718=DIRECTION('center_axis',(1.,-6.40949485492072E-31,0.));
#5719=DIRECTION('ref_axis',(6.40949485492072E-31,1.,0.));
#5720=DIRECTION('center_axis',(1.,-6.40949485492072E-31,0.));
#5721=DIRECTION('ref_axis',(6.40949485492072E-31,1.,0.));
#5722=DIRECTION('center_axis',(1.,-6.40949485492072E-31,0.));
#5723=DIRECTION('ref_axis',(6.40949485492072E-31,1.,0.));
#5724=DIRECTION('center_axis',(-1.,6.40949485492072E-31,0.));
#5725=DIRECTION('ref_axis',(0.,0.,1.));
#5726=DIRECTION('center_axis',(1.,-6.40949485492072E-31,0.));
#5727=DIRECTION('ref_axis',(6.40949485492072E-31,1.,0.));
#5728=DIRECTION('center_axis',(-1.,6.40949485492072E-31,0.));
#5729=DIRECTION('ref_axis',(6.40949485492072E-31,1.,0.));
#5730=DIRECTION('',(-1.,6.40949485492072E-31,0.));
#5731=DIRECTION('center_axis',(-1.,6.40949485492072E-31,0.));
#5732=DIRECTION('ref_axis',(0.,0.,1.));
#5733=DIRECTION('center_axis',(1.,-6.40949485492072E-31,0.));
#5734=DIRECTION('ref_axis',(6.40949485492072E-31,1.,0.));
#5735=DIRECTION('center_axis',(-1.,5.59478575259429E-16,-1.08468374467889E-30));
#5736=DIRECTION('ref_axis',(6.40949485492072E-31,1.,0.));
#5737=DIRECTION('',(-1.,6.40949485492072E-31,0.));
#5738=DIRECTION('center_axis',(-1.,6.40949485492072E-31,0.));
#5739=DIRECTION('ref_axis',(0.,0.,1.));
#5740=DIRECTION('center_axis',(-1.,6.40949485492072E-31,0.));
#5741=DIRECTION('ref_axis',(6.40949485492072E-31,1.,0.));
#5742=DIRECTION('center_axis',(1.,-6.40949485492072E-31,0.));
#5743=DIRECTION('ref_axis',(6.40949485492072E-31,1.,0.));
#5744=DIRECTION('',(-0.956304755963038,0.29237170472273,3.58052072349946E-17));
#5745=DIRECTION('center_axis',(-1.,6.40949485492072E-31,0.));
#5746=DIRECTION('ref_axis',(6.40949485492072E-31,1.,0.));
#5747=DIRECTION('',(-0.998629534754574,-0.052335956242944,-6.40930612932373E-18));
#5748=DIRECTION('center_axis',(1.,-6.40949485492072E-31,0.));
#5749=DIRECTION('ref_axis',(6.40949485492072E-31,1.,0.));
#5750=DIRECTION('',(-0.981627183447664,0.190808995376545,2.33673625436408E-17));
#5751=DIRECTION('center_axis',(-1.,6.40949485492072E-31,0.));
#5752=DIRECTION('ref_axis',(6.40949485492072E-31,1.,0.));
#5753=DIRECTION('center_axis',(-1.,6.40949485492072E-31,0.));
#5754=DIRECTION('ref_axis',(6.40949485492072E-31,1.,0.));
#5755=DIRECTION('center_axis',(1.,-6.40949485492072E-31,0.));
#5756=DIRECTION('ref_axis',(6.40949485492072E-31,1.,0.));
#5757=DIRECTION('center_axis',(-1.,6.40949485492072E-31,0.));
#5758=DIRECTION('ref_axis',(6.40949485492072E-31,1.,0.));
#5759=DIRECTION('center_axis',(1.,-6.40949485492072E-31,0.));
#5760=DIRECTION('ref_axis',(6.40949485492072E-31,1.,0.));
#5761=DIRECTION('center_axis',(-1.,6.40949485492072E-31,0.));
#5762=DIRECTION('ref_axis',(6.40949485492072E-31,1.,0.));
#5763=DIRECTION('center_axis',(1.,-6.40949485492072E-31,0.));
#5764=DIRECTION('ref_axis',(6.40949485492072E-31,1.,0.));
#5765=DIRECTION('center_axis',(-1.,6.40949485492072E-31,0.));
#5766=DIRECTION('ref_axis',(-6.40949485492072E-31,-1.,1.22464679914735E-16));
#5767=DIRECTION('center_axis',(1.,-6.40949485492072E-31,0.));
#5768=DIRECTION('ref_axis',(6.40949485492072E-31,1.,0.));
#5769=DIRECTION('center_axis',(1.,-6.40949485492072E-31,0.));
#5770=DIRECTION('ref_axis',(6.40949485492072E-31,1.,0.));
#5771=DIRECTION('center_axis',(-1.,6.40949485492072E-31,0.));
#5772=DIRECTION('ref_axis',(6.40949485492072E-31,1.,0.));
#5773=DIRECTION('',(-0.777145961456968,-0.62932039104984,-7.70695202537348E-17));
#5774=DIRECTION('center_axis',(1.,-6.40949485492072E-31,0.));
#5775=DIRECTION('ref_axis',(6.40949485492072E-31,1.,0.));
#5776=DIRECTION('',(-1.,6.40949485492072E-31,0.));
#5777=DIRECTION('center_axis',(1.,-5.59478575259429E-16,1.08468374467889E-30));
#5778=DIRECTION('ref_axis',(6.40949485492072E-31,1.,0.));
#5779=DIRECTION('center_axis',(-1.,5.59478575259429E-16,-1.08468374467889E-30));
#5780=DIRECTION('ref_axis',(-3.60781873869671E-16,-0.644853779615025,-0.764305961586207));
#5781=DIRECTION('center_axis',(-1.,5.59478575259429E-16,-1.08468374467889E-30));
#5782=DIRECTION('ref_axis',(-3.60781873869671E-16,-0.644853779615025,-0.764305961586208));
#5783=DIRECTION('center_axis',(-1.,5.59478575259429E-16,-1.08468374467889E-30));
#5784=DIRECTION('ref_axis',(-3.60781873869671E-16,-0.644853779615025,-0.764305961586208));
#5785=DIRECTION('',(1.,-5.59478575259429E-16,1.08468374467889E-30));
#5786=DIRECTION('center_axis',(-1.,5.59478575259429E-16,-1.08468374467889E-30));
#5787=DIRECTION('ref_axis',(-3.60781873869671E-16,-0.644853779615025,-0.764305961586207));
#5788=DIRECTION('center_axis',(-1.,5.59478575259429E-16,-1.08468374467889E-30));
#5789=DIRECTION('ref_axis',(-3.60781873869671E-16,-0.644853779615025,-0.764305961586207));
#5790=DIRECTION('center_axis',(1.,-5.59478575259429E-16,1.08468374467889E-30));
#5791=DIRECTION('ref_axis',(3.60781873869671E-16,0.644853779615025,0.764305961586208));
#5792=DIRECTION('center_axis',(-1.,5.59478575259429E-16,-1.08468374467889E-30));
#5793=DIRECTION('ref_axis',(-3.60781873869671E-16,-0.644853779615025,-0.764305961586208));
#5794=DIRECTION('center_axis',(-1.,5.59478575259429E-16,-1.08468374467889E-30));
#5795=DIRECTION('ref_axis',(-3.60781873869671E-16,-0.644853779615025,-0.764305961586208));
#5796=DIRECTION('center_axis',(-1.,6.73855386058035E-31,0.));
#5797=DIRECTION('ref_axis',(6.40949485492072E-31,1.,0.));
#5798=DIRECTION('',(-1.,6.73855386058035E-31,0.));
#5799=DIRECTION('center_axis',(-1.,6.73855386058035E-31,0.));
#5800=DIRECTION('ref_axis',(6.40949485492072E-31,1.,0.));
#5801=DIRECTION('center_axis',(-1.,6.73855386058035E-31,0.));
#5802=DIRECTION('ref_axis',(6.40949485492072E-31,1.,0.));
#5803=DIRECTION('center_axis',(-1.,5.38485632890231E-17,9.03824975617922E-17));
#5804=DIRECTION('ref_axis',(9.03824975617921E-17,5.55111512312578E-17,1.));
#5805=DIRECTION('center_axis',(-1.,5.38485632890231E-17,9.03824975617922E-17));
#5806=DIRECTION('ref_axis',(-5.38485632890231E-17,-1.,5.55111512312578E-17));
#5807=DIRECTION('center_axis',(-1.,5.38485632890231E-17,9.03824975617922E-17));
#5808=DIRECTION('ref_axis',(-5.38485632890231E-17,-1.,5.55111512312578E-17));
#5809=DIRECTION('',(-0.866025403784439,0.5,1.11750303287736E-16));
#5810=CARTESIAN_POINT('',(0.,0.,0.));
#5811=CARTESIAN_POINT('Origin',(-55.7724721691137,1.53268447543561E-30,
-6.80975331877101E-31));
#5812=CARTESIAN_POINT('',(-53.9724721691137,-4.0698511150054,-5.44759689236353));
#5813=CARTESIAN_POINT('',(-57.4724721691137,-4.0698511150054,-5.44759689236353));
#5814=CARTESIAN_POINT('',(-55.7724721691137,-4.0698511150054,-5.44759689236353));
#5815=CARTESIAN_POINT('',(-57.4724721691137,0.0905616028495999,-6.7993969288525));
#5816=CARTESIAN_POINT('Origin',(-57.4724721691137,1.57940221102997E-30,
-7.01732132125812E-31));
#5817=CARTESIAN_POINT('',(-53.9724721691137,0.0905616028495982,-6.7993969288525));
#5818=CARTESIAN_POINT('',(-55.7724721691137,0.0905616028495999,-6.7993969288525));
#5819=CARTESIAN_POINT('Origin',(-53.9724721691137,1.48321863774746E-30,
-6.58997543378466E-31));
#5820=CARTESIAN_POINT('Origin',(-53.9724721691137,7.84999999999998,-2.17881268582687E-15));
#5821=CARTESIAN_POINT('',(-53.9724721691137,-8.9,1.38031057854983E-15));
#5822=CARTESIAN_POINT('Origin',(-53.9724721691137,1.48321863774746E-30,
-6.58997543378466E-31));
#5823=CARTESIAN_POINT('',(-53.9724721691137,0.246740080289895,-7.2800648577316));
#5824=CARTESIAN_POINT('',(-53.9724721691137,1.03380191876531,-7.02433296425765));
#5825=CARTESIAN_POINT('',(-53.9724721691137,6.67150425225283,-5.19253243460934));
#5826=CARTESIAN_POINT('',(-53.9724721691137,3.29243600248395,-6.2904582638745));
#5827=CARTESIAN_POINT('Origin',(-53.9724721691137,1.48321863774746E-30,
-6.58997543378466E-31));
#5828=CARTESIAN_POINT('',(-53.9724721691137,4.07949784095937,-6.03472637040056));
#5829=CARTESIAN_POINT('',(-53.9724721691137,6.67150425225283,-5.19253243460934));
#5830=CARTESIAN_POINT('',(-53.9724721691137,3.92331936351907,-5.55405844152147));
#5831=CARTESIAN_POINT('',(-53.9724721691137,2.60020002324885,-1.48191583025361));
#5832=CARTESIAN_POINT('',(-53.9724721691137,6.49459583038079,-2.015));
#5833=CARTESIAN_POINT('Origin',(-53.9724721691137,1.48321863774746E-30,
-6.58997543378466E-31));
#5834=CARTESIAN_POINT('',(-53.9724721691137,7.,-2.015));
#5835=CARTESIAN_POINT('',(-53.9724721691137,7.42499999999999,-2.015));
#5836=CARTESIAN_POINT('',(-53.9724721691137,7.,-1.18743420870359));
#5837=CARTESIAN_POINT('',(-53.9724721691137,7.,1.0075));
#5838=CARTESIAN_POINT('',(-53.9724721691137,7.,1.18743420870358));
#5839=CARTESIAN_POINT('Origin',(-53.9724721691137,1.48321863774746E-30,
-6.58997543378466E-31));
#5840=CARTESIAN_POINT('',(-53.9724721691137,7.,2.015));
#5841=CARTESIAN_POINT('',(-53.9724721691137,7.,1.0075));
#5842=CARTESIAN_POINT('',(-53.9724721691137,6.49459583038079,2.015));
#5843=CARTESIAN_POINT('',(-53.9724721691137,4.92499999999999,2.015));
#5844=CARTESIAN_POINT('',(-53.9724721691137,3.92331936351907,5.55405844152146));
#5845=CARTESIAN_POINT('Origin',(-53.9724721691137,1.48321863774746E-30,
-6.58997543378466E-31));
#5846=CARTESIAN_POINT('',(-53.9724721691137,4.07949784095937,6.03472637040056));
#5847=CARTESIAN_POINT('',(-53.9724721691137,3.37274250918622,3.85955712099149));
#5848=CARTESIAN_POINT('',(-53.9724721691137,3.29243600248396,6.2904582638745));
#5849=CARTESIAN_POINT('',(-53.9724721691137,4.75512537191809,5.81520167827486));
#5850=CARTESIAN_POINT('',(-53.9724721691137,1.03380191876531,7.02433296425765));
#5851=CARTESIAN_POINT('Origin',(-53.9724721691137,1.48321863774746E-30,
-6.58997543378466E-31));
#5852=CARTESIAN_POINT('',(-53.9724721691137,0.2467400802899,7.2800648577316));
#5853=CARTESIAN_POINT('',(-53.9724721691137,4.75512537191809,5.81520167827486));
#5854=CARTESIAN_POINT('',(-53.9724721691137,0.090561602849605,6.7993969288525));
#5855=CARTESIAN_POINT('',(-53.9724721691137,-1.23255773742062,2.72725431758465));
#5856=CARTESIAN_POINT('',(-53.9724721691137,-4.0698511150054,5.44759689236354));
#5857=CARTESIAN_POINT('Origin',(-53.9724721691137,1.48321863774746E-30,
-6.58997543378466E-31));
#5858=CARTESIAN_POINT('',(-53.9724721691137,-4.4787316772553,5.74466600971283));
#5859=CARTESIAN_POINT('',(-53.9724721691137,0.921773654517846,1.82096921345994));
#5860=CARTESIAN_POINT('',(-53.9724721691137,-4.96516264468108,5.07515122059068));
#5861=CARTESIAN_POINT('',(-53.9724721691137,-4.89925845377014,5.16586055744379));
#5862=CARTESIAN_POINT('',(-53.9724721691137,-6.36107527656818,3.15384231150395));
#5863=CARTESIAN_POINT('Origin',(-53.9724721691137,1.48321863774746E-30,
-6.58997543378466E-31));
#5864=CARTESIAN_POINT('',(-53.9724721691137,-6.84750624399396,2.4843275223818));
#5865=CARTESIAN_POINT('',(-53.9724721691137,-4.89925845377014,5.16586055744379));
#5866=CARTESIAN_POINT('',(-53.9724721691137,-6.43862568174406,2.1872584050325));
#5867=CARTESIAN_POINT('',(-53.9724721691137,0.575541573716546,-2.90883240460228));
#5868=CARTESIAN_POINT('',(-53.9724721691137,-6.43862568174407,-2.1872584050325));
#5869=CARTESIAN_POINT('Origin',(-53.9724721691137,1.48321863774746E-30,
-6.58997543378466E-31));
#5870=CARTESIAN_POINT('',(-53.9724721691137,-6.84750624399397,-2.48432752238179));
#5871=CARTESIAN_POINT('',(-53.9724721691137,-1.44700091222082,1.4393692738711));
#5872=CARTESIAN_POINT('',(-53.9724721691137,-6.36107527656818,-3.15384231150395));
#5873=CARTESIAN_POINT('',(-53.9724721691137,-3.71487117040081,-6.79602980110931));
#5874=CARTESIAN_POINT('',(-53.9724721691137,-4.96516264468109,-5.07515122059067));
#5875=CARTESIAN_POINT('Origin',(-53.9724721691137,1.48321863774746E-30,
-6.58997543378466E-31));
#5876=CARTESIAN_POINT('',(-53.9724721691137,-4.4787316772553,-5.74466600971283));
#5877=CARTESIAN_POINT('',(-53.9724721691137,-3.71487117040081,-6.79602980110931));
#5878=CARTESIAN_POINT('',(-53.9724721691137,2.94431614045522,-0.351506082728759));
#5879=CARTESIAN_POINT('',(-53.9724721691137,-0.460015251483258,-5.10489560832253));
#5880=CARTESIAN_POINT('Origin',(-55.7724721691137,1.53268447543561E-30,
-6.80975331877101E-31));
#5881=CARTESIAN_POINT('',(-57.4724721691137,-6.43862568174406,2.1872584050325));
#5882=CARTESIAN_POINT('',(-55.7724721691137,-6.43862568174406,2.1872584050325));
#5883=CARTESIAN_POINT('',(-57.4724721691137,-6.43862568174407,-2.18725840503249));
#5884=CARTESIAN_POINT('Origin',(-57.4724721691137,1.57940221102997E-30,
-7.01732132125812E-31));
#5885=CARTESIAN_POINT('',(-55.7724721691137,-6.43862568174407,-2.1872584050325));
#5886=CARTESIAN_POINT('Origin',(-55.7724721691137,1.53268447543561E-30,
-6.80975331877101E-31));
#5887=CARTESIAN_POINT('',(-57.4724721691137,0.090561602849605,6.7993969288525));
#5888=CARTESIAN_POINT('',(-55.7724721691137,0.090561602849605,6.7993969288525));
#5889=CARTESIAN_POINT('',(-57.4724721691137,-4.0698511150054,5.44759689236354));
#5890=CARTESIAN_POINT('Origin',(-57.4724721691137,1.57940221102997E-30,
-7.01732132125812E-31));
#5891=CARTESIAN_POINT('',(-55.7724721691137,-4.0698511150054,5.44759689236354));
#5892=CARTESIAN_POINT('Origin',(-57.4724721691137,-4.4787316772553,5.74466600971283));
#5893=CARTESIAN_POINT('',(-57.4724721691137,-2.6059048226369,4.38397765224205));
#5894=CARTESIAN_POINT('',(-57.4724721691137,0.299990582189746,2.27272105870014));
#5895=CARTESIAN_POINT('',(-50.3709505836142,-2.6059048226369,4.38397765224205));
#5896=CARTESIAN_POINT('',(-53.9217113763639,-2.6059048226369,4.38397765224205));
#5897=CARTESIAN_POINT('',(-50.3709505836142,-4.13334733057894,5.49372959334512));
#5898=CARTESIAN_POINT('',(-50.3709505836142,0.312262616512016,2.26380490385987));
#5899=CARTESIAN_POINT('',(-51.6,-4.13334733057894,5.49372959334512));
#5900=CARTESIAN_POINT('',(-50.9854752918071,-4.13334733057894,5.49372959334512));
#5901=CARTESIAN_POINT('',(-51.6,-4.36233733150608,5.66010056750666));
#5902=CARTESIAN_POINT('',(-51.6,0.679785273918599,1.99678406324844));
#5903=CARTESIAN_POINT('',(-51.5355812901894,-4.4787316772553,5.74466600971283));
#5904=CARTESIAN_POINT('Ctrl Pts',(-51.5355812901894,-4.4787316772553,5.74466600971283));
#5905=CARTESIAN_POINT('Ctrl Pts',(-51.5681250821244,-4.41997736393168,5.70197850237947));
#5906=CARTESIAN_POINT('Ctrl Pts',(-51.6,-4.36233733150607,5.66010056750667));
#5907=CARTESIAN_POINT('',(-57.4724721691137,-4.4787316772553,5.74466600971283));
#5908=CARTESIAN_POINT('Origin',(-55.7724721691137,1.53268447543561E-30,
-6.80975331877101E-31));
#5909=CARTESIAN_POINT('',(-57.4724721691137,6.49459583038079,2.015));
#5910=CARTESIAN_POINT('',(-55.7724721691137,6.49459583038079,2.015));
#5911=CARTESIAN_POINT('',(-57.4724721691137,3.92331936351907,5.55405844152146));
#5912=CARTESIAN_POINT('Origin',(-57.4724721691137,1.57940221102997E-30,
-7.01732132125812E-31));
#5913=CARTESIAN_POINT('',(-55.7724721691137,3.92331936351907,5.55405844152146));
#5914=CARTESIAN_POINT('Origin',(-57.4724721691137,4.07949784095937,6.03472637040056));
#5915=CARTESIAN_POINT('',(-57.4724721691137,3.3641416375387,3.83308635991657));
#5916=CARTESIAN_POINT('',(-57.4724721691137,3.28202558151432,3.58035912615257));
#5917=CARTESIAN_POINT('',(-50.3709505836142,3.3641416375387,3.83308635991657));
#5918=CARTESIAN_POINT('',(-53.9217113763639,3.3641416375387,3.83308635991657));
#5919=CARTESIAN_POINT('',(-50.3709505836142,3.94757275971118,5.62870271970249));
#5920=CARTESIAN_POINT('',(-50.3709505836142,3.28381604719205,3.58586961289281));
#5921=CARTESIAN_POINT('',(-51.6,3.94757275971118,5.62870271970249));
#5922=CARTESIAN_POINT('',(-50.9854752918071,3.94757275971118,5.62870271970249));
#5923=CARTESIAN_POINT('',(-51.6,4.03503915698147,5.89789661063731));
#5924=CARTESIAN_POINT('',(-51.6,3.33743688026636,3.75089756809524));
#5925=CARTESIAN_POINT('',(-51.5355812901894,4.07949784095937,6.03472637040056));
#5926=CARTESIAN_POINT('Ctrl Pts',(-51.5355812901894,4.07949784095937,6.03472637040056));
#5927=CARTESIAN_POINT('Ctrl Pts',(-51.5681250821247,4.05705569025522,5.96565653263959));
#5928=CARTESIAN_POINT('Ctrl Pts',(-51.6,4.03503915698147,5.89789661063731));
#5929=CARTESIAN_POINT('',(-57.4724721691137,4.07949784095937,6.03472637040056));
#5930=CARTESIAN_POINT('Origin',(-57.4724721691137,7.,-2.015));
#5931=CARTESIAN_POINT('',(-57.4724721691137,6.49459583038079,-2.015));
#5932=CARTESIAN_POINT('',(-55.7724721691137,6.49459583038079,-2.015));
#5933=CARTESIAN_POINT('',(-57.4724721691137,4.68505869760454,-2.015));
#5934=CARTESIAN_POINT('',(-57.4724721691137,6.47499999999999,-2.015));
#5935=CARTESIAN_POINT('',(-50.3709505836142,4.68505869760454,-2.015));
#5936=CARTESIAN_POINT('',(-53.9217113763639,4.68505869760454,-2.015));
#5937=CARTESIAN_POINT('',(-50.3709505836142,6.57308146914367,-2.015));
#5938=CARTESIAN_POINT('',(-50.3709505836142,6.49375,-2.015));
#5939=CARTESIAN_POINT('',(-51.6,6.57308146914367,-2.015));
#5940=CARTESIAN_POINT('',(-50.9854752918071,6.57308146914367,-2.015));
#5941=CARTESIAN_POINT('',(-51.6,6.85612867645735,-2.015));
#5942=CARTESIAN_POINT('',(-51.6,7.05527465397453,-2.015));
#5943=CARTESIAN_POINT('',(-51.5355812901894,7.,-2.015));
#5944=CARTESIAN_POINT('Ctrl Pts',(-51.5355812901894,7.,-2.015));
#5945=CARTESIAN_POINT('Ctrl Pts',(-51.5681250821244,6.92737567476075,-2.015));
#5946=CARTESIAN_POINT('Ctrl Pts',(-51.6,6.85612867645735,-2.015));
#5947=CARTESIAN_POINT('',(-57.4724721691137,7.,-2.015));
#5948=CARTESIAN_POINT('Origin',(-55.7724721691137,1.53268447543561E-30,
-6.80975331877101E-31));
#5949=CARTESIAN_POINT('',(-57.4724721691137,3.92331936351907,-5.55405844152147));
#5950=CARTESIAN_POINT('',(-55.7724721691137,3.92331936351907,-5.55405844152147));
#5951=CARTESIAN_POINT('Origin',(-57.4724721691137,1.57940221102997E-30,
-7.01732132125812E-31));
#5952=CARTESIAN_POINT('Origin',(-51.6,7.11054930794905,-1.97357388985438E-15));
#5953=CARTESIAN_POINT('',(-51.6,3.94757275971117,-5.6287027197025));
#5954=CARTESIAN_POINT('Origin',(-51.6,1.41802068039356E-30,-6.30029936960867E-31));
#5955=CARTESIAN_POINT('',(-51.6,4.03503915698147,-5.89789661063731));
#5956=CARTESIAN_POINT('',(-51.6,2.56489439432899,-1.37325627735736));
#5957=CARTESIAN_POINT('Origin',(-51.6,1.41802068039356E-30,-6.30029936960867E-31));
#5958=CARTESIAN_POINT('Origin',(-50.9854752918071,1.40113291402088E-30,
-6.22526662480951E-31));
#5959=CARTESIAN_POINT('',(-50.3709505836142,3.94757275971117,-5.6287027197025));
#5960=CARTESIAN_POINT('Origin',(-50.3709505836142,1.3842451476482E-30,-6.15023388001035E-31));
#5961=CARTESIAN_POINT('',(-50.9854752918071,3.94757275971117,-5.6287027197025));
#5962=CARTESIAN_POINT('Origin',(-57.4724721691137,2.53441286908463,-1.27944378892479));
#5963=CARTESIAN_POINT('',(-51.5355812901894,4.07949784095937,-6.03472637040056));
#5964=CARTESIAN_POINT('',(-57.4724721691137,4.07949784095937,-6.03472637040056));
#5965=CARTESIAN_POINT('Ctrl Pts',(-51.6,4.03503915698147,-5.89789661063731));
#5966=CARTESIAN_POINT('Ctrl Pts',(-51.568125082125,4.05705569025502,-5.96565653263897));
#5967=CARTESIAN_POINT('Ctrl Pts',(-51.5355812901894,4.07949784095937,-6.03472637040056));
#5968=CARTESIAN_POINT('',(-50.3709505836142,3.3641416375387,-3.83308635991657));
#5969=CARTESIAN_POINT('',(-50.3709505836142,2.51127356125468,-1.20822832215493));
#5970=CARTESIAN_POINT('',(-57.4724721691137,3.3641416375387,-3.83308635991657));
#5971=CARTESIAN_POINT('',(-53.9217113763639,3.3641416375387,-3.83308635991657));
#5972=CARTESIAN_POINT('',(-57.4724721691137,2.50948309557695,-1.20271783541469));
#5973=CARTESIAN_POINT('Origin',(-51.6,7.11054930794905,-1.97357388985438E-15));
#5974=CARTESIAN_POINT('',(-51.6,-4.13334733057895,-5.49372959334511));
#5975=CARTESIAN_POINT('',(-51.6,-4.36233733150608,-5.66010056750666));
#5976=CARTESIAN_POINT('',(-51.6,2.70232775985597,-0.527320932517259));
#5977=CARTESIAN_POINT('',(-51.6,0.202281396311999,-7.14323509796835));
#5978=CARTESIAN_POINT('Origin',(-51.6,1.41802068039356E-30,-6.30029936960867E-31));
#5979=CARTESIAN_POINT('',(-51.6,0.114814999041704,-6.87404120703353));
#5980=CARTESIAN_POINT('',(-51.6,-0.49532088040311,-4.99623605542628));
#5981=CARTESIAN_POINT('Origin',(-51.6,1.41802068039356E-30,-6.30029936960867E-31));
#5982=CARTESIAN_POINT('Origin',(-50.9854752918071,1.40113291402088E-30,
-6.22526662480951E-31));
#5983=CARTESIAN_POINT('',(-50.3709505836142,0.114814999041703,-6.87404120703353));
#5984=CARTESIAN_POINT('',(-50.9854752918071,0.114814999041704,-6.87404120703353));
#5985=CARTESIAN_POINT('',(-50.3709505836142,-4.13334733057895,-5.49372959334511));
#5986=CARTESIAN_POINT('Origin',(-50.3709505836142,1.3842451476482E-30,-6.15023388001035E-31));
#5987=CARTESIAN_POINT('',(-50.9854752918071,-4.13334733057895,-5.49372959334511));
#5988=CARTESIAN_POINT('Origin',(-51.6,7.11054930794905,-1.97357388985438E-15));
#5989=CARTESIAN_POINT('',(-51.6,-6.50212189731761,2.23339110601408));
#5990=CARTESIAN_POINT('',(-51.6,-6.73111189824474,2.39976208017563));
#5991=CARTESIAN_POINT('',(-51.6,0.333553193117298,-2.73301755481378));
#5992=CARTESIAN_POINT('',(-51.6,-7.1460986158981,1.10829612526791E-15));
#5993=CARTESIAN_POINT('Origin',(-51.6,1.41802068039356E-30,-6.30029936960867E-31));
#5994=CARTESIAN_POINT('',(-51.6,-6.73111189824475,-2.39976208017562));
#5995=CARTESIAN_POINT('Origin',(-51.6,1.41802068039356E-30,-6.30029936960867E-31));
#5996=CARTESIAN_POINT('',(-51.6,-6.50212189731762,-2.23339110601407));
#5997=CARTESIAN_POINT('',(-51.6,-1.68898929282007,1.2635544240826));
#5998=CARTESIAN_POINT('Origin',(-51.6,1.41802068039356E-30,-6.30029936960867E-31));
#5999=CARTESIAN_POINT('Origin',(-50.9854752918071,1.40113291402088E-30,
-6.22526662480951E-31));
#6000=CARTESIAN_POINT('',(-50.3709505836142,-6.50212189731762,-2.23339110601407));
#6001=CARTESIAN_POINT('',(-50.9854752918071,-6.50212189731761,-2.23339110601407));
#6002=CARTESIAN_POINT('',(-50.3709505836142,-6.50212189731761,2.23339110601408));
#6003=CARTESIAN_POINT('Origin',(-50.3709505836142,1.3842451476482E-30,-6.15023388001035E-31));
#6004=CARTESIAN_POINT('',(-50.9854752918071,-6.50212189731761,2.23339110601408));
#6005=CARTESIAN_POINT('Origin',(-51.6,7.11054930794905,-1.97357388985438E-15));
#6006=CARTESIAN_POINT('',(-51.6,0.11481499904171,6.87404120703353));
#6007=CARTESIAN_POINT('',(-51.6,0.202281396312004,7.14323509796835));
#6008=CARTESIAN_POINT('',(-51.6,-1.26786336634048,2.6185947646884));
#6009=CARTESIAN_POINT('Origin',(-51.6,1.41802068039356E-30,-6.30029936960867E-31));
#6010=CARTESIAN_POINT('Origin',(-51.6,1.41802068039356E-30,-6.30029936960867E-31));
#6011=CARTESIAN_POINT('Origin',(-50.9854752918071,1.40113291402088E-30,
-6.22526662480951E-31));
#6012=CARTESIAN_POINT('',(-50.3709505836142,0.114814999041709,6.87404120703353));
#6013=CARTESIAN_POINT('Origin',(-50.3709505836142,1.3842451476482E-30,-6.15023388001035E-31));
#6014=CARTESIAN_POINT('',(-50.9854752918071,0.11481499904171,6.87404120703353));
#6015=CARTESIAN_POINT('Origin',(-51.6,7.11054930794905,-1.97357388985438E-15));
#6016=CARTESIAN_POINT('',(-51.6,6.57308146914368,2.015));
#6017=CARTESIAN_POINT('',(-51.6,6.85612867645735,2.015));
#6018=CARTESIAN_POINT('',(-51.6,4.55527465397453,2.015));
#6019=CARTESIAN_POINT('Origin',(-51.6,1.41802068039356E-30,-6.30029936960867E-31));
#6020=CARTESIAN_POINT('Origin',(-51.6,1.41802068039356E-30,-6.30029936960867E-31));
#6021=CARTESIAN_POINT('Origin',(-57.4724721691137,2.,2.015));
#6022=CARTESIAN_POINT('',(-51.5355812901894,7.,2.015));
#6023=CARTESIAN_POINT('',(-57.4724721691137,7.,2.015));
#6024=CARTESIAN_POINT('Ctrl Pts',(-51.6,6.85612867645735,2.015));
#6025=CARTESIAN_POINT('Ctrl Pts',(-51.5681250821244,6.92737567476075,2.015));
#6026=CARTESIAN_POINT('Ctrl Pts',(-51.5355812901894,7.,2.015));
#6027=CARTESIAN_POINT('',(-50.3709505836142,6.57308146914368,2.015));
#6028=CARTESIAN_POINT('',(-50.9854752918071,6.57308146914368,2.015));
#6029=CARTESIAN_POINT('',(-50.3709505836142,4.68505869760455,2.015));
#6030=CARTESIAN_POINT('',(-50.3709505836142,3.99375,2.015));
#6031=CARTESIAN_POINT('',(-57.4724721691137,4.68505869760455,2.015));
#6032=CARTESIAN_POINT('',(-53.9217113763639,4.68505869760455,2.015));
#6033=CARTESIAN_POINT('',(-57.4724721691137,3.97499999999999,2.015));
#6034=CARTESIAN_POINT('Origin',(-50.9854752918071,1.40113291402088E-30,
-6.22526662480951E-31));
#6035=CARTESIAN_POINT('Origin',(-50.3709505836142,1.3842451476482E-30,-6.15023388001035E-31));
#6036=CARTESIAN_POINT('Origin',(-52.6862360845569,1.44787155697673E-30,
-6.43292751919743E-31));
#6037=CARTESIAN_POINT('',(-51.4,-8.9,1.38031057854983E-15));
#6038=CARTESIAN_POINT('Origin',(-51.4,1.41252447620599E-30,-6.27587960461019E-31));
#6039=CARTESIAN_POINT('',(-52.6862360845569,-8.9,1.38031057854983E-15));
#6040=CARTESIAN_POINT('Origin',(-57.4724721691137,5.94999999999998,-1.65145674912992E-15));
#6041=CARTESIAN_POINT('Origin',(-57.4724721691137,1.57940221102997E-30,
-7.01732132125812E-31));
#6042=CARTESIAN_POINT('Origin',(-53.9217113763639,1.48182367933908E-30,
-6.58377760063424E-31));
#6043=CARTESIAN_POINT('Origin',(-50.3709505836142,1.3842451476482E-30,-6.15023388001035E-31));
#6044=CARTESIAN_POINT('Origin',(-50.3709505836142,5.9875,-1.66186508998578E-15));
#6045=CARTESIAN_POINT('Origin',(-57.4724721691137,-0.433646705380563,-2.80573974825047));
#6046=CARTESIAN_POINT('',(-51.5355812901894,-4.4787316772553,-5.74466600971283));
#6047=CARTESIAN_POINT('',(-57.4724721691137,-4.4787316772553,-5.74466600971283));
#6048=CARTESIAN_POINT('Ctrl Pts',(-51.6,-4.36233733150608,-5.66010056750666));
#6049=CARTESIAN_POINT('Ctrl Pts',(-51.5681250821238,-4.41997736393282,-5.7019785023803));
#6050=CARTESIAN_POINT('Ctrl Pts',(-51.5355812901894,-4.4787316772553,-5.74466600971283));
#6051=CARTESIAN_POINT('',(-50.3709505836142,-2.6059048226369,-4.38397765224205));
#6052=CARTESIAN_POINT('',(-50.3709505836142,2.33480510244939,-0.794341773128686));
#6053=CARTESIAN_POINT('',(-57.4724721691137,-2.6059048226369,-4.38397765224205));
#6054=CARTESIAN_POINT('',(-53.9217113763639,-2.6059048226369,-4.38397765224205));
#6055=CARTESIAN_POINT('',(-57.4724721691137,2.32253306812712,-0.803257927968957));
#6056=CARTESIAN_POINT('Origin',(-50.3709505836142,5.9875,-1.66186508998578E-15));
#6057=CARTESIAN_POINT('',(-50.3709505836142,-0.468616123130774,-5.07842484724761));
#6058=CARTESIAN_POINT('',(-50.3709505836142,-0.548941713477421,-4.83120810022385));
#6059=CARTESIAN_POINT('Origin',(-50.3709505836142,1.3842451476482E-30,-6.15023388001035E-31));
#6060=CARTESIAN_POINT('Origin',(-57.4724721691137,-2.80242127211923,-0.454598739080572));
#6061=CARTESIAN_POINT('',(-51.5355812901894,-6.84750624399396,2.4843275223818));
#6062=CARTESIAN_POINT('',(-57.4724721691137,-6.84750624399396,2.4843275223818));
#6063=CARTESIAN_POINT('Ctrl Pts',(-51.6,-6.73111189824474,2.39976208017563));
#6064=CARTESIAN_POINT('Ctrl Pts',(-51.5681250821239,-6.78875193067121,2.44164001504906));
#6065=CARTESIAN_POINT('Ctrl Pts',(-51.5355812901894,-6.84750624399396,2.4843275223818));
#6066=CARTESIAN_POINT('',(-50.3709505836142,-4.97467938937557,1.12363916491102));
#6067=CARTESIAN_POINT('',(-50.3709505836142,-0.0339694642892842,-2.46599671420236));
#6068=CARTESIAN_POINT('',(-57.4724721691137,-4.97467938937557,1.12363916491101));
#6069=CARTESIAN_POINT('',(-53.9217113763639,-4.97467938937557,1.12363916491102));
#6070=CARTESIAN_POINT('',(-57.4724721691137,-0.0462414986115543,-2.45708055936208));
#6071=CARTESIAN_POINT('Origin',(-50.3709505836142,5.9875,-1.66186508998578E-15));
#6072=CARTESIAN_POINT('',(-50.3709505836142,-4.97467938937557,-1.12363916491101));
#6073=CARTESIAN_POINT('',(-50.3709505836142,-2.05651195022665,0.996533583471172));
#6074=CARTESIAN_POINT('Origin',(-50.3709505836142,1.3842451476482E-30,-6.15023388001035E-31));
#6075=CARTESIAN_POINT('Origin',(-57.4724721691137,-1.29834489158484,2.52478227625583));
#6076=CARTESIAN_POINT('',(-51.5355812901894,0.2467400802899,7.2800648577316));
#6077=CARTESIAN_POINT('',(-57.4724721691137,0.2467400802899,7.2800648577316));
#6078=CARTESIAN_POINT('Ctrl Pts',(-51.6,0.202281396312004,7.14323509796835));
#6079=CARTESIAN_POINT('Ctrl Pts',(-51.5681250821246,0.224297929585841,7.21099501997091));
#6080=CARTESIAN_POINT('Ctrl Pts',(-51.5355812901894,0.2467400802899,7.2800648577316));
#6081=CARTESIAN_POINT('',(-50.3709505836142,-0.468616123130771,5.07842484724761));
#6082=CARTESIAN_POINT('',(-50.3709505836142,-1.32148419941479,2.45356680948597));
#6083=CARTESIAN_POINT('',(-57.4724721691137,-0.468616123130771,5.07842484724761));
#6084=CARTESIAN_POINT('',(-53.9217113763639,-0.468616123130771,5.07842484724761));
#6085=CARTESIAN_POINT('',(-57.4724721691137,-1.32327466509252,2.44805632274573));
#6086=CARTESIAN_POINT('Origin',(-50.3709505836142,5.9875,-1.66186508998578E-15));
#6087=CARTESIAN_POINT('Origin',(-50.3709505836142,1.3842451476482E-30,-6.15023388001035E-31));
#6088=CARTESIAN_POINT('Origin',(-50.3709505836142,5.9875,-1.66186508998578E-15));
#6089=CARTESIAN_POINT('Origin',(-50.3709505836142,1.3842451476482E-30,-6.15023388001035E-31));
#6090=CARTESIAN_POINT('Origin',(-53.9217113763639,1.48182367933908E-30,
-6.58377760063424E-31));
#6091=CARTESIAN_POINT('',(-57.4724721691137,-0.468616123130776,-5.07842484724761));
#6092=CARTESIAN_POINT('',(-53.9217113763639,-0.468616123130774,-5.07842484724761));
#6093=CARTESIAN_POINT('Origin',(-57.4724721691137,1.57940221102997E-30,
-7.01732132125812E-31));
#6094=CARTESIAN_POINT('Origin',(-53.9217113763639,1.48182367933908E-30,
-6.58377760063424E-31));
#6095=CARTESIAN_POINT('',(-57.4724721691137,-4.97467938937557,-1.12363916491101));
#6096=CARTESIAN_POINT('',(-53.9217113763639,-4.97467938937557,-1.12363916491101));
#6097=CARTESIAN_POINT('Origin',(-57.4724721691137,1.57940221102997E-30,
-7.01732132125812E-31));
#6098=CARTESIAN_POINT('Origin',(-53.9217113763639,1.48182367933908E-30,
-6.58377760063424E-31));
#6099=CARTESIAN_POINT('Origin',(-57.4724721691137,1.57940221102997E-30,
-7.01732132125812E-31));
#6100=CARTESIAN_POINT('Origin',(-53.9217113763639,1.48182367933908E-30,
-6.58377760063424E-31));
#6101=CARTESIAN_POINT('Origin',(-57.4724721691137,1.57940221102997E-30,
-7.01732132125812E-31));
#6102=CARTESIAN_POINT('Origin',(-57.4724721691137,5.94999999999998,-1.65145674912992E-15));
#6103=CARTESIAN_POINT('',(-57.4724721691137,-0.550732179155157,-4.82569761348361));
#6104=CARTESIAN_POINT('Origin',(-57.4724721691137,5.94999999999998,-1.65145674912992E-15));
#6105=CARTESIAN_POINT('',(-57.4724721691137,-2.06878398454892,0.987617428630902));
#6106=CARTESIAN_POINT('Origin',(-57.4724721691137,5.94999999999998,-1.65145674912992E-15));
#6107=CARTESIAN_POINT('Origin',(-57.4724721691137,5.94999999999998,-1.65145674912992E-15));
#6108=CARTESIAN_POINT('Origin',(-57.4724721691137,4.07949784095937,-6.03472637040056));
#6109=CARTESIAN_POINT('Ctrl Pts',(-53.9724721691137,1.03380191876531,-7.02433296425765));
#6110=CARTESIAN_POINT('Ctrl Pts',(-53.9724721691137,1.13945478632138,-6.9900042666252));
#6111=CARTESIAN_POINT('Ctrl Pts',(-53.9745435155628,1.26622292173704,-6.94881480257393));
#6112=CARTESIAN_POINT('Ctrl Pts',(-53.9820572859465,1.61911685217159,-6.8341526138947));
#6113=CARTESIAN_POINT('Ctrl Pts',(-53.9896294566391,1.91580555253462,-6.73775261149701));
#6114=CARTESIAN_POINT('Ctrl Pts',(-53.9896294566391,2.41043236871464,-6.57703861663515));
#6115=CARTESIAN_POINT('Ctrl Pts',(-53.9820572859465,2.70712106907767,-6.48063861423745));
#6116=CARTESIAN_POINT('Ctrl Pts',(-53.9745435155628,3.06001499951222,-6.36597642555822));
#6117=CARTESIAN_POINT('Ctrl Pts',(-53.9724721691137,3.18678313492788,-6.32478696150696));
#6118=CARTESIAN_POINT('Ctrl Pts',(-53.9724721691137,3.29243600248395,-6.2904582638745));
#6119=CARTESIAN_POINT('',(-51.5355812901894,0.246740080289895,-7.2800648577316));
#6120=CARTESIAN_POINT('',(-57.4724721691137,0.246740080289895,-7.2800648577316));
#6121=CARTESIAN_POINT('',(-51.6,0.795869637674806,-7.10164184875358));
#6122=CARTESIAN_POINT('Ctrl Pts',(-51.6,0.795869637674814,-7.10164184875358));
#6123=CARTESIAN_POINT('Ctrl Pts',(-51.5731770980387,0.523933356839256,-7.18999930251737));
#6124=CARTESIAN_POINT('Ctrl Pts',(-51.5355812901894,0.246740080289895,-7.2800648577316));
#6125=CARTESIAN_POINT('',(-51.6,1.18596913468007,-6.97489083868602));
#6126=CARTESIAN_POINT('',(-51.6,6.33708453514721,-5.3011919875056));
#6127=CARTESIAN_POINT('',(-51.6,3.14026878656919,-6.33990038944614));
#6128=CARTESIAN_POINT('Ctrl Pts',(-51.6,3.14026878656917,-6.33990038944614));
#6129=CARTESIAN_POINT('Ctrl Pts',(-51.6,3.04849618330531,-6.36971911582114));
#6130=CARTESIAN_POINT('Ctrl Pts',(-51.5982348006167,2.9383818561811,-6.40549742954123));
#6131=CARTESIAN_POINT('Ctrl Pts',(-51.5918537719278,2.63303706402732,-6.50470996665413));
#6132=CARTESIAN_POINT('Ctrl Pts',(-51.5854049621774,2.3767514513666,-6.58798221006872));
#6133=CARTESIAN_POINT('Ctrl Pts',(-51.5854049621774,2.16311896062463,-6.65739561406608));
#6134=CARTESIAN_POINT('Ctrl Pts',(-51.5854049621774,1.94948646988266,-6.72680901806344));
#6135=CARTESIAN_POINT('Ctrl Pts',(-51.5918537719278,1.69320085722194,-6.81008126147802));
#6136=CARTESIAN_POINT('Ctrl Pts',(-51.5982348006167,1.38785606506816,-6.90929379859093));
#6137=CARTESIAN_POINT('Ctrl Pts',(-51.6,1.27774173794395,-6.94507211231102));
#6138=CARTESIAN_POINT('Ctrl Pts',(-51.6,1.18596913468009,-6.97489083868601));
#6139=CARTESIAN_POINT('',(-51.6,3.53036828357445,-6.21314937937858));
#6140=CARTESIAN_POINT('',(-51.6,6.33708453514721,-5.3011919875056));
#6141=CARTESIAN_POINT('Ctrl Pts',(-51.5355812901894,4.07949784095937,-6.03472637040056));
#6142=CARTESIAN_POINT('Ctrl Pts',(-51.5731770980388,3.80230456441001,-6.12479192561478));
#6143=CARTESIAN_POINT('Ctrl Pts',(-51.6,3.53036828357445,-6.21314937937858));
#6144=CARTESIAN_POINT('Origin',(-57.4724721691137,0.246740080289895,-7.2800648577316));
#6145=CARTESIAN_POINT('Ctrl Pts',(-51.5355812901894,0.246740080289895,-7.2800648577316));
#6146=CARTESIAN_POINT('Ctrl Pts',(-51.5681250821251,0.224297929585482,-7.21099501996982));
#6147=CARTESIAN_POINT('Ctrl Pts',(-51.6,0.202281396311998,-7.14323509796835));
#6148=CARTESIAN_POINT('Origin',(-57.4724721691137,-4.4787316772553,-5.74466600971283));
#6149=CARTESIAN_POINT('Ctrl Pts',(-53.9724721691137,-6.36107527656818,-3.15384231150395));
#6150=CARTESIAN_POINT('Ctrl Pts',(-53.9724721691137,-6.29577821340964,-3.24371600869523));
#6151=CARTESIAN_POINT('Ctrl Pts',(-53.9745435155628,-6.21743119703232,-3.35155142555984));
#6152=CARTESIAN_POINT('Ctrl Pts',(-53.9820572859465,-5.99933075360022,-3.65174093274652));
#6153=CARTESIAN_POINT('Ctrl Pts',(-53.9896294566391,-5.81596705269783,-3.90411941553925));
#6154=CARTESIAN_POINT('Ctrl Pts',(-53.9896294566391,-5.51027086855144,-4.32487411655537));
#6155=CARTESIAN_POINT('Ctrl Pts',(-53.9820572859465,-5.32690716764905,-4.57725259934811));
#6156=CARTESIAN_POINT('Ctrl Pts',(-53.9745435155628,-5.10880672421696,-4.87744210653478));
#6157=CARTESIAN_POINT('Ctrl Pts',(-53.9724721691137,-5.03045970783963,-4.98527752339939));
#6158=CARTESIAN_POINT('Ctrl Pts',(-53.9724721691137,-4.96516264468109,-5.07515122059068));
#6159=CARTESIAN_POINT('',(-51.5355812901894,-6.84750624399397,-2.48432752238179));
#6160=CARTESIAN_POINT('',(-57.4724721691137,-6.84750624399397,-2.48432752238179));
#6161=CARTESIAN_POINT('',(-51.6,-6.50812551330291,-2.95144502426126));
#6162=CARTESIAN_POINT('Ctrl Pts',(-51.6,-6.5081255133029,-2.95144502426127));
#6163=CARTESIAN_POINT('Ctrl Pts',(-51.5731770980388,-6.67619137763351,-2.72012220714826));
#6164=CARTESIAN_POINT('Ctrl Pts',(-51.5355812901894,-6.84750624399397,-2.48432752238179));
#6165=CARTESIAN_POINT('',(-51.6,-6.26703076515942,-3.28328347672652));
#6166=CARTESIAN_POINT('',(-51.6,-3.84260813582703,-6.62021495132081));
#6167=CARTESIAN_POINT('',(-51.6,-5.05920715608986,-4.9457100553681));
#6168=CARTESIAN_POINT('Ctrl Pts',(-51.6,-5.05920715608987,-4.94571005536809));
#6169=CARTESIAN_POINT('Ctrl Pts',(-51.6,-5.115925744143,-4.86764361621711));
#6170=CARTESIAN_POINT('Ctrl Pts',(-51.5982348006167,-5.18398014095408,-4.77397477483776));
#6171=CARTESIAN_POINT('Ctrl Pts',(-51.5918537719278,-5.37269360079289,-4.51423298056606));
#6172=CARTESIAN_POINT('Ctrl Pts',(-51.5854049621774,-5.5310868202448,-4.29622341698723));
#6173=CARTESIAN_POINT('Ctrl Pts',(-51.5854049621774,-5.66311896062464,-4.11449676604731));
#6174=CARTESIAN_POINT('Ctrl Pts',(-51.5854049621774,-5.79515110100447,-3.9327701151074));
#6175=CARTESIAN_POINT('Ctrl Pts',(-51.5918537719278,-5.95354432045638,-3.71476055152856));
#6176=CARTESIAN_POINT('Ctrl Pts',(-51.5982348006167,-6.14225778029519,-3.45501875725686));
#6177=CARTESIAN_POINT('Ctrl Pts',(-51.6,-6.21031217710628,-3.36134991587751));
#6178=CARTESIAN_POINT('Ctrl Pts',(-51.6,-6.2670307651594,-3.28328347672654));
#6179=CARTESIAN_POINT('',(-51.6,-4.81811240794636,-5.27754850783336));
#6180=CARTESIAN_POINT('',(-51.6,-3.84260813582703,-6.62021495132081));
#6181=CARTESIAN_POINT('Ctrl Pts',(-51.5355812901894,-4.4787316772553,-5.74466600971283));
#6182=CARTESIAN_POINT('Ctrl Pts',(-51.5731770980387,-4.65004654361576,-5.50887132494636));
#6183=CARTESIAN_POINT('Ctrl Pts',(-51.6,-4.81811240794637,-5.27754850783335));
#6184=CARTESIAN_POINT('Origin',(-57.4724721691137,-6.84750624399397,-2.48432752238179));
#6185=CARTESIAN_POINT('Ctrl Pts',(-51.5355812901894,-6.84750624399397,-2.48432752238179));
#6186=CARTESIAN_POINT('Ctrl Pts',(-51.5681250821246,-6.78875193066993,-2.44164001504813));
#6187=CARTESIAN_POINT('Ctrl Pts',(-51.6,-6.73111189824475,-2.39976208017562));
#6188=CARTESIAN_POINT('Origin',(-57.4724721691137,-6.84750624399396,2.4843275223818));
#6189=CARTESIAN_POINT('Ctrl Pts',(-53.9724721691137,-4.96516264468108,5.07515122059068));
#6190=CARTESIAN_POINT('Ctrl Pts',(-53.9724721691137,-5.03045970783963,4.98527752339939));
#6191=CARTESIAN_POINT('Ctrl Pts',(-53.9745435155628,-5.10880672421696,4.87744210653478));
#6192=CARTESIAN_POINT('Ctrl Pts',(-53.9820572859465,-5.32690716764905,4.5772525993481));
#6193=CARTESIAN_POINT('Ctrl Pts',(-53.9896294566391,-5.51027086855144,4.32487411655538));
#6194=CARTESIAN_POINT('Ctrl Pts',(-53.9896294566391,-5.81596705269783,3.90411941553926));
#6195=CARTESIAN_POINT('Ctrl Pts',(-53.9820572859465,-5.99933075360021,3.65174093274653));
#6196=CARTESIAN_POINT('Ctrl Pts',(-53.9745435155628,-6.21743119703231,3.35155142555985));
#6197=CARTESIAN_POINT('Ctrl Pts',(-53.9724721691137,-6.29577821340963,3.24371600869524));
#6198=CARTESIAN_POINT('Ctrl Pts',(-53.9724721691137,-6.36107527656818,3.15384231150395));
#6199=CARTESIAN_POINT('',(-51.6,-4.81811240794636,5.27754850783336));
#6200=CARTESIAN_POINT('Ctrl Pts',(-51.6,-4.81811240794636,5.27754850783337));
#6201=CARTESIAN_POINT('Ctrl Pts',(-51.5731770980387,-4.65004654361574,5.50887132494638));
#6202=CARTESIAN_POINT('Ctrl Pts',(-51.5355812901894,-4.4787316772553,5.74466600971283));
#6203=CARTESIAN_POINT('',(-51.6,-5.05920715608985,4.94571005536811));
#6204=CARTESIAN_POINT('',(-51.6,-5.02699541919636,4.99004570765529));
#6205=CARTESIAN_POINT('',(-51.6,-6.26703076515941,3.28328347672652));
#6206=CARTESIAN_POINT('Ctrl Pts',(-51.6,-6.2670307651594,3.28328347672654));
#6207=CARTESIAN_POINT('Ctrl Pts',(-51.6,-6.21031217710627,3.36134991587752));
#6208=CARTESIAN_POINT('Ctrl Pts',(-51.5982348006167,-6.14225778029519,3.45501875725686));
#6209=CARTESIAN_POINT('Ctrl Pts',(-51.5918537719278,-5.95354432045638,3.71476055152857));
#6210=CARTESIAN_POINT('Ctrl Pts',(-51.5854049621774,-5.79515110100447,3.9327701151074));
#6211=CARTESIAN_POINT('Ctrl Pts',(-51.5854049621774,-5.66311896062463,4.11449676604732));
#6212=CARTESIAN_POINT('Ctrl Pts',(-51.5854049621774,-5.5310868202448,4.29622341698723));
#6213=CARTESIAN_POINT('Ctrl Pts',(-51.5918537719278,-5.37269360079289,4.51423298056607));
#6214=CARTESIAN_POINT('Ctrl Pts',(-51.5982348006167,-5.18398014095407,4.77397477483777));
#6215=CARTESIAN_POINT('Ctrl Pts',(-51.6,-5.11592574414299,4.86764361621711));
#6216=CARTESIAN_POINT('Ctrl Pts',(-51.6,-5.05920715608986,4.94571005536809));
#6217=CARTESIAN_POINT('',(-51.6,-6.5081255133029,2.95144502426127));
#6218=CARTESIAN_POINT('',(-51.6,-5.02699541919636,4.99004570765529));
#6219=CARTESIAN_POINT('Ctrl Pts',(-51.5355812901894,-6.84750624399396,2.4843275223818));
#6220=CARTESIAN_POINT('Ctrl Pts',(-51.5731770980387,-6.67619137763351,2.72012220714826));
#6221=CARTESIAN_POINT('Ctrl Pts',(-51.6,-6.50812551330291,2.95144502426127));
#6222=CARTESIAN_POINT('Origin',(-57.4724721691137,0.2467400802899,7.2800648577316));
#6223=CARTESIAN_POINT('Ctrl Pts',(-53.9724721691137,3.29243600248396,6.2904582638745));
#6224=CARTESIAN_POINT('Ctrl Pts',(-53.9724721691137,3.18678313492789,6.32478696150695));
#6225=CARTESIAN_POINT('Ctrl Pts',(-53.9745435155628,3.06001499951223,6.36597642555822));
#6226=CARTESIAN_POINT('Ctrl Pts',(-53.9820572859465,2.70712106907768,6.48063861423745));
#6227=CARTESIAN_POINT('Ctrl Pts',(-53.9896294566391,2.41043236871464,6.57703861663515));
#6228=CARTESIAN_POINT('Ctrl Pts',(-53.9896294566391,1.91580555253463,6.73775261149701));
#6229=CARTESIAN_POINT('Ctrl Pts',(-53.9820572859465,1.61911685217159,6.8341526138947));
#6230=CARTESIAN_POINT('Ctrl Pts',(-53.9745435155628,1.26622292173704,6.94881480257393));
#6231=CARTESIAN_POINT('Ctrl Pts',(-53.9724721691137,1.13945478632138,6.9900042666252));
#6232=CARTESIAN_POINT('Ctrl Pts',(-53.9724721691137,1.03380191876531,7.02433296425765));
#6233=CARTESIAN_POINT('',(-51.6,3.53036828357446,6.21314937937857));
#6234=CARTESIAN_POINT('Ctrl Pts',(-51.6,3.53036828357446,6.21314937937857));
#6235=CARTESIAN_POINT('Ctrl Pts',(-51.5731770980388,3.80230456441001,6.12479192561478));
#6236=CARTESIAN_POINT('Ctrl Pts',(-51.5355812901894,4.07949784095937,6.03472637040056));
#6237=CARTESIAN_POINT('',(-51.6,3.1402687865692,6.33990038944613));
#6238=CARTESIAN_POINT('',(-51.6,4.42070565481248,5.92386123117111));
#6239=CARTESIAN_POINT('',(-51.6,1.18596913468007,6.97489083868602));
#6240=CARTESIAN_POINT('Ctrl Pts',(-51.6,1.18596913468009,6.97489083868601));
#6241=CARTESIAN_POINT('Ctrl Pts',(-51.6,1.27774173794396,6.94507211231102));
#6242=CARTESIAN_POINT('Ctrl Pts',(-51.5982348006167,1.38785606506817,6.90929379859092));
#6243=CARTESIAN_POINT('Ctrl Pts',(-51.5918537719278,1.69320085722196,6.81008126147802));
#6244=CARTESIAN_POINT('Ctrl Pts',(-51.5854049621774,1.94948646988267,6.72680901806344));
#6245=CARTESIAN_POINT('Ctrl Pts',(-51.5854049621774,2.16311896062464,6.65739561406608));
#6246=CARTESIAN_POINT('Ctrl Pts',(-51.5854049621774,2.3767514513666,6.58798221006872));
#6247=CARTESIAN_POINT('Ctrl Pts',(-51.5918537719278,2.63303706402731,6.50470996665413));
#6248=CARTESIAN_POINT('Ctrl Pts',(-51.5982348006167,2.9383818561811,6.40549742954123));
#6249=CARTESIAN_POINT('Ctrl Pts',(-51.6,3.04849618330531,6.36971911582114));
#6250=CARTESIAN_POINT('Ctrl Pts',(-51.6,3.14026878656918,6.33990038944614));
#6251=CARTESIAN_POINT('',(-51.6,0.795869637674806,7.10164184875358));
#6252=CARTESIAN_POINT('',(-51.6,4.42070565481248,5.92386123117111));
#6253=CARTESIAN_POINT('Ctrl Pts',(-51.5355812901894,0.2467400802899,7.2800648577316));
#6254=CARTESIAN_POINT('Ctrl Pts',(-51.5731770980387,0.523933356839257,7.18999930251737));
#6255=CARTESIAN_POINT('Ctrl Pts',(-51.6,0.795869637674808,7.10164184875358));
#6256=CARTESIAN_POINT('Origin',(-54.2724721691137,2.013448607925E-30,-6.62660508128239E-31));
#6257=CARTESIAN_POINT('Origin',(-54.2724721691137,2.013448607925E-30,-6.62660508128239E-31));
#6258=CARTESIAN_POINT('Origin',(-54.2724721691137,2.013448607925E-30,-6.62660508128239E-31));
#6259=CARTESIAN_POINT('Origin',(-51.5,1.41527257829977E-30,-6.28808948710943E-31));
#6260=CARTESIAN_POINT('',(-51.4,7.575,-2.10248485288389E-15));
#6261=CARTESIAN_POINT('',(-51.4,-7.575,1.17481490252977E-15));
#6262=CARTESIAN_POINT('Origin',(-51.4,1.41252447620599E-30,-6.27587960461019E-31));
#6263=CARTESIAN_POINT('',(-51.5,-7.36054930794905,1.14155551389884E-15));
#6264=CARTESIAN_POINT('Origin',(-51.6,1.41802068039356E-30,-6.30029936960867E-31));
#6265=CARTESIAN_POINT('Origin',(-51.6,1.41802068039356E-30,-6.30029936960867E-31));
#6266=CARTESIAN_POINT('',(-51.6,7.,1.43761101419709));
#6267=CARTESIAN_POINT('Ctrl Pts',(-51.5355812901894,7.,2.015));
#6268=CARTESIAN_POINT('Ctrl Pts',(-51.5731770980388,7.,1.72354174089552));
#6269=CARTESIAN_POINT('Ctrl Pts',(-51.6,7.,1.43761101419709));
#6270=CARTESIAN_POINT('',(-51.6,7.,-1.43761101419709));
#6271=CARTESIAN_POINT('Origin',(-51.6,1.41802068039356E-30,-6.30029936960867E-31));
#6272=CARTESIAN_POINT('Ctrl Pts',(-51.6,7.,-1.43761101419709));
#6273=CARTESIAN_POINT('Ctrl Pts',(-51.5731770980388,7.,-1.72354174089552));
#6274=CARTESIAN_POINT('Ctrl Pts',(-51.5355812901894,7.,-2.015));
#6275=CARTESIAN_POINT('Origin',(-51.6,1.41802068039356E-30,-6.30029936960867E-31));
#6276=CARTESIAN_POINT('Origin',(-51.6,1.41802068039356E-30,-6.30029936960867E-31));
#6277=CARTESIAN_POINT('Origin',(-51.4,1.41252447620599E-30,-6.27587960461019E-31));
#6278=CARTESIAN_POINT('Origin',(-51.4,2.02903142367752E-30,-6.27587960461019E-31));
#6279=CARTESIAN_POINT('Origin',(-51.6,1.41802068039356E-30,-6.30029936960867E-31));
#6280=CARTESIAN_POINT('Origin',(-51.4,2.02903142367752E-30,-6.27587960461019E-31));
#6281=CARTESIAN_POINT('Origin',(-51.6,1.41802068039356E-30,-6.30029936960867E-31));
#6282=CARTESIAN_POINT('Origin',(-51.4,2.02903142367752E-30,-6.27587960461019E-31));
#6283=CARTESIAN_POINT('Origin',(-51.6,1.41802068039356E-30,-6.30029936960867E-31));
#6284=CARTESIAN_POINT('Origin',(-51.4,2.02903142367752E-30,-6.27587960461019E-31));
#6285=CARTESIAN_POINT('Origin',(-51.6,1.41802068039356E-30,-6.30029936960867E-31));
#6286=CARTESIAN_POINT('Origin',(-51.6,7.11054930794905,-1.97357388985438E-15));
#6287=CARTESIAN_POINT('Origin',(-51.6,7.11054930794905,-1.97357388985438E-15));
#6288=CARTESIAN_POINT('Origin',(-51.6,7.11054930794905,-1.97357388985438E-15));
#6289=CARTESIAN_POINT('Origin',(-51.6,7.11054930794905,-1.97357388985438E-15));
#6290=CARTESIAN_POINT('Origin',(-57.4724721691137,7.,2.015));
#6291=CARTESIAN_POINT('Ctrl Pts',(-53.9724721691137,7.,-1.18743420870359));
#6292=CARTESIAN_POINT('Ctrl Pts',(-53.9724721691137,7.,-1.07634420958592));
#6293=CARTESIAN_POINT('Ctrl Pts',(-53.9745435155628,7.,-0.943052303959231));
#6294=CARTESIAN_POINT('Ctrl Pts',(-53.9820572859465,7.,-0.571997666944333));
#6295=CARTESIAN_POINT('Ctrl Pts',(-53.9896294566391,7.,-0.260040706154261));
#6296=CARTESIAN_POINT('Ctrl Pts',(-53.9896294566391,7.,0.260040706154257));
#6297=CARTESIAN_POINT('Ctrl Pts',(-53.9820572859465,7.,0.571997666944329));
#6298=CARTESIAN_POINT('Ctrl Pts',(-53.9745435155628,7.,0.943052303959228));
#6299=CARTESIAN_POINT('Ctrl Pts',(-53.9724721691137,7.,1.07634420958592));
#6300=CARTESIAN_POINT('Ctrl Pts',(-53.9724721691137,7.,1.18743420870358));
#6301=CARTESIAN_POINT('',(-51.6,7.,-1.02743612940171));
#6302=CARTESIAN_POINT('',(-51.6,7.,1.0075));
#6303=CARTESIAN_POINT('',(-51.6,7.,1.0274361294017));
#6304=CARTESIAN_POINT('Ctrl Pts',(-51.6,7.,1.02743612940168));
#6305=CARTESIAN_POINT('Ctrl Pts',(-51.6,7.,0.930940703849717));
#6306=CARTESIAN_POINT('Ctrl Pts',(-51.5982348006167,7.,0.815159648531188));
#6307=CARTESIAN_POINT('Ctrl Pts',(-51.5918537719278,7.,0.494101134213595));
#6308=CARTESIAN_POINT('Ctrl Pts',(-51.5854049621774,7.,0.224626493885104));
#6309=CARTESIAN_POINT('Ctrl Pts',(-51.5854049621774,7.,-1.94289029309403E-15));
#6310=CARTESIAN_POINT('Ctrl Pts',(-51.5854049621774,7.,-0.224626493885108));
#6311=CARTESIAN_POINT('Ctrl Pts',(-51.5918537719278,7.,-0.494101134213599));
#6312=CARTESIAN_POINT('Ctrl Pts',(-51.5982348006167,7.,-0.815159648531192));
#6313=CARTESIAN_POINT('Ctrl Pts',(-51.6,7.,-0.930940703849721));
#6314=CARTESIAN_POINT('Ctrl Pts',(-51.6,7.,-1.02743612940169));
#6315=CARTESIAN_POINT('',(-51.6,7.,1.0075));
#6316=CARTESIAN_POINT('Origin',(-51.4,2.02903142367752E-30,-6.27587960461019E-31));
#6317=CARTESIAN_POINT('Origin',(-51.6,1.41802068039356E-30,-6.30029936960867E-31));
#6318=CARTESIAN_POINT('Origin',(-54.2724721691137,2.013448607925E-30,-6.62660508128239E-31));
#6319=CARTESIAN_POINT('Origin',(-51.4,8.0875,-2.24473217791399E-15));
#6320=CARTESIAN_POINT('Origin',(-51.6,7.11054930794905,-1.97357388985438E-15));
#6321=CARTESIAN_POINT('Origin',(-54.2724721691137,2.013448607925E-30,-6.62660508128239E-31));
#6322=CARTESIAN_POINT('Origin',(-7.72495625000002,-1.23875254311162E-17,
-2.07919286734804E-17));
#6323=CARTESIAN_POINT('',(-7.69698509421639,-1.65,-2.02066721859313E-16));
#6324=CARTESIAN_POINT('',(-7.69698509421639,1.65,8.71532907348429E-17));
#6325=CARTESIAN_POINT('Origin',(-7.69698509421639,2.79549236245855E-30,
0.));
#6326=CARTESIAN_POINT('Origin',(-7.69698509421639,2.79549236245855E-30,
0.));
#6327=CARTESIAN_POINT('',(-7.95500000000002,1.20310507407265,8.05521300861609E-17));
#6328=CARTESIAN_POINT('',(-7.72495625000002,1.60155253703633,8.64376650530775E-17));
#6329=CARTESIAN_POINT('Origin',(-7.95500000000002,3.01977737059829E-30,
1.0444487960024E-31));
#6330=CARTESIAN_POINT('Origin',(-7.95500000000002,1.125,-6.24500451351649E-17));
#6331=CARTESIAN_POINT('Origin',(-19.985,-4.12706418953616,-4.89155815415173));
#6332=CARTESIAN_POINT('',(-19.985,-1.65,2.02066721859313E-16));
#6333=CARTESIAN_POINT('Origin',(-19.985,1.10758373906823E-29,0.));
#6334=CARTESIAN_POINT('Origin',(-32.1748278761945,1.92900185601763E-29,
0.));
#6335=CARTESIAN_POINT('',(-32.1748278761945,-1.65,2.02066721859313E-16));
#6336=CARTESIAN_POINT('Origin',(-47.1317983100473,7.81208071895673E-16,
-7.81208071895673E-16));
#6337=CARTESIAN_POINT('',(-46.9339033613,-6.4512518008883,-2.21497283721694));
#6338=CARTESIAN_POINT('',(-46.9339033613,-4.1001107917184,-5.45104081471673));
#6339=CARTESIAN_POINT('Origin',(-46.9339033613,7.93325642673213E-16,-7.93325642673213E-16));
#6340=CARTESIAN_POINT('',(-46.8571852658804,-4.71499705720603,-5.89778183647988));
#6341=CARTESIAN_POINT('Ctrl Pts',(-46.8571852658804,-4.71499705720602,-5.89778183647988));
#6342=CARTESIAN_POINT('Ctrl Pts',(-46.8976566121691,-4.39193924106558,-5.66306659404931));
#6343=CARTESIAN_POINT('Ctrl Pts',(-46.9339033613,-4.1001107917184,-5.45104081471673));
#6344=CARTESIAN_POINT('',(-46.8571852658804,0.347883562986246,-7.54281146965623));
#6345=CARTESIAN_POINT('Origin',(-46.8571852658804,1.59604654234566E-15,
-1.59604654234566E-15));
#6346=CARTESIAN_POINT('',(-46.9339033613,0.113017908785466,-6.81996931227459));
#6347=CARTESIAN_POINT('Ctrl Pts',(-46.9339033613,0.113017908785466,-6.81996931227459));
#6348=CARTESIAN_POINT('Ctrl Pts',(-46.8976566121693,0.224486457551292,-7.16303422972399));
#6349=CARTESIAN_POINT('Ctrl Pts',(-46.8571852658804,0.347883562986245,-7.54281146965622));
#6350=CARTESIAN_POINT('',(-46.9339033613,3.91724397396608,-5.5839013347748));
#6351=CARTESIAN_POINT('Origin',(-46.9339033613,7.93325642673213E-16,-7.93325642673213E-16));
#6352=CARTESIAN_POINT('',(-46.8571852658804,4.15210962816686,-6.30674349215644));
#6353=CARTESIAN_POINT('Ctrl Pts',(-46.8571852658804,4.15210962816686,-6.30674349215643));
#6354=CARTESIAN_POINT('Ctrl Pts',(-46.8976566121693,4.02871252273191,-5.92696625222422));
#6355=CARTESIAN_POINT('Ctrl Pts',(-46.9339033613,3.91724397396608,-5.5839013347748));
#6356=CARTESIAN_POINT('',(-46.8571852658804,7.28114193242889,-2.));
#6357=CARTESIAN_POINT('Origin',(-46.8571852658804,1.59604654234566E-15,
-1.59604654234566E-15));
#6358=CARTESIAN_POINT('',(-46.9339033613,6.52110070985515,-2.));
#6359=CARTESIAN_POINT('Ctrl Pts',(-46.9339033613,6.52110070985515,-2.));
#6360=CARTESIAN_POINT('Ctrl Pts',(-46.8976566121693,6.88182051101507,-2.));
#6361=CARTESIAN_POINT('Ctrl Pts',(-46.8571852658804,7.28114193242883,-2.));
#6362=CARTESIAN_POINT('',(-46.9339033613,6.52110070985515,2.));
#6363=CARTESIAN_POINT('Origin',(-46.9339033613,7.93325642673213E-16,-7.93325642673213E-16));
#6364=CARTESIAN_POINT('',(-46.8571852658804,7.28114193242889,2.));
#6365=CARTESIAN_POINT('Ctrl Pts',(-46.8571852658804,7.28114193242883,2.));
#6366=CARTESIAN_POINT('Ctrl Pts',(-46.8976566121692,6.88182051101549,2.));
#6367=CARTESIAN_POINT('Ctrl Pts',(-46.9339033613,6.52110070985515,2.));
#6368=CARTESIAN_POINT('',(-46.8571852658803,6.10874947831173,4.43826628892404));
#6369=CARTESIAN_POINT('Origin',(-46.8571852658804,1.59604654234566E-15,
-1.59604654234566E-15));
#6370=CARTESIAN_POINT('',(-47.1289594205272,4.01682702451749,2.91839566095319));
#6371=CARTESIAN_POINT('',(-47.1317983100473,3.99497528979786,2.90251944636869));
#6372=CARTESIAN_POINT('',(-47.1289594205272,-4.85209948667446,-1.05312067218239));
#6373=CARTESIAN_POINT('Origin',(-47.1289594205272,7.81381903743871E-16,
-7.81381903743871E-16));
#6374=CARTESIAN_POINT('Origin',(-47.1289594205272,7.81381903743871E-16,
-7.81381903743871E-16));
#6375=CARTESIAN_POINT('',(-46.8571852658804,4.15210962816686,6.30674349215643));
#6376=CARTESIAN_POINT('Origin',(-46.8571852658804,1.59604654234566E-15,
-1.59604654234566E-15));
#6377=CARTESIAN_POINT('',(-46.9339033613,3.91724397396608,5.5839013347748));
#6378=CARTESIAN_POINT('Ctrl Pts',(-46.9339033613,3.91724397396608,5.5839013347748));
#6379=CARTESIAN_POINT('Ctrl Pts',(-46.8976566121692,4.02871252273233,5.92696625222548));
#6380=CARTESIAN_POINT('Ctrl Pts',(-46.8571852658804,4.15210962816686,6.30674349215642));
#6381=CARTESIAN_POINT('',(-46.9339033613,0.113017908785468,6.81996931227459));
#6382=CARTESIAN_POINT('Origin',(-46.9339033613,7.93325642673213E-16,-7.93325642673213E-16));
#6383=CARTESIAN_POINT('',(-46.8571852658804,0.347883562986248,7.54281146965622));
#6384=CARTESIAN_POINT('Ctrl Pts',(-46.8571852658804,0.347883562986244,7.54281146965621));
#6385=CARTESIAN_POINT('Ctrl Pts',(-46.8976566121692,0.224486457551668,7.16303422972514));
#6386=CARTESIAN_POINT('Ctrl Pts',(-46.9339033613,0.113017908785468,6.81996931227459));
#6387=CARTESIAN_POINT('',(-46.8571852658804,-4.71499705720602,5.89778183647988));
#6388=CARTESIAN_POINT('Origin',(-46.8571852658804,1.59604654234566E-15,
-1.59604654234566E-15));
#6389=CARTESIAN_POINT('',(-46.9339033613,-4.1001107917184,5.45104081471673));
#6390=CARTESIAN_POINT('Ctrl Pts',(-46.9339033613,-4.1001107917184,5.45104081471673));
#6391=CARTESIAN_POINT('Ctrl Pts',(-46.8976566121691,-4.39193924106552,5.66306659404927));
#6392=CARTESIAN_POINT('Ctrl Pts',(-46.8571852658804,-4.71499705720601,5.89778183647987));
#6393=CARTESIAN_POINT('',(-46.9339033613,-6.45125180088829,2.21497283721694));
#6394=CARTESIAN_POINT('Origin',(-46.9339033613,7.93325642673213E-16,-7.93325642673213E-16));
#6395=CARTESIAN_POINT('',(-46.8571852658804,-7.06613806637592,2.66171385898009));
#6396=CARTESIAN_POINT('Ctrl Pts',(-46.8571852658804,-7.06613806637591,2.66171385898009));
#6397=CARTESIAN_POINT('Ctrl Pts',(-46.8976566121691,-6.74308025023544,2.4269986165495));
#6398=CARTESIAN_POINT('Ctrl Pts',(-46.9339033613,-6.45125180088829,2.21497283721694));
#6399=CARTESIAN_POINT('',(-46.8571852658804,-7.06613806637592,-2.66171385898009));
#6400=CARTESIAN_POINT('Origin',(-46.8571852658804,1.59604654234566E-15,
-1.59604654234566E-15));
#6401=CARTESIAN_POINT('Ctrl Pts',(-46.9339033613,-6.4512518008883,-2.21497283721694));
#6402=CARTESIAN_POINT('Ctrl Pts',(-46.897656612169,-6.74308025023674,-2.42699861655044));
#6403=CARTESIAN_POINT('Ctrl Pts',(-46.8571852658804,-7.06613806637591,-2.66171385898009));
#6404=CARTESIAN_POINT('Origin',(-47.2588208699775,7.73430183323773E-16,
-7.73430183323773E-16));
#6405=CARTESIAN_POINT('',(-47.2769428570048,3.98022460644466,2.89180244759544));
#6406=CARTESIAN_POINT('',(-47.2588208699775,3.98470692258268,2.89505904089368));
#6407=CARTESIAN_POINT('',(-47.2769428570048,-4.91982817928295,6.02505183211381E-16));
#6408=CARTESIAN_POINT('Origin',(-47.2769428570048,3.02188250363416E-29,
0.));
#6409=CARTESIAN_POINT('Origin',(-47.2769428570048,3.02188250363416E-29,
0.));
#6410=CARTESIAN_POINT('Origin',(-55.3399731409754,2.78602320218777E-16,
-2.78602320218777E-16));
#6411=CARTESIAN_POINT('',(-58.9734281055058,-2.37131581684015,-4.19499774326572));
#6412=CARTESIAN_POINT('',(-58.9734281055058,-4.72245682601004,-0.958929765765929));
#6413=CARTESIAN_POINT('Origin',(-58.9734281055058,5.61173706108652E-17,
-5.61173706108652E-17));
#6414=CARTESIAN_POINT('',(-50.3109187097851,-5.38709446710387,-1.44181727773376));
#6415=CARTESIAN_POINT('Ctrl Pts',(-50.3109187097895,-5.38709446710354,-1.44181727773352));
#6416=CARTESIAN_POINT('Ctrl Pts',(-55.0132178355535,-5.03054842823015,-1.18277141730015));
#6417=CARTESIAN_POINT('Ctrl Pts',(-58.9734281055058,-4.72245682601004,-0.958929765765929));
#6418=CARTESIAN_POINT('',(-50.3109187097851,-3.03595345793398,-4.67788525523355));
#6419=CARTESIAN_POINT('Origin',(-50.3109187097852,5.86543090813523E-16,
-5.86543090813523E-16));
#6420=CARTESIAN_POINT('Ctrl Pts',(-58.9734281055058,-2.37131581684015,-4.19499774326572));
#6421=CARTESIAN_POINT('Ctrl Pts',(-55.0132178355883,-2.67940741905759,-4.418839394798));
#6422=CARTESIAN_POINT('Ctrl Pts',(-50.3109187097851,-3.03595345793398,-4.67788525523355));
#6423=CARTESIAN_POINT('Origin',(-62.3886823194278,-5.06362010632317,-3.67893535290681));
#6424=CARTESIAN_POINT('',(-62.3886823194278,-6.23525909750565,-2.0580449524706));
#6425=CARTESIAN_POINT('',(-62.3886823194278,-6.00389349400558,-1.88994800201017));
#6426=CARTESIAN_POINT('',(-62.3886823194278,-7.75246552962127,-3.16035994916587));
#6427=CARTESIAN_POINT('',(-62.3886823194278,-3.65275248483568,-5.12601597950996));
#6428=CARTESIAN_POINT('Origin',(-62.3886823194278,-1.5300663645684E-16,
1.5300663645684E-16));
#6429=CARTESIAN_POINT('',(-62.3886823194278,-3.88411808833576,-5.29411292997039));
#6430=CARTESIAN_POINT('',(-62.3886823194278,-2.97427353732653,-4.63307216978825));
#6431=CARTESIAN_POINT('Origin',(-62.3886823194278,-1.5300663645684E-16,
1.5300663645684E-16));
#6432=CARTESIAN_POINT('Origin',(-61.4386823194278,-9.48359134973409E-17,
9.48359134973409E-17));
#6433=CARTESIAN_POINT('',(-60.4886823194278,-7.27493628965936,-2.81341464796747));
#6434=CARTESIAN_POINT('Ctrl Pts',(-60.4886823194278,-7.27493628965936,-2.81341464796747));
#6435=CARTESIAN_POINT('Ctrl Pts',(-61.5271928059882,-6.71044991804604,-2.40329129251096));
#6436=CARTESIAN_POINT('Ctrl Pts',(-62.3886823194278,-6.23525909750565,-2.0580449524706));
#6437=CARTESIAN_POINT('',(-60.4886823194278,-4.92379528048947,-6.04948262546726));
#6438=CARTESIAN_POINT('Ctrl Pts',(-62.3886823194278,-3.88411808833576,-5.29411292997039));
#6439=CARTESIAN_POINT('Ctrl Pts',(-61.5271928059882,-4.35930890887615,-5.63935927001075));
#6440=CARTESIAN_POINT('Ctrl Pts',(-60.4886823194278,-4.92379528048947,-6.04948262546726));
#6441=CARTESIAN_POINT('Origin',(-60.4886823194278,-3.66651905378416E-17,
3.66651905378416E-17));
#6442=CARTESIAN_POINT('Origin',(-49.128053600347,6.5897268931835E-16,-6.5897268931835E-16));
#6443=CARTESIAN_POINT('',(-49.2146561407254,-7.48869016530383,-2.96871592914915));
#6444=CARTESIAN_POINT('',(-49.2146561407254,6.51717069281642,4.73500167060129));
#6445=CARTESIAN_POINT('Origin',(-49.2146561407254,6.53669813124726E-16,
-6.53669813124726E-16));
#6446=CARTESIAN_POINT('Origin',(-49.2146561407254,6.53669813124726E-16,
-6.53669813124726E-16));
#6447=CARTESIAN_POINT('',(-49.0414510599686,6.59807239225395,4.79378019583056));
#6448=CARTESIAN_POINT('',(-49.128053600347,6.55762154253518,4.76439093321592));
#6449=CARTESIAN_POINT('',(-49.0414510599686,4.34539782766577,6.90162340168446));
#6450=CARTESIAN_POINT('Origin',(-49.0414510599686,6.64275565511974E-16,
-6.64275565511974E-16));
#6451=CARTESIAN_POINT('Origin',(-49.0414510599686,6.64275565511974E-16,
-6.64275565511974E-16));
#6452=CARTESIAN_POINT('Origin',(-39.6531546106349,1.23914292531812E-15,
-1.23914292531812E-15));
#6453=CARTESIAN_POINT('',(-46.8571852658804,-5.03458502893689,-6.12997608938133));
#6454=CARTESIAN_POINT('',(-46.8571852658804,-7.38572603810679,-2.89390811188154));
#6455=CARTESIAN_POINT('Origin',(-46.8571852658804,7.98023271172829E-16,
-7.98023271172829E-16));
#6456=CARTESIAN_POINT('',(-46.917626901842,-7.38572603810679,-2.89390811188154));
#6457=CARTESIAN_POINT('',(-39.6531546106349,-7.38572603810679,-2.89390811188154));
#6458=CARTESIAN_POINT('',(-46.917626901842,-5.03458502893689,-6.12997608938133));
#6459=CARTESIAN_POINT('Origin',(-46.917626901842,7.94322288372047E-16,-7.94322288372047E-16));
#6460=CARTESIAN_POINT('',(-39.6531546106349,-5.03458502893689,-6.12997608938134));
#6461=CARTESIAN_POINT('Origin',(-46.7349989822264,8.0550502323166E-16,-8.0550502323166E-16));
#6462=CARTESIAN_POINT('',(-46.85718524467,-6.56743966629436,-2.2993882626726));
#6463=CARTESIAN_POINT('',(-46.85718524467,-4.21629865712446,-5.5354562401724));
#6464=CARTESIAN_POINT('Origin',(-46.8571852658804,7.98023271172829E-16,
-7.98023271172829E-16));
#6465=CARTESIAN_POINT('Ctrl Pts',(-46.8571852364003,-4.21629864868951,-5.53545623404404));
#6466=CARTESIAN_POINT('Ctrl Pts',(-46.8637086146835,-4.21204663518063,-5.53236696540019));
#6467=CARTESIAN_POINT('Ctrl Pts',(-46.869770839596,-4.20753988631691,-5.52909262068766));
#6468=CARTESIAN_POINT('Ctrl Pts',(-46.8930366360734,-4.18822004180443,-5.51505593201489));
#6469=CARTESIAN_POINT('Ctrl Pts',(-46.9096939754606,-4.1673780747997,-5.49991335661867));
#6470=CARTESIAN_POINT('Ctrl Pts',(-46.926438247681,-4.13382595397115,-5.47553631393195));
#6471=CARTESIAN_POINT('Ctrl Pts',(-46.9318515349223,-4.11663037828832,-5.46304299690484));
#6472=CARTESIAN_POINT('Ctrl Pts',(-46.9339033613,-4.1001107917184,-5.45104081471673));
#6473=CARTESIAN_POINT('Ctrl Pts',(-46.9339033613,-6.4512518008883,-2.21497283721694));
#6474=CARTESIAN_POINT('Ctrl Pts',(-46.9318515349223,-6.46777138745822,-2.22697501940505));
#6475=CARTESIAN_POINT('Ctrl Pts',(-46.926438247681,-6.48496696314104,-2.23946833643216));
#6476=CARTESIAN_POINT('Ctrl Pts',(-46.9096939754606,-6.51851908396959,-2.26384537911888));
#6477=CARTESIAN_POINT('Ctrl Pts',(-46.8930366360734,-6.53936105097432,-2.2789879545151));
#6478=CARTESIAN_POINT('Ctrl Pts',(-46.869770839596,-6.5586808954868,-2.29302464318787));
#6479=CARTESIAN_POINT('Ctrl Pts',(-46.8637086146835,-6.56318764435053,-2.2962989879004));
#6480=CARTESIAN_POINT('Ctrl Pts',(-46.8571852364003,-6.5674396578594,-2.29938825654425));
#6481=CARTESIAN_POINT('Origin',(-48.8000195445841,6.79058982138416E-16,
-6.79058982138416E-16));
#6482=CARTESIAN_POINT('',(-46.917626901842,6.41748126131131,4.66257305902015));
#6483=CARTESIAN_POINT('',(-48.8000195445841,6.57754320190566,4.77886486597701));
#6484=CARTESIAN_POINT('',(-46.917626901842,7.67617439027947,2.));
#6485=CARTESIAN_POINT('Origin',(-46.917626901842,1.58864457674409E-15,-1.58864457674409E-15));
#6486=CARTESIAN_POINT('',(-46.917626901842,7.67617439027947,-2.));
#6487=CARTESIAN_POINT('Origin',(-46.917626901842,7.94322288372047E-16,-7.94322288372047E-16));
#6488=CARTESIAN_POINT('',(-46.917626901842,4.27418137097241,-6.68244168534337));
#6489=CARTESIAN_POINT('Origin',(-46.917626901842,1.58864457674409E-15,-1.58864457674409E-15));
#6490=CARTESIAN_POINT('',(-46.917626901842,0.469955305791798,-7.91850966284316));
#6491=CARTESIAN_POINT('Origin',(-46.917626901842,7.94322288372047E-16,-7.94322288372047E-16));
#6492=CARTESIAN_POINT('Origin',(-46.917626901842,1.58864457674409E-15,-1.58864457674409E-15));
#6493=CARTESIAN_POINT('',(-46.917626901842,-7.38572603810679,2.89390811188154));
#6494=CARTESIAN_POINT('Origin',(-46.917626901842,1.58864457674409E-15,-1.58864457674409E-15));
#6495=CARTESIAN_POINT('',(-46.917626901842,-5.03458502893689,6.12997608938134));
#6496=CARTESIAN_POINT('Origin',(-46.917626901842,7.94322288372047E-16,-7.94322288372047E-16));
#6497=CARTESIAN_POINT('',(-46.917626901842,0.469955305791799,7.91850966284316));
#6498=CARTESIAN_POINT('Origin',(-46.917626901842,1.58864457674409E-15,-1.58864457674409E-15));
#6499=CARTESIAN_POINT('',(-46.917626901842,4.27418137097241,6.68244168534337));
#6500=CARTESIAN_POINT('Origin',(-46.917626901842,7.94322288372047E-16,-7.94322288372047E-16));
#6501=CARTESIAN_POINT('Origin',(-46.917626901842,1.58864457674409E-15,-1.58864457674409E-15));
#6502=CARTESIAN_POINT('Origin',(-60.3624933988827,-2.89383476561716E-17,
2.89383476561716E-17));
#6503=CARTESIAN_POINT('',(-60.0630993975807,-4.92379528048947,-6.04948262546726));
#6504=CARTESIAN_POINT('',(-60.0630993975807,-7.27493628965936,-2.81341464796747));
#6505=CARTESIAN_POINT('Origin',(-60.0630993975807,-1.0605752387252E-17,
1.0605752387252E-17));
#6506=CARTESIAN_POINT('',(-60.3624933988827,-7.27493628965936,-2.81341464796747));
#6507=CARTESIAN_POINT('',(-60.3624933988827,-4.92379528048947,-6.04948262546726));
#6508=CARTESIAN_POINT('Origin',(-54.2513573199268,3.45260814256191E-16,
-3.45260814256191E-16));
#6509=CARTESIAN_POINT('',(-49.9973502691919,-6.34885306500976,-2.14057580078719));
#6510=CARTESIAN_POINT('',(-49.9973502691919,-3.99771205583987,-5.37664377828698));
#6511=CARTESIAN_POINT('Origin',(-49.9973502691919,6.05743620167832E-16,
-6.05743620167832E-16));
#6512=CARTESIAN_POINT('',(-58.3898943168238,-6.34885306500976,-2.14057580078719));
#6513=CARTESIAN_POINT('',(-54.2513573199268,-6.34885306500976,-2.14057580078719));
#6514=CARTESIAN_POINT('',(-58.3898943168238,-3.99771205583987,-5.37664377828698));
#6515=CARTESIAN_POINT('Origin',(-58.3898943168238,9.18485099360516E-17,
-9.18485099360516E-17));
#6516=CARTESIAN_POINT('',(-54.2513573199268,-3.99771205583987,-5.37664377828698));
#6517=CARTESIAN_POINT('Origin',(-49.6798076211378,6.25187499544446E-16,
-6.25187499544446E-16));
#6518=CARTESIAN_POINT('',(-49.8241451884351,-6.60262148770979,-2.32494935214361));
#6519=CARTESIAN_POINT('Ctrl Pts',(-49.9973502691917,-6.34885306501006,-2.14057580078741));
#6520=CARTESIAN_POINT('Ctrl Pts',(-49.9128209645265,-6.47295878997998,-2.230743887947));
#6521=CARTESIAN_POINT('Ctrl Pts',(-49.8241451884351,-6.60262148770979,-2.32494935214361));
#6522=CARTESIAN_POINT('',(-49.8241451884351,-4.2514804785399,-5.5610173296434));
#6523=CARTESIAN_POINT('Ctrl Pts',(-49.8241451884351,-4.2514804785399,-5.5610173296434));
#6524=CARTESIAN_POINT('Ctrl Pts',(-49.9128209645265,-4.12181778081007,-5.46681186544678));
#6525=CARTESIAN_POINT('Ctrl Pts',(-49.9973502691919,-3.99771205583987,-5.37664377828698));
#6526=CARTESIAN_POINT('',(-49.8241451884351,0.170835984284849,-6.9979150513902));
#6527=CARTESIAN_POINT('Origin',(-49.8241451884351,1.23269874511015E-15,
-1.23269874511015E-15));
#6528=CARTESIAN_POINT('',(-49.9973502691919,0.0739050720848883,-6.699592378669));
#6529=CARTESIAN_POINT('Ctrl Pts',(-49.9973502691917,0.0739050720850024,
-6.69959237866934));
#6530=CARTESIAN_POINT('Ctrl Pts',(-49.9128209645265,0.121309240825068,-6.84548740839412));
#6531=CARTESIAN_POINT('Ctrl Pts',(-49.8241451884351,0.17083598428485,-6.99791505139019));
#6532=CARTESIAN_POINT('',(-49.9973502691919,3.8781311372655,-5.46352440116921));
#6533=CARTESIAN_POINT('Origin',(-49.9973502691919,6.05743620167832E-16,
-6.05743620167832E-16));
#6534=CARTESIAN_POINT('',(-49.8241451884351,3.97506204946546,-5.76184707389041));
#6535=CARTESIAN_POINT('Ctrl Pts',(-49.8241451884351,3.97506204946546,-5.76184707389041));
#6536=CARTESIAN_POINT('Ctrl Pts',(-49.9128209645265,3.92553530600567,-5.60941943089431));
#6537=CARTESIAN_POINT('Ctrl Pts',(-49.9973502691919,3.8781311372655,-5.46352440116921));
#6538=CARTESIAN_POINT('',(-49.8241451884351,6.70820393249937,-2.));
#6539=CARTESIAN_POINT('Origin',(-49.8241451884351,1.23269874511015E-15,
-1.23269874511015E-15));
#6540=CARTESIAN_POINT('',(-49.9973502691919,6.39452891149923,-2.));
#6541=CARTESIAN_POINT('Ctrl Pts',(-49.9973502691917,6.3945289114996,-2.));
#6542=CARTESIAN_POINT('Ctrl Pts',(-49.9128209645265,6.54793202395932,-2.));
#6543=CARTESIAN_POINT('Ctrl Pts',(-49.8241451884351,6.70820393249937,-2.));
#6544=CARTESIAN_POINT('',(-49.9973502691919,6.39452891149923,2.));
#6545=CARTESIAN_POINT('Origin',(-49.9973502691919,6.05743620167832E-16,
-6.05743620167832E-16));
#6546=CARTESIAN_POINT('',(-49.8241451884351,6.70820393249937,2.));
#6547=CARTESIAN_POINT('Ctrl Pts',(-49.8241451884351,6.70820393249937,2.));
#6548=CARTESIAN_POINT('Ctrl Pts',(-49.9128209645265,6.5479320239593,2.));
#6549=CARTESIAN_POINT('Ctrl Pts',(-49.9973502691919,6.39452891149923,2.));
#6550=CARTESIAN_POINT('',(-49.8241451884351,5.66311896062463,4.11449676604731));
#6551=CARTESIAN_POINT('Origin',(-49.8241451884351,1.23269874511015E-15,
-1.23269874511015E-15));
#6552=CARTESIAN_POINT('',(-49.6798076211378,5.86537320921837,4.26144307912043));
#6553=CARTESIAN_POINT('',(-49.8241451884351,3.97506204946547,5.7618470738904));
#6554=CARTESIAN_POINT('Origin',(-49.8241451884351,1.23269874511015E-15,
-1.23269874511015E-15));
#6555=CARTESIAN_POINT('',(-49.9973502691919,3.8781311372655,5.4635244011692));
#6556=CARTESIAN_POINT('Ctrl Pts',(-49.9973502691917,3.87813113726562,5.46352440116955));
#6557=CARTESIAN_POINT('Ctrl Pts',(-49.9128209645265,3.92553530600568,5.60941943089433));
#6558=CARTESIAN_POINT('Ctrl Pts',(-49.8241451884351,3.97506204946547,5.7618470738904));
#6559=CARTESIAN_POINT('',(-49.9973502691919,0.0739050720848897,6.69959237866899));
#6560=CARTESIAN_POINT('Origin',(-49.9973502691919,6.05743620167832E-16,
-6.05743620167832E-16));
#6561=CARTESIAN_POINT('',(-49.8241451884351,0.170835984284851,6.99791505139019));
#6562=CARTESIAN_POINT('Ctrl Pts',(-49.8241451884351,0.17083598428485,6.99791505139019));
#6563=CARTESIAN_POINT('Ctrl Pts',(-49.9128209645265,0.121309240825062,6.8454874083941));
#6564=CARTESIAN_POINT('Ctrl Pts',(-49.9973502691919,0.0739050720848894,
6.69959237866899));
#6565=CARTESIAN_POINT('',(-49.8241451884351,-4.25148047853989,5.5610173296434));
#6566=CARTESIAN_POINT('Origin',(-49.8241451884351,1.23269874511015E-15,
-1.23269874511015E-15));
#6567=CARTESIAN_POINT('',(-49.9973502691919,-3.99771205583987,5.37664377828698));
#6568=CARTESIAN_POINT('Ctrl Pts',(-49.9973502691917,-3.99771205584016,5.3766437782872));
#6569=CARTESIAN_POINT('Ctrl Pts',(-49.9128209645265,-4.12181778081009,5.46681186544679));
#6570=CARTESIAN_POINT('Ctrl Pts',(-49.8241451884351,-4.25148047853989,5.5610173296434));
#6571=CARTESIAN_POINT('',(-49.9973502691919,-6.34885306500976,2.14057580078719));
#6572=CARTESIAN_POINT('Origin',(-49.9973502691919,6.05743620167832E-16,
-6.05743620167832E-16));
#6573=CARTESIAN_POINT('',(-49.8241451884351,-6.60262148770979,2.32494935214361));
#6574=CARTESIAN_POINT('Ctrl Pts',(-49.8241451884351,-6.60262148770979,2.32494935214361));
#6575=CARTESIAN_POINT('Ctrl Pts',(-49.9128209645265,-6.47295878997996,2.23074388794699));
#6576=CARTESIAN_POINT('Ctrl Pts',(-49.9973502691919,-6.34885306500976,2.14057580078719));
#6577=CARTESIAN_POINT('Origin',(-49.8241451884351,1.23269874511015E-15,
-1.23269874511015E-15));
#6578=CARTESIAN_POINT('Origin',(-58.2965930466346,9.75615650307321E-17,
-9.75615650307321E-17));
#6579=CARTESIAN_POINT('',(-58.9870224460348,-3.86192308345599,-5.27798731501595));
#6580=CARTESIAN_POINT('Ctrl Pts',(-58.3898943168238,-3.99771205583987,-5.37664377828698));
#6581=CARTESIAN_POINT('Ctrl Pts',(-58.6924288639819,-3.92899709245064,-5.32671943507438));
#6582=CARTESIAN_POINT('Ctrl Pts',(-58.9870224460348,-3.86192308345599,-5.27798731501595));
#6583=CARTESIAN_POINT('',(-58.9870224460348,-6.21306409262588,-2.04191933751616));
#6584=CARTESIAN_POINT('Ctrl Pts',(-58.9870224460348,-6.21306409262588,-2.04191933751616));
#6585=CARTESIAN_POINT('Ctrl Pts',(-58.6924288638913,-6.28013810164114,-2.09065145758956));
#6586=CARTESIAN_POINT('Ctrl Pts',(-58.3898943168238,-6.34885306500976,-2.14057580078719));
#6587=CARTESIAN_POINT('Origin',(-58.9870224460348,5.52849573300955E-17,
-5.52849573300955E-17));
#6588=CARTESIAN_POINT('Origin',(-59.6993687279913,1.16663276259723E-17,
-1.16663276259723E-17));
#6589=CARTESIAN_POINT('',(-59.3356380584018,-6.21306409262588,-2.04191933751616));
#6590=CARTESIAN_POINT('',(-59.3356380584018,-3.86192308345599,-5.27798731501595));
#6591=CARTESIAN_POINT('Origin',(-59.3356380584018,3.39384076391967E-17,
-3.39384076391967E-17));
#6592=CARTESIAN_POINT('Ctrl Pts',(-60.0630993975812,-7.27493628966001,-2.81341464796795));
#6593=CARTESIAN_POINT('Ctrl Pts',(-59.6646879017095,-6.69734890215187,-2.39377284730377));
#6594=CARTESIAN_POINT('Ctrl Pts',(-59.3356380584018,-6.21306409262588,-2.04191933751616));
#6595=CARTESIAN_POINT('Ctrl Pts',(-60.0630993975812,-4.92379528049012,-6.04948262546774));
#6596=CARTESIAN_POINT('Ctrl Pts',(-59.6646879017095,-4.34620789298203,-5.6298408248036));
#6597=CARTESIAN_POINT('Ctrl Pts',(-59.3356380584018,-3.86192308345599,-5.27798731501595));
#6598=CARTESIAN_POINT('Origin',(-59.094475586478,4.87053501049943E-17,-4.87053501049943E-17));
#6599=CARTESIAN_POINT('',(-59.094475586478,-3.86192308345599,-5.27798731501595));
#6600=CARTESIAN_POINT('',(-59.094475586478,-6.21306409262588,-2.04191933751616));
#6601=CARTESIAN_POINT('Origin',(-49.2267185299083,6.52931204809583E-16,
-6.52931204809583E-16));
#6602=CARTESIAN_POINT('',(-49.2443495300355,-4.89142351322673,-1.08169124984503));
#6603=CARTESIAN_POINT('',(-49.2443495300355,-2.54028250405684,-4.31775922734482));
#6604=CARTESIAN_POINT('Origin',(-49.2443495300354,3.14798333311742E-29,
0.));
#6605=CARTESIAN_POINT('Ctrl Pts',(-49.2443495300355,-2.54028250405684,-4.31775922734482));
#6606=CARTESIAN_POINT('Ctrl Pts',(-49.7442897132637,-2.77484151245524,-4.48817632227303));
#6607=CARTESIAN_POINT('Ctrl Pts',(-50.3109187097806,-3.03595345793189,-4.67788525523204));
#6608=CARTESIAN_POINT('Ctrl Pts',(-49.2443495300355,-4.89142351322673,-1.08169124984503));
#6609=CARTESIAN_POINT('Ctrl Pts',(-49.7442897132637,-5.12598252162513,-1.25210834477324));
#6610=CARTESIAN_POINT('Ctrl Pts',(-50.3109187097806,-5.38709446710179,-1.44181727773224));
#6611=CARTESIAN_POINT('Origin',(-62.3886823194278,-2.06049747291484,-3.96917499791979));
#6612=CARTESIAN_POINT('',(-49.2006649481239,-2.54777403375171,-4.32320214226796));
#6613=CARTESIAN_POINT('Ctrl Pts',(-49.2443495300355,-2.54028250405684,-4.31775922734482));
#6614=CARTESIAN_POINT('Ctrl Pts',(-49.2225292350235,-2.54402509699975,-4.32047838028286));
#6615=CARTESIAN_POINT('Ctrl Pts',(-49.2006649481239,-2.54777403375171,-4.32320214226796));
#6616=CARTESIAN_POINT('Ctrl Pts',(-49.2006649481239,-2.54777403375171,-4.32320214226796));
#6617=CARTESIAN_POINT('Ctrl Pts',(-49.4543623694079,-3.2591476776018,-4.84004534782719));
#6618=CARTESIAN_POINT('Ctrl Pts',(-49.8241451884351,-4.2514804785399,-5.5610173296434));
#6619=CARTESIAN_POINT('',(-61.0268134667184,-2.47211948958374,-4.26823589849307));
#6620=CARTESIAN_POINT('Ctrl Pts',(-62.3886823194278,-3.65275248483568,-5.12601597950996));
#6621=CARTESIAN_POINT('Ctrl Pts',(-61.6128998020059,-2.99082754027681,-4.64509935694035));
#6622=CARTESIAN_POINT('Ctrl Pts',(-61.0268134667184,-2.47211948958374,-4.26823589849307));
#6623=CARTESIAN_POINT('',(-60.952675156032,-2.47211948958374,-4.26823589849307));
#6624=CARTESIAN_POINT('',(-69.632,-2.47211948958374,-4.26823589849307));
#6625=CARTESIAN_POINT('',(-58.9865060227021,-2.38073077870361,-4.20183811345907));
#6626=CARTESIAN_POINT('Ctrl Pts',(-60.952675156032,-2.47211948958374,-4.26823589849307));
#6627=CARTESIAN_POINT('Ctrl Pts',(-59.9571193310243,-2.42594280288621,-4.23468657180494));
#6628=CARTESIAN_POINT('Ctrl Pts',(-58.9865060227021,-2.38073077870362,-4.20183811345907));
#6629=CARTESIAN_POINT('Ctrl Pts',(-58.9865060227021,-2.38073077870362,-4.20183811345907));
#6630=CARTESIAN_POINT('Ctrl Pts',(-58.9799583970027,-2.37601813066324,-4.19841417423822));
#6631=CARTESIAN_POINT('Ctrl Pts',(-58.9734281055058,-2.37131581684015,-4.19499774326572));
#6632=CARTESIAN_POINT('Origin',(-62.3886823194278,-2.06049747291484,-3.96917499791979));
#6633=CARTESIAN_POINT('Ctrl Pts',(-46.917626901842,-5.0345850289369,-6.12997608938134));
#6634=CARTESIAN_POINT('Ctrl Pts',(-46.8866079323769,-4.87085262902144,-6.01101753763038));
#6635=CARTESIAN_POINT('Ctrl Pts',(-46.8571852658804,-4.71499705720598,-5.89778183647985));
#6636=CARTESIAN_POINT('',(-46.8571852658804,-0.442463484164948,-2.79360449333484));
#6637=CARTESIAN_POINT('Origin',(-62.3886823194278,-2.06049747291484,-3.96917499791979));
#6638=CARTESIAN_POINT('',(-46.8571852658804,-0.442463484164948,-2.79360449333484));
#6639=CARTESIAN_POINT('Origin',(-46.8571852658804,5.87785252292473,-8.09016994374948));
#6640=CARTESIAN_POINT('',(-46.8571852658804,-5.22065547645968,-1.32089227271247));
#6641=CARTESIAN_POINT('',(-46.8571852658804,-5.22065547645968,-1.32089227271247));
#6642=CARTESIAN_POINT('Origin',(-62.3886823194278,-9.26574044833442,-4.25981853417484));
#6643=CARTESIAN_POINT('',(-49.2006649481239,-4.89891504292161,-1.08713416476817));
#6644=CARTESIAN_POINT('Ctrl Pts',(-49.2006649481239,-4.89891504292161,-1.08713416476817));
#6645=CARTESIAN_POINT('Ctrl Pts',(-49.2225292350235,-4.89516610616964,-1.08441040278307));
#6646=CARTESIAN_POINT('Ctrl Pts',(-49.2443495300355,-4.89142351322673,-1.08169124984503));
#6647=CARTESIAN_POINT('',(-58.9865060227021,-4.73187178787351,-0.965770135959284));
#6648=CARTESIAN_POINT('Ctrl Pts',(-58.9734281055058,-4.72245682601004,-0.958929765765929));
#6649=CARTESIAN_POINT('Ctrl Pts',(-58.9799583970027,-4.72715913983313,-0.962346196738427));
#6650=CARTESIAN_POINT('Ctrl Pts',(-58.9865060227021,-4.73187178787351,-0.965770135959285));
#6651=CARTESIAN_POINT('',(-60.952675156032,-4.82326049875363,-1.03216792099328));
#6652=CARTESIAN_POINT('Ctrl Pts',(-58.9865060227021,-4.73187178787351,-0.965770135959284));
#6653=CARTESIAN_POINT('Ctrl Pts',(-59.9571193347601,-4.77708381222975,-0.99861859443131));
#6654=CARTESIAN_POINT('Ctrl Pts',(-60.952675156032,-4.82326049875363,-1.03216792099328));
#6655=CARTESIAN_POINT('',(-61.0268134667184,-4.82326049875363,-1.03216792099328));
#6656=CARTESIAN_POINT('',(-69.632,-4.82326049875363,-1.03216792099328));
#6657=CARTESIAN_POINT('Ctrl Pts',(-61.0268134667184,-4.82326049875363,-1.03216792099328));
#6658=CARTESIAN_POINT('Ctrl Pts',(-61.6128998020056,-5.34196854944642,-1.40903137944035));
#6659=CARTESIAN_POINT('Ctrl Pts',(-62.3886823194278,-6.00389349400558,-1.88994800201017));
#6660=CARTESIAN_POINT('Ctrl Pts',(-49.8241451884351,-6.60262148770982,-2.32494935214363));
#6661=CARTESIAN_POINT('Ctrl Pts',(-49.4543623694079,-5.61028868677174,-1.60397737032744));
#6662=CARTESIAN_POINT('Ctrl Pts',(-49.2006649481239,-4.89891504292161,-1.08713416476817));
#6663=CARTESIAN_POINT('Origin',(-62.3886823194278,-9.26574044833442,-4.25981853417484));
#6664=CARTESIAN_POINT('Ctrl Pts',(-46.8571852658804,-7.06613806637592,-2.66171385898009));
#6665=CARTESIAN_POINT('Ctrl Pts',(-46.8866079323756,-7.22199363818448,-2.7749495601256));
#6666=CARTESIAN_POINT('Ctrl Pts',(-46.917626901842,-7.38572603810684,-2.89390811188158));
#6667=CARTESIAN_POINT('Origin',(-62.3886823194278,-9.26574044833442,-4.25981853417484));
#6668=CARTESIAN_POINT('Origin',(-55.3399731409754,2.78602320218777E-16,
-2.78602320218777E-16));
#6669=CARTESIAN_POINT('',(-58.9734281055058,-0.547323012038004,4.78764893133304));
#6670=CARTESIAN_POINT('',(-58.9734281055058,3.25690305314261,3.55158095383325));
#6671=CARTESIAN_POINT('Origin',(-58.9734281055058,5.61173706108653E-17,
-5.61173706108653E-17));
#6672=CARTESIAN_POINT('',(-50.3109187097851,3.5107720418379,4.33290936094007));
#6673=CARTESIAN_POINT('Ctrl Pts',(-50.3109187097895,3.51077204183777,4.33290936093968));
#6674=CARTESIAN_POINT('Ctrl Pts',(-55.0132178355535,3.37458357354228,3.91376435411352));
#6675=CARTESIAN_POINT('Ctrl Pts',(-58.9734281055058,3.25690305314261,3.55158095383325));
#6676=CARTESIAN_POINT('',(-50.3109187097851,-0.293454023342716,5.56897733843986));
#6677=CARTESIAN_POINT('Origin',(-50.3109187097852,5.86543090813523E-16,
-5.86543090813523E-16));
#6678=CARTESIAN_POINT('Ctrl Pts',(-58.9734281055058,-0.547323012038004,
4.78764893133304));
#6679=CARTESIAN_POINT('Ctrl Pts',(-55.0132178355883,-0.429642491639354,
5.14983233161018));
#6680=CARTESIAN_POINT('Ctrl Pts',(-50.3109187097851,-0.293454023342717,
5.56897733843986));
#6681=CARTESIAN_POINT('Origin',(-62.3886823194278,1.93413077449809,5.95264244341681));
#6682=CARTESIAN_POINT('',(-62.3886823194278,3.83474210259588,5.32998668347259));
#6683=CARTESIAN_POINT('',(-62.3886823194278,3.74636830588649,5.05800010422241));
#6684=CARTESIAN_POINT('',(-62.3886823194278,4.41426339171409,7.11356981443427));
#6685=CARTESIAN_POINT('',(-62.3886823194278,-0.0578577592941268,6.2940680817222));
#6686=CARTESIAN_POINT('Origin',(-62.3886823194278,-1.5300663645684E-16,
1.5300663645684E-16));
#6687=CARTESIAN_POINT('',(-62.3886823194278,0.0305160374152694,6.56605466097238));
#6688=CARTESIAN_POINT('',(-62.3886823194278,-0.317013656591366,5.4964682430486));
#6689=CARTESIAN_POINT('Origin',(-62.3886823194278,-1.5300663645684E-16,
1.5300663645684E-16));
#6690=CARTESIAN_POINT('Origin',(-61.4386823194278,-9.48359134973409E-17,
9.48359134973409E-17));
#6691=CARTESIAN_POINT('',(-60.4886823194278,4.23186345267055,6.55220052485819));
#6692=CARTESIAN_POINT('Ctrl Pts',(-60.4886823194278,4.23186345267055,6.55220052485819));
#6693=CARTESIAN_POINT('Ctrl Pts',(-61.5271928059882,4.01624884490036,5.8886069961494));
#6694=CARTESIAN_POINT('Ctrl Pts',(-62.3886823194278,3.83474210259588,5.32998668347259));
#6695=CARTESIAN_POINT('',(-60.4886823194278,0.427637387489933,7.78826850235798));
#6696=CARTESIAN_POINT('Ctrl Pts',(-62.3886823194278,0.0305160374152694,
6.56605466097238));
#6697=CARTESIAN_POINT('Ctrl Pts',(-61.5271928059882,0.212022779719748,7.12467497364918));
#6698=CARTESIAN_POINT('Ctrl Pts',(-60.4886823194278,0.427637387489933,7.78826850235798));
#6699=CARTESIAN_POINT('Origin',(-60.4886823194278,-3.66651905378416E-17,
3.66651905378416E-17));
#6700=CARTESIAN_POINT('Origin',(-39.6531546106349,1.23914292531812E-15,
-1.23914292531812E-15));
#6701=CARTESIAN_POINT('',(-46.8571852658804,0.469955305791799,7.91850966284316));
#6702=CARTESIAN_POINT('',(-46.8571852658804,4.27418137097241,6.68244168534337));
#6703=CARTESIAN_POINT('Origin',(-46.8571852658804,7.98023271172829E-16,
-7.98023271172829E-16));
#6704=CARTESIAN_POINT('',(-39.6531546106349,4.27418137097241,6.68244168534337));
#6705=CARTESIAN_POINT('',(-39.6531546106349,0.4699553057918,7.91850966284316));
#6706=CARTESIAN_POINT('Origin',(-46.7349989822264,8.0550502323166E-16,-8.0550502323166E-16));
#6707=CARTESIAN_POINT('',(-46.85718524467,3.9616237894709,5.72048836233685));
#6708=CARTESIAN_POINT('',(-46.85718524467,0.157397724290285,6.95655633983664));
#6709=CARTESIAN_POINT('Origin',(-46.8571852658804,7.98023271172829E-16,
-7.98023271172829E-16));
#6710=CARTESIAN_POINT('Ctrl Pts',(-46.8571852364003,0.157397721068418,6.95655632992075));
#6711=CARTESIAN_POINT('Ctrl Pts',(-46.8637086146835,0.155773596428652,6.95155778825462));
#6712=CARTESIAN_POINT('Ctrl Pts',(-46.869770839596,0.154052171541471,6.94625978721886));
#6713=CARTESIAN_POINT('Ctrl Pts',(-46.8930366360734,0.146672647595066,6.92354794785682));
#6714=CARTESIAN_POINT('Ctrl Pts',(-46.9096939754606,0.138711724591663,6.89904674618853));
#6715=CARTESIAN_POINT('Ctrl Pts',(-46.926438247681,0.125895954829798,6.8596038625762));
#6716=CARTESIAN_POINT('Ctrl Pts',(-46.9318515349223,0.119327829375082,6.83938925099412));
#6717=CARTESIAN_POINT('Ctrl Pts',(-46.9339033613,0.113017908785468,6.81996931227459));
#6718=CARTESIAN_POINT('Ctrl Pts',(-46.9339033613,3.91724397396608,5.5839013347748));
#6719=CARTESIAN_POINT('Ctrl Pts',(-46.9318515349223,3.9235538945557,5.60332127349433));
#6720=CARTESIAN_POINT('Ctrl Pts',(-46.926438247681,3.93012202001041,5.62353588507642));
#6721=CARTESIAN_POINT('Ctrl Pts',(-46.9096939754606,3.94293778977228,5.66297876868874));
#6722=CARTESIAN_POINT('Ctrl Pts',(-46.8930366360734,3.95089871277568,5.68747997035703));
#6723=CARTESIAN_POINT('Ctrl Pts',(-46.869770839596,3.95827823672209,5.71019180971907));
#6724=CARTESIAN_POINT('Ctrl Pts',(-46.8637086146835,3.95999966160927,5.71548981075483));
#6725=CARTESIAN_POINT('Ctrl Pts',(-46.8571852364003,3.96162378624903,5.72048835242096));
#6726=CARTESIAN_POINT('Origin',(-60.3624933988827,-2.89383476561716E-17,
2.89383476561716E-17));
#6727=CARTESIAN_POINT('',(-60.0630993975807,0.427637387489933,7.78826850235798));
#6728=CARTESIAN_POINT('',(-60.0630993975807,4.23186345267055,6.55220052485819));
#6729=CARTESIAN_POINT('Origin',(-60.0630993975807,-1.0605752387252E-17,
1.0605752387252E-17));
#6730=CARTESIAN_POINT('',(-60.3624933988827,4.23186345267055,6.55220052485819));
#6731=CARTESIAN_POINT('',(-60.3624933988827,0.427637387489933,7.78826850235798));
#6732=CARTESIAN_POINT('Origin',(-54.2513573199268,3.45260814256191E-16,
-3.45260814256191E-16));
#6733=CARTESIAN_POINT('',(-58.3898943168238,3.8781311372655,5.46352440116921));
#6734=CARTESIAN_POINT('',(-54.2513573199268,3.8781311372655,5.46352440116921));
#6735=CARTESIAN_POINT('',(-58.3898943168238,0.0739050720848894,6.69959237866899));
#6736=CARTESIAN_POINT('Origin',(-58.3898943168238,9.18485099360516E-17,
-9.18485099360516E-17));
#6737=CARTESIAN_POINT('',(-54.2513573199268,0.0739050720848897,6.69959237866899));
#6738=CARTESIAN_POINT('Origin',(-58.2965930466346,9.75615650307321E-17,
-9.75615650307321E-17));
#6739=CARTESIAN_POINT('',(-58.9870224460348,0.0220382999316698,6.53996286788661));
#6740=CARTESIAN_POINT('Ctrl Pts',(-58.3898943168238,0.0739050720848886,
6.69959237866899));
#6741=CARTESIAN_POINT('Ctrl Pts',(-58.6924288639819,0.0476582916059096,
6.61881309448499));
#6742=CARTESIAN_POINT('Ctrl Pts',(-58.9870224460348,0.022038299931669,6.53996286788661));
#6743=CARTESIAN_POINT('',(-58.9870224460348,3.82626436511228,5.30389489038682));
#6744=CARTESIAN_POINT('Ctrl Pts',(-58.9870224460348,3.82626436511229,5.30389489038682));
#6745=CARTESIAN_POINT('Ctrl Pts',(-58.6924288638913,3.8518843567944,5.38274511700942));
#6746=CARTESIAN_POINT('Ctrl Pts',(-58.3898943168238,3.8781311372655,5.4635244011692));
#6747=CARTESIAN_POINT('Origin',(-58.9870224460348,5.52849573300955E-17,
-5.52849573300955E-17));
#6748=CARTESIAN_POINT('Origin',(-59.6993687279913,1.16663276259723E-17,
-1.16663276259723E-17));
#6749=CARTESIAN_POINT('',(-59.3356380584018,3.82626436511228,5.30389489038682));
#6750=CARTESIAN_POINT('',(-59.3356380584018,0.0220382999316696,6.53996286788661));
#6751=CARTESIAN_POINT('Origin',(-59.3356380584018,3.39384076391967E-17,
-3.39384076391967E-17));
#6752=CARTESIAN_POINT('Ctrl Pts',(-60.0630993975812,4.2318634526708,6.55220052485896));
#6753=CARTESIAN_POINT('Ctrl Pts',(-59.6646879017095,4.01124470211594,5.87320582828411));
#6754=CARTESIAN_POINT('Ctrl Pts',(-59.3356380584018,3.82626436511228,5.30389489038682));
#6755=CARTESIAN_POINT('Ctrl Pts',(-60.0630993975812,0.427637387490182,7.78826850235875));
#6756=CARTESIAN_POINT('Ctrl Pts',(-59.6646879017095,0.207018636935348,7.10927380578396));
#6757=CARTESIAN_POINT('Ctrl Pts',(-59.3356380584018,0.0220382999316696,
6.53996286788661));
#6758=CARTESIAN_POINT('Origin',(-59.094475586478,4.87053501049943E-17,-4.87053501049943E-17));
#6759=CARTESIAN_POINT('',(-59.094475586478,0.0220382999316698,6.53996286788661));
#6760=CARTESIAN_POINT('',(-59.094475586478,3.82626436511228,5.30389489038682));
#6761=CARTESIAN_POINT('Origin',(-62.3886823194278,-0.666045055090518,4.42226005393051));
#6762=CARTESIAN_POINT('Ctrl Pts',(-46.917626901842,0.469955305791817,7.91850966284322));
#6763=CARTESIAN_POINT('Ctrl Pts',(-46.8866079323759,0.407415094081592,7.7260306828512));
#6764=CARTESIAN_POINT('Ctrl Pts',(-46.8571852658804,0.347883562986248,7.54281146965622));
#6765=CARTESIAN_POINT('',(-46.8571852658804,-1.28407904384041,2.5201470213402));
#6766=CARTESIAN_POINT('Origin',(-62.3886823194278,-0.666045055090518,4.42226005393051));
#6767=CARTESIAN_POINT('',(-46.8571852658804,-1.28407904384041,2.5201470213402));
#6768=CARTESIAN_POINT('Origin',(-46.8571852658804,-9.51056516295153,3.09016994374947));
#6769=CARTESIAN_POINT('',(-46.8571852658804,3.44719800446505,4.13724859272587));
#6770=CARTESIAN_POINT('',(-46.8571852658804,3.44719800446505,4.13724859272587));
#6771=CARTESIAN_POINT('Origin',(-62.3886823194278,4.99228297633978,8.89253117420164));
#6772=CARTESIAN_POINT('Ctrl Pts',(-46.8571852658804,4.15210962816686,6.30674349215643));
#6773=CARTESIAN_POINT('Ctrl Pts',(-46.8866079323723,4.21164115925497,6.48996270532915));
#6774=CARTESIAN_POINT('Ctrl Pts',(-46.917626901842,4.27418137097243,6.68244168534343));
#6775=CARTESIAN_POINT('Origin',(-62.3886823194278,4.99228297633978,8.89253117420164));
#6776=CARTESIAN_POINT('Origin',(-62.3886823194278,6.25897866365015,5.69346714565993E-16));
#6777=CARTESIAN_POINT('',(-62.3886823194278,6.25411904583025,-2.));
#6778=CARTESIAN_POINT('',(-62.3886823194278,5.96813543224889,-2.));
#6779=CARTESIAN_POINT('',(-62.3886823194278,8.12948933182507,-2.));
#6780=CARTESIAN_POINT('',(-62.3886823194278,5.96813543224889,2.));
#6781=CARTESIAN_POINT('Origin',(-62.3886823194278,-1.5300663645684E-16,
1.5300663645684E-16));
#6782=CARTESIAN_POINT('',(-62.3886823194278,6.25411904583025,2.));
#6783=CARTESIAN_POINT('',(-62.3886823194278,5.12948933182507,2.));
#6784=CARTESIAN_POINT('Origin',(-62.3886823194278,-1.5300663645684E-16,
1.5300663645684E-16));
#6785=CARTESIAN_POINT('Origin',(-61.4386823194278,-9.48359134973409E-17,
9.48359134973409E-17));
#6786=CARTESIAN_POINT('',(-60.4886823194278,7.53923072998835,-2.));
#6787=CARTESIAN_POINT('Ctrl Pts',(-60.4886823194278,7.53923072998835,-2.));
#6788=CARTESIAN_POINT('Ctrl Pts',(-61.5271928059882,6.84148720230208,-2.));
#6789=CARTESIAN_POINT('Ctrl Pts',(-62.3886823194278,6.25411904583025,-2.));
#6790=CARTESIAN_POINT('',(-60.4886823194278,7.53923072998835,2.));
#6791=CARTESIAN_POINT('Ctrl Pts',(-62.3886823194278,6.25411904583025,2.));
#6792=CARTESIAN_POINT('Ctrl Pts',(-61.5271928059882,6.84148720230208,2.));
#6793=CARTESIAN_POINT('Ctrl Pts',(-60.4886823194278,7.53923072998835,2.));
#6794=CARTESIAN_POINT('Origin',(-60.4886823194278,-3.66651905378416E-17,
3.66651905378416E-17));
#6795=CARTESIAN_POINT('Origin',(-39.6531546106349,1.23914292531812E-15,
-1.23914292531812E-15));
#6796=CARTESIAN_POINT('',(-46.8571852658804,7.67617439027947,2.));
#6797=CARTESIAN_POINT('',(-46.8571852658804,7.67617439027947,-2.));
#6798=CARTESIAN_POINT('Origin',(-46.8571852658804,7.98023271172829E-16,
-7.98023271172829E-16));
#6799=CARTESIAN_POINT('',(-39.6531546106349,7.67617439027947,-2.));
#6800=CARTESIAN_POINT('',(-39.6531546106349,7.67617439027947,2.));
#6801=CARTESIAN_POINT('Origin',(-46.7349989822264,8.0550502323166E-16,-8.0550502323166E-16));
#6802=CARTESIAN_POINT('',(-46.85718524467,6.66471680965764,-2.));
#6803=CARTESIAN_POINT('',(-46.85718524467,6.66471680965764,2.));
#6804=CARTESIAN_POINT('Origin',(-46.8571852658804,7.98023271172829E-16,
-7.98023271172829E-16));
#6805=CARTESIAN_POINT('Ctrl Pts',(-46.8571852364003,6.66471679923146,2.));
#6806=CARTESIAN_POINT('Ctrl Pts',(-46.8637086146835,6.65946102149324,2.));
#6807=CARTESIAN_POINT('Ctrl Pts',(-46.869770839596,6.65389037354016,2.));
#6808=CARTESIAN_POINT('Ctrl Pts',(-46.8930366360734,6.63000973240801,2.));
#6809=CARTESIAN_POINT('Ctrl Pts',(-46.9096939754606,6.60424764440536,2.));
#6810=CARTESIAN_POINT('Ctrl Pts',(-46.926438247681,6.56277494227198,2.));
#6811=CARTESIAN_POINT('Ctrl Pts',(-46.9318515349223,6.54152004181577,2.));
#6812=CARTESIAN_POINT('Ctrl Pts',(-46.9339033613,6.52110070985515,2.));
#6813=CARTESIAN_POINT('Ctrl Pts',(-46.9339033613,6.52110070985515,-2.));
#6814=CARTESIAN_POINT('Ctrl Pts',(-46.9318515349223,6.54152004181577,-2.));
#6815=CARTESIAN_POINT('Ctrl Pts',(-46.926438247681,6.56277494227198,-2.));
#6816=CARTESIAN_POINT('Ctrl Pts',(-46.9096939754606,6.60424764440536,-2.));
#6817=CARTESIAN_POINT('Ctrl Pts',(-46.8930366360734,6.63000973240801,-2.));
#6818=CARTESIAN_POINT('Ctrl Pts',(-46.869770839596,6.65389037354016,-2.));
#6819=CARTESIAN_POINT('Ctrl Pts',(-46.8637086146835,6.65946102149325,-2.));
#6820=CARTESIAN_POINT('Ctrl Pts',(-46.8571852364003,6.66471679923146,-2.));
#6821=CARTESIAN_POINT('Origin',(-46.8571852658804,1.32834746842009E-16,
10.));
#6822=CARTESIAN_POINT('',(-46.8571852658804,2.,2.));
#6823=CARTESIAN_POINT('',(-46.8571852658804,5.,-2.));
#6824=CARTESIAN_POINT('',(-46.8571852658804,5.,-2.));
#6825=CARTESIAN_POINT('',(-46.8571852658804,2.,2.));
#6826=CARTESIAN_POINT('Origin',(-60.3624933988827,-2.89383476561716E-17,
2.89383476561716E-17));
#6827=CARTESIAN_POINT('',(-60.0630993975807,7.53923072998835,2.));
#6828=CARTESIAN_POINT('',(-60.0630993975807,7.53923072998835,-2.));
#6829=CARTESIAN_POINT('Origin',(-60.0630993975807,-1.0605752387252E-17,
1.0605752387252E-17));
#6830=CARTESIAN_POINT('',(-60.3624933988827,7.53923072998835,-2.));
#6831=CARTESIAN_POINT('',(-60.3624933988827,7.53923072998835,2.));
#6832=CARTESIAN_POINT('Origin',(-61.7429688918733,-1.13468092345782E-16,
1.13468092345782E-16));
#6833=CARTESIAN_POINT('',(-61.0268134667184,4.5087927936383,-2.));
#6834=CARTESIAN_POINT('',(-61.0268134667184,4.5087927936383,2.));
#6835=CARTESIAN_POINT('Origin',(-61.0268134667184,3.90317975292201E-29,
0.));
#6836=CARTESIAN_POINT('Ctrl Pts',(-62.3886823194278,5.96813543224889,2.));
#6837=CARTESIAN_POINT('Ctrl Pts',(-61.6128998020059,5.14995120477135,2.));
#6838=CARTESIAN_POINT('Ctrl Pts',(-61.0268134667184,4.5087927936383,2.));
#6839=CARTESIAN_POINT('Ctrl Pts',(-61.0268134667184,4.5087927936383,-2.));
#6840=CARTESIAN_POINT('Ctrl Pts',(-61.6128998020056,5.149951204771,-2.));
#6841=CARTESIAN_POINT('Ctrl Pts',(-62.3886823194278,5.96813543224889,-2.));
#6842=CARTESIAN_POINT('Origin',(-54.2513573199268,3.45260814256191E-16,
-3.45260814256191E-16));
#6843=CARTESIAN_POINT('',(-58.3898943168238,6.39452891149923,-2.));
#6844=CARTESIAN_POINT('',(-54.2513573199268,6.39452891149923,-2.));
#6845=CARTESIAN_POINT('',(-58.3898943168238,6.39452891149923,2.));
#6846=CARTESIAN_POINT('Origin',(-58.3898943168238,9.18485099360516E-17,
-9.18485099360516E-17));
#6847=CARTESIAN_POINT('',(-54.2513573199268,6.39452891149923,2.));
#6848=CARTESIAN_POINT('Origin',(-58.2965930466346,9.75615650307321E-17,
-9.75615650307321E-17));
#6849=CARTESIAN_POINT('',(-58.9870224460348,6.22668451103792,2.));
#6850=CARTESIAN_POINT('Ctrl Pts',(-58.3898943168238,6.39452891149923,2.));
#6851=CARTESIAN_POINT('Ctrl Pts',(-58.6924288639819,6.30959254567874,2.));
#6852=CARTESIAN_POINT('Ctrl Pts',(-58.9870224460348,6.22668451103792,2.));
#6853=CARTESIAN_POINT('',(-58.9870224460348,6.22668451103792,-2.));
#6854=CARTESIAN_POINT('Ctrl Pts',(-58.9870224460348,6.22668451103792,-2.));
#6855=CARTESIAN_POINT('Ctrl Pts',(-58.6924288638913,6.30959254570421,-2.));
#6856=CARTESIAN_POINT('Ctrl Pts',(-58.3898943168238,6.39452891149923,-2.));
#6857=CARTESIAN_POINT('Origin',(-58.9870224460348,5.52849573300955E-17,
-5.52849573300955E-17));
#6858=CARTESIAN_POINT('Origin',(-59.6993687279913,1.16663276259723E-17,
-1.16663276259723E-17));
#6859=CARTESIAN_POINT('',(-59.3356380584018,6.22668451103792,-2.));
#6860=CARTESIAN_POINT('',(-59.3356380584018,6.22668451103792,2.));
#6861=CARTESIAN_POINT('Origin',(-59.3356380584018,3.39384076391967E-17,
-3.39384076391967E-17));
#6862=CARTESIAN_POINT('Ctrl Pts',(-60.0630993975812,7.53923072998916,-2.));
#6863=CARTESIAN_POINT('Ctrl Pts',(-59.6646879017095,6.82529345608258,-2.));
#6864=CARTESIAN_POINT('Ctrl Pts',(-59.3356380584018,6.22668451103792,-2.));
#6865=CARTESIAN_POINT('Ctrl Pts',(-60.0630993975812,7.53923072998916,2.));
#6866=CARTESIAN_POINT('Ctrl Pts',(-59.6646879017095,6.82529345608264,2.));
#6867=CARTESIAN_POINT('Ctrl Pts',(-59.3356380584018,6.22668451103792,2.));
#6868=CARTESIAN_POINT('Origin',(-59.094475586478,4.87053501049943E-17,-4.87053501049943E-17));
#6869=CARTESIAN_POINT('',(-59.094475586478,6.22668451103792,2.));
#6870=CARTESIAN_POINT('',(-59.094475586478,6.22668451103792,-2.));
#6871=CARTESIAN_POINT('Origin',(-62.3886823194278,10.,-2.));
#6872=CARTESIAN_POINT('',(-49.2006649481239,4.60230695303668,-2.));
#6873=CARTESIAN_POINT('',(-49.2443495300354,4.59304691307836,-2.));
#6874=CARTESIAN_POINT('Ctrl Pts',(-49.2006649481239,4.60230695303668,-2.));
#6875=CARTESIAN_POINT('Ctrl Pts',(-49.2225292350235,4.59767301236791,-2.));
#6876=CARTESIAN_POINT('Ctrl Pts',(-49.2443495300354,4.59304691307836,-2.));
#6877=CARTESIAN_POINT('',(-50.3109187097851,5.20572990654267,-2.));
#6878=CARTESIAN_POINT('Ctrl Pts',(-49.2443495300354,4.59304691307836,-2.));
#6879=CARTESIAN_POINT('Ctrl Pts',(-49.7442897132637,4.88297779219373,-2.));
#6880=CARTESIAN_POINT('Ctrl Pts',(-50.3109187097806,5.20572990654009,-2.));
#6881=CARTESIAN_POINT('',(-58.9734281055058,4.38419260174559,-2.));
#6882=CARTESIAN_POINT('Ctrl Pts',(-50.3109187097895,5.20572990654226,-2.));
#6883=CARTESIAN_POINT('Ctrl Pts',(-55.0132178355535,4.76501476538646,-2.));
#6884=CARTESIAN_POINT('Ctrl Pts',(-58.9734281055058,4.38419260174559,-2.));
#6885=CARTESIAN_POINT('',(-58.9865060227021,4.3958301346144,-2.));
#6886=CARTESIAN_POINT('Ctrl Pts',(-58.9734281055058,4.38419260174559,-2.));
#6887=CARTESIAN_POINT('Ctrl Pts',(-58.9799583970027,4.39000498128246,-2.));
#6888=CARTESIAN_POINT('Ctrl Pts',(-58.9865060227021,4.3958301346144,-2.));
#6889=CARTESIAN_POINT('',(-60.952675156032,4.5087927936383,-2.));
#6890=CARTESIAN_POINT('Ctrl Pts',(-58.9865060227021,4.3958301346144,-2.));
#6891=CARTESIAN_POINT('Ctrl Pts',(-59.9571193347413,4.45171527011801,-2.));
#6892=CARTESIAN_POINT('Ctrl Pts',(-60.952675156032,4.5087927936383,-2.));
#6893=CARTESIAN_POINT('',(-69.632,4.5087927936383,-2.));
#6894=CARTESIAN_POINT('Ctrl Pts',(-49.8241451884351,6.70820393249937,-2.));
#6895=CARTESIAN_POINT('Ctrl Pts',(-49.4543623694085,5.48161313423921,-2.));
#6896=CARTESIAN_POINT('Ctrl Pts',(-49.2006649481239,4.60230695303668,-2.));
#6897=CARTESIAN_POINT('Origin',(-62.3886823194278,10.,-2.));
#6898=CARTESIAN_POINT('Origin',(-62.3886823194278,10.,-2.));
#6899=CARTESIAN_POINT('Ctrl Pts',(-46.8571852658804,7.28114193242878,-2.));
#6900=CARTESIAN_POINT('Ctrl Pts',(-46.8866079324132,7.47379001410211,-2.));
#6901=CARTESIAN_POINT('Ctrl Pts',(-46.917626901842,7.67617439027947,-2.));
#6902=CARTESIAN_POINT('Origin',(-62.3886823194278,4.,2.));
#6903=CARTESIAN_POINT('Origin',(-62.3886823194278,4.,2.));
#6904=CARTESIAN_POINT('Ctrl Pts',(-46.917626901842,7.67617439027953,2.));
#6905=CARTESIAN_POINT('Ctrl Pts',(-46.8866079324121,7.473790014095,2.));
#6906=CARTESIAN_POINT('Ctrl Pts',(-46.8571852658804,7.28114193242878,2.));
#6907=CARTESIAN_POINT('Origin',(-55.3399731409754,2.78602320218777E-16,
-2.78602320218777E-16));
#6908=CARTESIAN_POINT('',(-58.9734281055058,-4.72245682601005,0.958929765765933));
#6909=CARTESIAN_POINT('',(-58.9734281055058,-2.37131581684015,4.19499774326572));
#6910=CARTESIAN_POINT('Origin',(-58.9734281055058,5.61173706108652E-17,
-5.61173706108652E-17));
#6911=CARTESIAN_POINT('',(-50.3109187097851,-3.03595345793398,4.67788525523355));
#6912=CARTESIAN_POINT('Ctrl Pts',(-50.3109187097895,-3.03595345793365,4.67788525523331));
#6913=CARTESIAN_POINT('Ctrl Pts',(-55.0132178355536,-2.67940741906025,4.41883939479994));
#6914=CARTESIAN_POINT('Ctrl Pts',(-58.9734281055058,-2.37131581684015,4.19499774326572));
#6915=CARTESIAN_POINT('',(-50.3109187097851,-5.38709446710387,1.44181727773376));
#6916=CARTESIAN_POINT('Origin',(-50.3109187097852,5.86543090813523E-16,
-5.86543090813523E-16));
#6917=CARTESIAN_POINT('Ctrl Pts',(-58.9734281055058,-4.72245682601005,0.958929765765932));
#6918=CARTESIAN_POINT('Ctrl Pts',(-55.0132178355883,-5.03054842822749,1.18277141729821));
#6919=CARTESIAN_POINT('Ctrl Pts',(-50.3109187097851,-5.38709446710387,1.44181727773376));
#6920=CARTESIAN_POINT('Origin',(-62.3886823194278,-5.06362010632317,3.67893535290681));
#6921=CARTESIAN_POINT('',(-62.3886823194278,-3.88411808833576,5.29411292997039));
#6922=CARTESIAN_POINT('',(-62.3886823194278,-3.65275248483568,5.12601597950996));
#6923=CARTESIAN_POINT('',(-62.3886823194278,-5.40132452045138,6.39642792666567));
#6924=CARTESIAN_POINT('',(-62.3886823194278,-6.00389349400558,1.88994800201017));
#6925=CARTESIAN_POINT('Origin',(-62.3886823194278,-1.5300663645684E-16,
1.5300663645684E-16));
#6926=CARTESIAN_POINT('',(-62.3886823194278,-6.23525909750565,2.0580449524706));
#6927=CARTESIAN_POINT('',(-62.3886823194278,-5.32541454649643,1.39700419228846));
#6928=CARTESIAN_POINT('Origin',(-62.3886823194278,-1.5300663645684E-16,
1.5300663645684E-16));
#6929=CARTESIAN_POINT('Origin',(-61.4386823194278,-9.48359134973409E-17,
9.48359134973409E-17));
#6930=CARTESIAN_POINT('',(-60.4886823194278,-4.92379528048947,6.04948262546726));
#6931=CARTESIAN_POINT('Ctrl Pts',(-60.4886823194278,-4.92379528048947,6.04948262546726));
#6932=CARTESIAN_POINT('Ctrl Pts',(-61.5271928059882,-4.35930890887615,5.63935927001075));
#6933=CARTESIAN_POINT('Ctrl Pts',(-62.3886823194278,-3.88411808833576,5.29411292997039));
#6934=CARTESIAN_POINT('',(-60.4886823194278,-7.27493628965936,2.81341464796747));
#6935=CARTESIAN_POINT('Ctrl Pts',(-62.3886823194278,-6.23525909750565,2.0580449524706));
#6936=CARTESIAN_POINT('Ctrl Pts',(-61.5271928059882,-6.71044991804604,2.40329129251096));
#6937=CARTESIAN_POINT('Ctrl Pts',(-60.4886823194278,-7.27493628965936,2.81341464796747));
#6938=CARTESIAN_POINT('Origin',(-60.4886823194278,-3.66651905378416E-17,
3.66651905378416E-17));
#6939=CARTESIAN_POINT('Origin',(-39.6531546106349,1.23914292531812E-15,
-1.23914292531812E-15));
#6940=CARTESIAN_POINT('',(-46.8571852658804,-7.38572603810679,2.89390811188154));
#6941=CARTESIAN_POINT('',(-46.8571852658804,-5.03458502893689,6.12997608938134));
#6942=CARTESIAN_POINT('Origin',(-46.8571852658804,7.98023271172829E-16,
-7.98023271172829E-16));
#6943=CARTESIAN_POINT('',(-39.6531546106349,-5.03458502893689,6.12997608938133));
#6944=CARTESIAN_POINT('',(-39.6531546106349,-7.38572603810679,2.89390811188154));
#6945=CARTESIAN_POINT('Origin',(-46.7349989822264,8.0550502323166E-16,-8.0550502323166E-16));
#6946=CARTESIAN_POINT('',(-46.85718524467,-4.21629865712446,5.5354562401724));
#6947=CARTESIAN_POINT('',(-46.85718524467,-6.56743966629436,2.29938826267261));
#6948=CARTESIAN_POINT('Origin',(-46.8571852658804,7.98023271172829E-16,
-7.98023271172829E-16));
#6949=CARTESIAN_POINT('Ctrl Pts',(-46.8571852364003,-6.5674396578594,2.29938825654425));
#6950=CARTESIAN_POINT('Ctrl Pts',(-46.8637086146835,-6.56318764435053,2.2962989879004));
#6951=CARTESIAN_POINT('Ctrl Pts',(-46.869770839596,-6.5586808954868,2.29302464318787));
#6952=CARTESIAN_POINT('Ctrl Pts',(-46.8930366360734,-6.53936105097432,2.2789879545151));
#6953=CARTESIAN_POINT('Ctrl Pts',(-46.9096939754606,-6.51851908396959,2.26384537911888));
#6954=CARTESIAN_POINT('Ctrl Pts',(-46.926438247681,-6.48496696314104,2.23946833643216));
#6955=CARTESIAN_POINT('Ctrl Pts',(-46.9318515349223,-6.46777138745822,2.22697501940505));
#6956=CARTESIAN_POINT('Ctrl Pts',(-46.9339033613,-6.4512518008883,2.21497283721694));
#6957=CARTESIAN_POINT('Ctrl Pts',(-46.9339033613,-4.1001107917184,5.45104081471673));
#6958=CARTESIAN_POINT('Ctrl Pts',(-46.9318515349223,-4.11663037828832,5.46304299690484));
#6959=CARTESIAN_POINT('Ctrl Pts',(-46.926438247681,-4.13382595397114,5.47553631393195));
#6960=CARTESIAN_POINT('Ctrl Pts',(-46.9096939754606,-4.1673780747997,5.49991335661867));
#6961=CARTESIAN_POINT('Ctrl Pts',(-46.8930366360734,-4.18822004180443,5.51505593201489));
#6962=CARTESIAN_POINT('Ctrl Pts',(-46.869770839596,-4.20753988631691,5.52909262068766));
#6963=CARTESIAN_POINT('Ctrl Pts',(-46.8637086146835,-4.21204663518063,5.53236696540019));
#6964=CARTESIAN_POINT('Ctrl Pts',(-46.8571852364003,-4.21629864868951,5.53545623404404));
#6965=CARTESIAN_POINT('Origin',(-60.3624933988827,-2.89383476561716E-17,
2.89383476561716E-17));
#6966=CARTESIAN_POINT('',(-60.0630993975807,-7.27493628965936,2.81341464796747));
#6967=CARTESIAN_POINT('',(-60.0630993975807,-4.92379528048947,6.04948262546726));
#6968=CARTESIAN_POINT('Origin',(-60.0630993975807,-1.0605752387252E-17,
1.0605752387252E-17));
#6969=CARTESIAN_POINT('',(-60.3624933988827,-4.92379528048947,6.04948262546726));
#6970=CARTESIAN_POINT('',(-60.3624933988827,-7.27493628965936,2.81341464796747));
#6971=CARTESIAN_POINT('Origin',(-54.2513573199268,3.45260814256191E-16,
-3.45260814256191E-16));
#6972=CARTESIAN_POINT('',(-58.3898943168238,-3.99771205583987,5.37664377828699));
#6973=CARTESIAN_POINT('',(-54.2513573199268,-3.99771205583987,5.37664377828698));
#6974=CARTESIAN_POINT('',(-58.3898943168238,-6.34885306500976,2.1405758007872));
#6975=CARTESIAN_POINT('Origin',(-58.3898943168238,9.18485099360516E-17,
-9.18485099360516E-17));
#6976=CARTESIAN_POINT('',(-54.2513573199268,-6.34885306500976,2.14057580078719));
#6977=CARTESIAN_POINT('Origin',(-58.2965930466346,9.75615650307321E-17,
-9.75615650307321E-17));
#6978=CARTESIAN_POINT('',(-58.9870224460348,-6.21306409262588,2.04191933751616));
#6979=CARTESIAN_POINT('Ctrl Pts',(-58.3898943168238,-6.34885306500976,2.14057580078719));
#6980=CARTESIAN_POINT('Ctrl Pts',(-58.6924288639819,-6.28013810162053,2.09065145757459));
#6981=CARTESIAN_POINT('Ctrl Pts',(-58.9870224460348,-6.21306409262588,2.04191933751616));
#6982=CARTESIAN_POINT('',(-58.9870224460348,-3.86192308345599,5.27798731501596));
#6983=CARTESIAN_POINT('Ctrl Pts',(-58.9870224460348,-3.86192308345599,5.27798731501596));
#6984=CARTESIAN_POINT('Ctrl Pts',(-58.6924288638913,-3.92899709247124,5.32671943508935));
#6985=CARTESIAN_POINT('Ctrl Pts',(-58.3898943168238,-3.99771205583987,5.37664377828698));
#6986=CARTESIAN_POINT('Origin',(-58.9870224460348,5.52849573300955E-17,
-5.52849573300955E-17));
#6987=CARTESIAN_POINT('Origin',(-59.6993687279913,1.16663276259723E-17,
-1.16663276259723E-17));
#6988=CARTESIAN_POINT('',(-59.3356380584018,-3.86192308345599,5.27798731501596));
#6989=CARTESIAN_POINT('',(-59.3356380584018,-6.21306409262588,2.04191933751616));
#6990=CARTESIAN_POINT('Origin',(-59.3356380584018,3.39384076391967E-17,
-3.39384076391967E-17));
#6991=CARTESIAN_POINT('Ctrl Pts',(-60.0630993975812,-4.92379528049012,6.04948262546774));
#6992=CARTESIAN_POINT('Ctrl Pts',(-59.6646879017095,-4.34620789298198,5.62984082480356));
#6993=CARTESIAN_POINT('Ctrl Pts',(-59.3356380584018,-3.86192308345599,5.27798731501596));
#6994=CARTESIAN_POINT('Ctrl Pts',(-60.0630993975812,-7.27493628966001,2.81341464796795));
#6995=CARTESIAN_POINT('Ctrl Pts',(-59.6646879017095,-6.69734890215192,2.39377284730381));
#6996=CARTESIAN_POINT('Ctrl Pts',(-59.3356380584018,-6.21306409262588,2.04191933751616));
#6997=CARTESIAN_POINT('Origin',(-59.094475586478,4.87053501049943E-17,-4.87053501049943E-17));
#6998=CARTESIAN_POINT('',(-59.094475586478,-6.21306409262588,2.04191933751616));
#6999=CARTESIAN_POINT('',(-59.094475586478,-3.86192308345599,5.27798731501596));
#7000=CARTESIAN_POINT('Origin',(-62.3886823194278,-4.41163848208474,0.733107020419998));
#7001=CARTESIAN_POINT('Ctrl Pts',(-46.917626901842,-7.38572603810683,2.89390811188158));
#7002=CARTESIAN_POINT('Ctrl Pts',(-46.8866079323766,-7.22199363818985,2.77494956012951));
#7003=CARTESIAN_POINT('Ctrl Pts',(-46.8571852658804,-7.06613806637591,2.66171385898009));
#7004=CARTESIAN_POINT('',(-46.8571852658804,-2.79360449333484,-0.44246348416495));
#7005=CARTESIAN_POINT('Origin',(-62.3886823194278,-4.41163848208474,0.733107020419998));
#7006=CARTESIAN_POINT('',(-46.8571852658804,-2.79360449333484,-0.44246348416495));
#7007=CARTESIAN_POINT('Origin',(-46.8571852658804,-5.87785252292473,-8.09016994374948));
#7008=CARTESIAN_POINT('',(-46.8571852658804,-2.86951446728979,4.55696025021226));
#7009=CARTESIAN_POINT('',(-46.8571852658804,-2.86951446728979,4.55696025021226));
#7010=CARTESIAN_POINT('Origin',(-62.3886823194278,-6.91459943916453,7.49588651167463));
#7011=CARTESIAN_POINT('Ctrl Pts',(-46.8571852658804,-4.71499705720602,5.89778183647988));
#7012=CARTESIAN_POINT('Ctrl Pts',(-46.8866079323776,-4.87085262902498,6.01101753763295));
#7013=CARTESIAN_POINT('Ctrl Pts',(-46.917626901842,-5.03458502893694,6.12997608938137));
#7014=CARTESIAN_POINT('Origin',(-62.3886823194278,-6.91459943916453,7.49588651167463));
#7015=CARTESIAN_POINT('Origin',(-55.3399731409754,2.78602320218777E-16,
-2.78602320218777E-16));
#7016=CARTESIAN_POINT('',(-58.9734281055058,3.25690305314261,-3.55158095383326));
#7017=CARTESIAN_POINT('',(-58.9734281055058,-0.547323012038006,-4.78764893133304));
#7018=CARTESIAN_POINT('Origin',(-58.9734281055058,5.61173706108653E-17,
-5.61173706108653E-17));
#7019=CARTESIAN_POINT('',(-50.3109187097851,-0.293454023342717,-5.56897733843986));
#7020=CARTESIAN_POINT('Ctrl Pts',(-50.3109187097895,-0.293454023342843,
-5.56897733843947));
#7021=CARTESIAN_POINT('Ctrl Pts',(-55.0132178355535,-0.42964249163834,-5.14983233161331));
#7022=CARTESIAN_POINT('Ctrl Pts',(-58.9734281055058,-0.547323012038006,
-4.78764893133304));
#7023=CARTESIAN_POINT('',(-50.3109187097851,3.5107720418379,-4.33290936094007));
#7024=CARTESIAN_POINT('Origin',(-50.3109187097852,5.86543090813523E-16,
-5.86543090813523E-16));
#7025=CARTESIAN_POINT('Ctrl Pts',(-58.9734281055058,3.25690305314261,-3.55158095383325));
#7026=CARTESIAN_POINT('Ctrl Pts',(-55.0132178355884,3.37458357354126,-3.91376435411039));
#7027=CARTESIAN_POINT('Ctrl Pts',(-50.3109187097851,3.5107720418379,-4.33290936094007));
#7028=CARTESIAN_POINT('Origin',(-62.3886823194278,1.93413077449809,-5.95264244341681));
#7029=CARTESIAN_POINT('',(-62.3886823194278,0.030516037415268,-6.56605466097238));
#7030=CARTESIAN_POINT('',(-62.3886823194278,-0.0578577592941282,-6.2940680817222));
#7031=CARTESIAN_POINT('',(-62.3886823194278,0.610037326533475,-8.34963779193406));
#7032=CARTESIAN_POINT('',(-62.3886823194278,3.74636830588649,-5.05800010422241));
#7033=CARTESIAN_POINT('Origin',(-62.3886823194278,-1.5300663645684E-16,
1.5300663645684E-16));
#7034=CARTESIAN_POINT('',(-62.3886823194278,3.83474210259588,-5.32998668347259));
#7035=CARTESIAN_POINT('',(-62.3886823194278,3.48721240858925,-4.26040026554882));
#7036=CARTESIAN_POINT('Origin',(-62.3886823194278,-1.5300663645684E-16,
1.5300663645684E-16));
#7037=CARTESIAN_POINT('Origin',(-61.4386823194278,-9.48359134973409E-17,
9.48359134973409E-17));
#7038=CARTESIAN_POINT('',(-60.4886823194278,0.427637387489931,-7.78826850235798));
#7039=CARTESIAN_POINT('Ctrl Pts',(-60.4886823194278,0.427637387489931,-7.78826850235798));
#7040=CARTESIAN_POINT('Ctrl Pts',(-61.5271928059882,0.212022779719746,-7.12467497364918));
#7041=CARTESIAN_POINT('Ctrl Pts',(-62.3886823194278,0.030516037415268,-6.56605466097238));
#7042=CARTESIAN_POINT('',(-60.4886823194278,4.23186345267055,-6.55220052485819));
#7043=CARTESIAN_POINT('Ctrl Pts',(-62.3886823194278,3.83474210259588,-5.32998668347259));
#7044=CARTESIAN_POINT('Ctrl Pts',(-61.5271928059882,4.01624884490036,-5.8886069961494));
#7045=CARTESIAN_POINT('Ctrl Pts',(-60.4886823194278,4.23186345267055,-6.55220052485819));
#7046=CARTESIAN_POINT('Origin',(-60.4886823194278,-3.66651905378416E-17,
3.66651905378416E-17));
#7047=CARTESIAN_POINT('Origin',(-39.6531546106349,1.23914292531812E-15,
-1.23914292531812E-15));
#7048=CARTESIAN_POINT('',(-46.8571852658804,4.27418137097241,-6.68244168534337));
#7049=CARTESIAN_POINT('',(-46.8571852658804,0.469955305791798,-7.91850966284316));
#7050=CARTESIAN_POINT('Origin',(-46.8571852658804,7.98023271172829E-16,
-7.98023271172829E-16));
#7051=CARTESIAN_POINT('',(-39.6531546106349,0.469955305791798,-7.91850966284316));
#7052=CARTESIAN_POINT('',(-39.6531546106349,4.27418137097241,-6.68244168534337));
#7053=CARTESIAN_POINT('Origin',(-46.7349989822264,8.0550502323166E-16,-8.0550502323166E-16));
#7054=CARTESIAN_POINT('',(-46.85718524467,0.157397724290283,-6.95655633983664));
#7055=CARTESIAN_POINT('',(-46.85718524467,3.9616237894709,-5.72048836233685));
#7056=CARTESIAN_POINT('Origin',(-46.8571852658804,7.98023271172829E-16,
-7.98023271172829E-16));
#7057=CARTESIAN_POINT('Ctrl Pts',(-46.8571852364003,3.96162378624903,-5.72048835242096));
#7058=CARTESIAN_POINT('Ctrl Pts',(-46.8637086146835,3.95999966160927,-5.71548981075484));
#7059=CARTESIAN_POINT('Ctrl Pts',(-46.869770839596,3.95827823672208,-5.71019180971907));
#7060=CARTESIAN_POINT('Ctrl Pts',(-46.8930366360734,3.95089871277568,-5.68747997035703));
#7061=CARTESIAN_POINT('Ctrl Pts',(-46.9096939754606,3.94293778977228,-5.66297876868874));
#7062=CARTESIAN_POINT('Ctrl Pts',(-46.926438247681,3.93012202001041,-5.62353588507642));
#7063=CARTESIAN_POINT('Ctrl Pts',(-46.9318515349223,3.9235538945557,-5.60332127349434));
#7064=CARTESIAN_POINT('Ctrl Pts',(-46.9339033613,3.91724397396608,-5.5839013347748));
#7065=CARTESIAN_POINT('Ctrl Pts',(-46.9339033613,0.113017908785466,-6.81996931227459));
#7066=CARTESIAN_POINT('Ctrl Pts',(-46.9318515349223,0.11932782937508,-6.83938925099413));
#7067=CARTESIAN_POINT('Ctrl Pts',(-46.926438247681,0.125895954829796,-6.85960386257621));
#7068=CARTESIAN_POINT('Ctrl Pts',(-46.9096939754606,0.138711724591661,-6.89904674618853));
#7069=CARTESIAN_POINT('Ctrl Pts',(-46.8930366360734,0.146672647595064,-6.92354794785682));
#7070=CARTESIAN_POINT('Ctrl Pts',(-46.869770839596,0.154052171541469,-6.94625978721886));
#7071=CARTESIAN_POINT('Ctrl Pts',(-46.8637086146835,0.155773596428651,-6.95155778825463));
#7072=CARTESIAN_POINT('Ctrl Pts',(-46.8571852364003,0.157397721068417,-6.95655632992076));
#7073=CARTESIAN_POINT('Origin',(-60.3624933988827,-2.89383476561716E-17,
2.89383476561716E-17));
#7074=CARTESIAN_POINT('',(-60.0630993975807,4.23186345267055,-6.55220052485819));
#7075=CARTESIAN_POINT('',(-60.0630993975807,0.427637387489931,-7.78826850235798));
#7076=CARTESIAN_POINT('Origin',(-60.0630993975807,-1.0605752387252E-17,
1.0605752387252E-17));
#7077=CARTESIAN_POINT('',(-60.3624933988827,0.427637387489931,-7.78826850235798));
#7078=CARTESIAN_POINT('',(-60.3624933988827,4.23186345267055,-6.55220052485819));
#7079=CARTESIAN_POINT('Origin',(-54.2513573199268,3.45260814256191E-16,
-3.45260814256191E-16));
#7080=CARTESIAN_POINT('',(-58.3898943168238,0.073905072084888,-6.69959237866899));
#7081=CARTESIAN_POINT('',(-54.2513573199268,0.0739050720848883,-6.69959237866899));
#7082=CARTESIAN_POINT('',(-58.3898943168238,3.8781311372655,-5.46352440116921));
#7083=CARTESIAN_POINT('Origin',(-58.3898943168238,9.18485099360516E-17,
-9.18485099360516E-17));
#7084=CARTESIAN_POINT('',(-54.2513573199268,3.8781311372655,-5.46352440116921));
#7085=CARTESIAN_POINT('Origin',(-58.2965930466346,9.75615650307321E-17,
-9.75615650307321E-17));
#7086=CARTESIAN_POINT('',(-58.9870224460348,3.82626436511228,-5.30389489038682));
#7087=CARTESIAN_POINT('Ctrl Pts',(-58.3898943168238,3.8781311372655,-5.46352440116921));
#7088=CARTESIAN_POINT('Ctrl Pts',(-58.6924288639819,3.85188435678652,-5.3827451169852));
#7089=CARTESIAN_POINT('Ctrl Pts',(-58.9870224460348,3.82626436511228,-5.30389489038682));
#7090=CARTESIAN_POINT('',(-58.9870224460348,0.0220382999316684,-6.53996286788661));
#7091=CARTESIAN_POINT('Ctrl Pts',(-58.9870224460348,0.0220382999316679,
-6.53996286788661));
#7092=CARTESIAN_POINT('Ctrl Pts',(-58.6924288638913,0.0476582916137783,
-6.61881309450921));
#7093=CARTESIAN_POINT('Ctrl Pts',(-58.3898943168238,0.0739050720848872,
-6.69959237866899));
#7094=CARTESIAN_POINT('Origin',(-58.9870224460348,5.52849573300955E-17,
-5.52849573300955E-17));
#7095=CARTESIAN_POINT('Origin',(-59.6993687279913,1.16663276259723E-17,
-1.16663276259723E-17));
#7096=CARTESIAN_POINT('',(-59.3356380584018,0.0220382999316687,-6.53996286788661));
#7097=CARTESIAN_POINT('',(-59.3356380584018,3.82626436511228,-5.30389489038682));
#7098=CARTESIAN_POINT('Origin',(-59.3356380584018,3.39384076391967E-17,
-3.39384076391967E-17));
#7099=CARTESIAN_POINT('Ctrl Pts',(-60.0630993975812,0.42763738749018,-7.78826850235875));
#7100=CARTESIAN_POINT('Ctrl Pts',(-59.6646879017095,0.207018636935327,-7.1092738057839));
#7101=CARTESIAN_POINT('Ctrl Pts',(-59.3356380584018,0.0220382999316679,
-6.53996286788661));
#7102=CARTESIAN_POINT('Ctrl Pts',(-60.0630993975812,4.23186345267079,-6.55220052485896));
#7103=CARTESIAN_POINT('Ctrl Pts',(-59.6646879017095,4.01124470211596,-5.87320582828418));
#7104=CARTESIAN_POINT('Ctrl Pts',(-59.3356380584018,3.82626436511228,-5.30389489038682));
#7105=CARTESIAN_POINT('Origin',(-59.094475586478,4.87053501049943E-17,-4.87053501049943E-17));
#7106=CARTESIAN_POINT('',(-59.094475586478,3.82626436511228,-5.30389489038682));
#7107=CARTESIAN_POINT('',(-59.094475586478,0.0220382999316684,-6.53996286788661));
#7108=CARTESIAN_POINT('Origin',(-49.2267185299083,6.52931204809583E-16,
-6.52931204809583E-16));
#7109=CARTESIAN_POINT('',(-49.2443495300354,-0.482783480487703,-4.98628118508241));
#7110=CARTESIAN_POINT('',(-49.2443495300354,3.32144258469291,-3.75021320758262));
#7111=CARTESIAN_POINT('Origin',(-49.2443495300354,3.14798333311742E-29,
0.));
#7112=CARTESIAN_POINT('Ctrl Pts',(-49.2443495300354,3.32144258469291,-3.75021320758262));
#7113=CARTESIAN_POINT('Ctrl Pts',(-49.7442897132637,3.41103615353363,-4.02595385944046));
#7114=CARTESIAN_POINT('Ctrl Pts',(-50.3109187097806,3.5107720418371,-4.33290936093762));
#7115=CARTESIAN_POINT('Ctrl Pts',(-49.2443495300354,-0.482783480487703,
-4.98628118508241));
#7116=CARTESIAN_POINT('Ctrl Pts',(-49.7442897132637,-0.393189911646986,
-5.26202183694026));
#7117=CARTESIAN_POINT('Ctrl Pts',(-50.3109187097806,-0.293454023343513,
-5.56897733843741));
#7118=CARTESIAN_POINT('Origin',(-62.3886823194278,3.1381810100901,-3.18619207643072));
#7119=CARTESIAN_POINT('',(-49.2006649481239,3.32430409440862,-3.75902002892613));
#7120=CARTESIAN_POINT('Ctrl Pts',(-49.2443495300354,3.32144258469291,-3.75021320758262));
#7121=CARTESIAN_POINT('Ctrl Pts',(-49.2225292350235,3.32287212799105,-3.75461288945697));
#7122=CARTESIAN_POINT('Ctrl Pts',(-49.2006649481239,3.32430409440862,-3.75902002892613));
#7123=CARTESIAN_POINT('Ctrl Pts',(-49.2006649481239,3.32430409440862,-3.75902002892613));
#7124=CARTESIAN_POINT('Ctrl Pts',(-49.4543623694076,3.59602464765823,-4.5952899023746));
#7125=CARTESIAN_POINT('Ctrl Pts',(-49.8241451884351,3.97506204946547,-5.76184707389041));
#7126=CARTESIAN_POINT('',(-61.0268134667184,3.29540662993984,-3.67008277826445));
#7127=CARTESIAN_POINT('Ctrl Pts',(-62.3886823194278,3.74636830588649,-5.05800010422241));
#7128=CARTESIAN_POINT('Ctrl Pts',(-61.612899802006,3.49353547506639,-4.27986066314997));
#7129=CARTESIAN_POINT('Ctrl Pts',(-61.0268134667184,3.29540662993984,-3.67008277826445));
#7130=CARTESIAN_POINT('',(-60.952675156032,3.29540662993984,-3.67008277826444));
#7131=CARTESIAN_POINT('',(-69.632,3.29540662993984,-3.67008277826445));
#7132=CARTESIAN_POINT('',(-58.9865060227021,3.26049924857167,-3.56264890530173));
#7133=CARTESIAN_POINT('Ctrl Pts',(-60.952675156032,3.29540662993984,-3.67008277826444));
#7134=CARTESIAN_POINT('Ctrl Pts',(-59.9571193310329,3.27776870510939,-3.61579882738385));
#7135=CARTESIAN_POINT('Ctrl Pts',(-58.9865060227021,3.26049924857167,-3.56264890530173));
#7136=CARTESIAN_POINT('Ctrl Pts',(-58.9865060227021,3.26049924857167,-3.56264890530173));
#7137=CARTESIAN_POINT('Ctrl Pts',(-58.9799583970027,3.25869917719726,-3.55710885526697));
#7138=CARTESIAN_POINT('Ctrl Pts',(-58.9734281055058,3.25690305314261,-3.55158095383326));
#7139=CARTESIAN_POINT('Origin',(-62.3886823194278,3.1381810100901,-3.18619207643072));
#7140=CARTESIAN_POINT('Ctrl Pts',(-46.917626901842,4.27418137097241,-6.68244168534337));
#7141=CARTESIAN_POINT('Ctrl Pts',(-46.8866079323948,4.21164115930041,-6.48996270546899));
#7142=CARTESIAN_POINT('Ctrl Pts',(-46.8571852658804,4.15210962816684,-6.30674349215638));
#7143=CARTESIAN_POINT('',(-46.8571852658804,2.5201470213402,-1.28407904384041));
#7144=CARTESIAN_POINT('Origin',(-62.3886823194278,3.1381810100901,-3.18619207643072));
#7145=CARTESIAN_POINT('',(-46.8571852658804,2.5201470213402,-1.28407904384041));
#7146=CARTESIAN_POINT('Origin',(-46.8571852658804,9.51056516295154,3.09016994374947));
#7147=CARTESIAN_POINT('',(-46.8571852658804,-0.357028060715571,-5.37331657022566));
#7148=CARTESIAN_POINT('',(-46.8571852658804,-0.357028060715571,-5.37331657022566));
#7149=CARTESIAN_POINT('Origin',(-62.3886823194278,1.18805691115916,-10.1285991517014));
#7150=CARTESIAN_POINT('',(-49.2006649481239,-0.479921970771992,-4.99508800642592));
#7151=CARTESIAN_POINT('Ctrl Pts',(-49.2006649481239,-0.479921970771992,
-4.99508800642592));
#7152=CARTESIAN_POINT('Ctrl Pts',(-49.2225292350235,-0.481353937189567,
-4.99068086695676));
#7153=CARTESIAN_POINT('Ctrl Pts',(-49.2443495300354,-0.482783480487703,
-4.98628118508241));
#7154=CARTESIAN_POINT('',(-58.9865060227021,-0.543726816608947,-4.79871688280152));
#7155=CARTESIAN_POINT('Ctrl Pts',(-58.9734281055058,-0.547323012038006,
-4.78764893133304));
#7156=CARTESIAN_POINT('Ctrl Pts',(-58.9799583970027,-0.545526887983357,
-4.79317683276676));
#7157=CARTESIAN_POINT('Ctrl Pts',(-58.9865060227021,-0.543726816608947,
-4.79871688280152));
#7158=CARTESIAN_POINT('',(-60.952675156032,-0.508819435240778,-4.90615075576423));
#7159=CARTESIAN_POINT('Ctrl Pts',(-58.9865060227021,-0.543726816608947,
-4.79871688280152));
#7160=CARTESIAN_POINT('Ctrl Pts',(-59.9571193347099,-0.52645736000594,-4.85186680508456));
#7161=CARTESIAN_POINT('Ctrl Pts',(-60.952675156032,-0.508819435240778,-4.90615075576423));
#7162=CARTESIAN_POINT('',(-61.0268134667184,-0.508819435240777,-4.90615075576423));
#7163=CARTESIAN_POINT('',(-69.632,-0.508819435240778,-4.90615075576423));
#7164=CARTESIAN_POINT('Ctrl Pts',(-61.0268134667184,-0.508819435240777,
-4.90615075576423));
#7165=CARTESIAN_POINT('Ctrl Pts',(-61.6128998020056,-0.310690590114334,
-5.51592864064943));
#7166=CARTESIAN_POINT('Ctrl Pts',(-62.3886823194278,-0.0578577592941282,
-6.2940680817222));
#7167=CARTESIAN_POINT('Ctrl Pts',(-49.8241451884351,0.17083598428485,-6.9979150513902));
#7168=CARTESIAN_POINT('Ctrl Pts',(-49.4543623694077,-0.208201417522305,
-5.83135787987463));
#7169=CARTESIAN_POINT('Ctrl Pts',(-49.2006649481239,-0.479921970771992,
-4.99508800642592));
#7170=CARTESIAN_POINT('Origin',(-62.3886823194278,1.18805691115916,-10.1285991517014));
#7171=CARTESIAN_POINT('Ctrl Pts',(-46.8571852658804,0.347883562986228,-7.54281146965617));
#7172=CARTESIAN_POINT('Ctrl Pts',(-46.8866079323985,0.40741509412731,-7.72603068299191));
#7173=CARTESIAN_POINT('Ctrl Pts',(-46.917626901842,0.469955305791797,-7.91850966284316));
#7174=CARTESIAN_POINT('Origin',(-62.3886823194278,1.18805691115916,-10.1285991517014));
#7175=CARTESIAN_POINT('Origin',(-49.5064137539315,1.27160962353549E-15,
-1.27160962353549E-15));
#7176=CARTESIAN_POINT('',(-49.2006649481239,-4.8989150429216,1.08713416476817));
#7177=CARTESIAN_POINT('',(-49.2006649481238,-5.01809020345089,-6.14538810548883E-16));
#7178=CARTESIAN_POINT('Origin',(-49.2006649481239,3.14518337208741E-29,
0.));
#7179=CARTESIAN_POINT('Origin',(-49.2006649481239,3.14518337208741E-29,
0.));
#7180=CARTESIAN_POINT('Ctrl Pts',(-49.2006649481239,-4.8989150429216,1.08713416476817));
#7181=CARTESIAN_POINT('Ctrl Pts',(-49.4543623694079,-5.6102886867719,1.60397737032756));
#7182=CARTESIAN_POINT('Ctrl Pts',(-49.8241451884351,-6.60262148770982,2.32494935214363));
#7183=CARTESIAN_POINT('Origin',(-46.8874060838612,1.59234555954488E-15,
-1.59234555954488E-15));
#7184=CARTESIAN_POINT('Origin',(-46.8874060838612,1.59234555954488E-15,
-1.59234555954488E-15));
#7185=CARTESIAN_POINT('Origin',(-46.8874060838612,1.59234555954488E-15,
-1.59234555954488E-15));
#7186=CARTESIAN_POINT('Origin',(-46.8874060838612,1.59234555954488E-15,
-1.59234555954488E-15));
#7187=CARTESIAN_POINT('Origin',(-46.8874060838612,1.59234555954488E-15,
-1.59234555954488E-15));
#7188=CARTESIAN_POINT('Origin',(-49.5064137539315,1.27160962353549E-15,
-1.27160962353549E-15));
#7189=CARTESIAN_POINT('Origin',(-49.2006649481239,3.14518337208741E-29,
0.));
#7190=CARTESIAN_POINT('Origin',(-49.5064137539315,1.27160962353549E-15,
-1.27160962353549E-15));
#7191=CARTESIAN_POINT('Origin',(-49.2006649481239,3.14518337208741E-29,
0.));
#7192=CARTESIAN_POINT('Origin',(-61.7429688918733,-1.13468092345782E-16,
1.13468092345782E-16));
#7193=CARTESIAN_POINT('Origin',(-61.0268134667184,3.90317975292201E-29,
0.));
#7194=CARTESIAN_POINT('Origin',(-61.7429688918733,-1.13468092345782E-16,
1.13468092345782E-16));
#7195=CARTESIAN_POINT('',(-61.0268134667184,3.29540662993984,3.67008277826444));
#7196=CARTESIAN_POINT('',(-61.0268134667184,-0.508819435240776,4.90615075576423));
#7197=CARTESIAN_POINT('Origin',(-61.0268134667184,3.90317975292201E-29,
0.));
#7198=CARTESIAN_POINT('Ctrl Pts',(-62.3886823194278,-0.0578577592941268,
6.2940680817222));
#7199=CARTESIAN_POINT('Ctrl Pts',(-61.6128998020059,-0.310690590114232,
5.51592864064975));
#7200=CARTESIAN_POINT('Ctrl Pts',(-61.0268134667184,-0.508819435240777,
4.90615075576423));
#7201=CARTESIAN_POINT('Ctrl Pts',(-61.0268134667184,3.29540662993984,3.67008277826444));
#7202=CARTESIAN_POINT('Ctrl Pts',(-61.6128998020056,3.49353547506629,4.27986066314965));
#7203=CARTESIAN_POINT('Ctrl Pts',(-62.3886823194278,3.74636830588649,5.05800010422241));
#7204=CARTESIAN_POINT('Origin',(-62.3886823194278,-0.666045055090518,4.42226005393051));
#7205=CARTESIAN_POINT('',(-49.2443495300355,-0.482783480487702,4.98628118508241));
#7206=CARTESIAN_POINT('',(-49.2006649481238,-0.479921970771989,4.99508800642592));
#7207=CARTESIAN_POINT('Ctrl Pts',(-49.2443495300355,-0.482783480487702,
4.98628118508241));
#7208=CARTESIAN_POINT('Ctrl Pts',(-49.2225292350235,-0.481353937189564,
4.99068086695676));
#7209=CARTESIAN_POINT('Ctrl Pts',(-49.2006649481238,-0.479921970771989,
4.99508800642592));
#7210=CARTESIAN_POINT('Ctrl Pts',(-49.2006649481238,-0.479921970771989,
4.99508800642592));
#7211=CARTESIAN_POINT('Ctrl Pts',(-49.4543623694075,-0.208201417522497,
5.83135787987404));
#7212=CARTESIAN_POINT('Ctrl Pts',(-49.8241451884351,0.170835984284862,6.99791505139023));
#7213=CARTESIAN_POINT('',(-60.952675156032,-0.508819435240776,4.90615075576423));
#7214=CARTESIAN_POINT('',(-69.632,-0.508819435240778,4.90615075576423));
#7215=CARTESIAN_POINT('',(-58.9865060227021,-0.543726816608946,4.79871688280152));
#7216=CARTESIAN_POINT('Ctrl Pts',(-60.952675156032,-0.508819435240777,4.90615075576423));
#7217=CARTESIAN_POINT('Ctrl Pts',(-59.9571193310034,-0.526457360071747,
4.85186680488202));
#7218=CARTESIAN_POINT('Ctrl Pts',(-58.9865060227021,-0.543726816608946,
4.79871688280152));
#7219=CARTESIAN_POINT('Ctrl Pts',(-58.9865060227021,-0.543726816608946,
4.79871688280152));
#7220=CARTESIAN_POINT('Ctrl Pts',(-58.9799583970027,-0.545526887983354,
4.79317683276676));
#7221=CARTESIAN_POINT('Ctrl Pts',(-58.9734281055058,-0.547323012038004,
4.78764893133304));
#7222=CARTESIAN_POINT('Ctrl Pts',(-49.2443495300355,-0.482783480487702,
4.98628118508241));
#7223=CARTESIAN_POINT('Ctrl Pts',(-49.7442897132637,-0.393189911646983,
5.26202183694027));
#7224=CARTESIAN_POINT('Ctrl Pts',(-50.3109187097806,-0.293454023343512,
5.56897733843741));
#7225=CARTESIAN_POINT('Origin',(-62.3886823194278,4.99228297633978,8.89253117420164));
#7226=CARTESIAN_POINT('',(-49.2006649481239,3.32430409440863,3.75902002892613));
#7227=CARTESIAN_POINT('',(-49.2443495300354,3.32144258469291,3.75021320758262));
#7228=CARTESIAN_POINT('Ctrl Pts',(-49.2006649481239,3.32430409440863,3.75902002892613));
#7229=CARTESIAN_POINT('Ctrl Pts',(-49.2225292350235,3.32287212799105,3.75461288945697));
#7230=CARTESIAN_POINT('Ctrl Pts',(-49.2443495300354,3.32144258469291,3.75021320758262));
#7231=CARTESIAN_POINT('Ctrl Pts',(-49.2443495300354,3.32144258469291,3.75021320758262));
#7232=CARTESIAN_POINT('Ctrl Pts',(-49.7442897132637,3.41103615353363,4.02595385944047));
#7233=CARTESIAN_POINT('Ctrl Pts',(-50.3109187097806,3.5107720418371,4.33290936093762));
#7234=CARTESIAN_POINT('',(-58.9865060227021,3.26049924857167,3.56264890530173));
#7235=CARTESIAN_POINT('Ctrl Pts',(-58.9734281055058,3.25690305314261,3.55158095383325));
#7236=CARTESIAN_POINT('Ctrl Pts',(-58.9799583970027,3.25869917719726,3.55710885526697));
#7237=CARTESIAN_POINT('Ctrl Pts',(-58.9865060227021,3.26049924857167,3.56264890530173));
#7238=CARTESIAN_POINT('',(-60.952675156032,3.29540662993984,3.67008277826444));
#7239=CARTESIAN_POINT('Ctrl Pts',(-58.9865060227021,3.26049924857167,3.56264890530173));
#7240=CARTESIAN_POINT('Ctrl Pts',(-59.9571193310391,3.2777687051095,3.61579882738418));
#7241=CARTESIAN_POINT('Ctrl Pts',(-60.952675156032,3.29540662993984,3.67008277826444));
#7242=CARTESIAN_POINT('',(-69.632,3.29540662993984,3.67008277826444));
#7243=CARTESIAN_POINT('Ctrl Pts',(-49.8241451884351,3.97506204946548,5.76184707389044));
#7244=CARTESIAN_POINT('Ctrl Pts',(-49.454362369408,3.59602464765865,4.59528990237589));
#7245=CARTESIAN_POINT('Ctrl Pts',(-49.2006649481239,3.32430409440863,3.75902002892613));
#7246=CARTESIAN_POINT('Origin',(-62.3886823194278,4.,2.));
#7247=CARTESIAN_POINT('',(-49.2443495300354,4.59304691307836,2.));
#7248=CARTESIAN_POINT('',(-49.2006649481238,4.60230695303668,2.));
#7249=CARTESIAN_POINT('Ctrl Pts',(-49.2443495300354,4.59304691307836,2.));
#7250=CARTESIAN_POINT('Ctrl Pts',(-49.2225292350235,4.59767301236791,2.));
#7251=CARTESIAN_POINT('Ctrl Pts',(-49.2006649481238,4.60230695303668,2.));
#7252=CARTESIAN_POINT('Ctrl Pts',(-49.2006649481238,4.60230695303668,2.));
#7253=CARTESIAN_POINT('Ctrl Pts',(-49.4543623694077,5.48161313423639,2.));
#7254=CARTESIAN_POINT('Ctrl Pts',(-49.8241451884351,6.70820393249937,2.));
#7255=CARTESIAN_POINT('',(-60.952675156032,4.5087927936383,2.));
#7256=CARTESIAN_POINT('',(-69.632,4.5087927936383,2.));
#7257=CARTESIAN_POINT('',(-58.9865060227021,4.3958301346144,2.));
#7258=CARTESIAN_POINT('Ctrl Pts',(-60.952675156032,4.5087927936383,2.));
#7259=CARTESIAN_POINT('Ctrl Pts',(-59.9571193310301,4.45171526990479,2.));
#7260=CARTESIAN_POINT('Ctrl Pts',(-58.9865060227021,4.3958301346144,2.));
#7261=CARTESIAN_POINT('',(-58.9734281055058,4.38419260174559,2.));
#7262=CARTESIAN_POINT('Ctrl Pts',(-58.9865060227021,4.3958301346144,2.));
#7263=CARTESIAN_POINT('Ctrl Pts',(-58.9799583970027,4.39000498128246,2.));
#7264=CARTESIAN_POINT('Ctrl Pts',(-58.9734281055058,4.38419260174559,2.));
#7265=CARTESIAN_POINT('',(-50.3109187097851,5.20572990654267,2.));
#7266=CARTESIAN_POINT('Ctrl Pts',(-58.9734281055058,4.38419260174559,2.));
#7267=CARTESIAN_POINT('Ctrl Pts',(-55.0132178355883,4.76501476538317,2.));
#7268=CARTESIAN_POINT('Ctrl Pts',(-50.3109187097851,5.20572990654267,2.));
#7269=CARTESIAN_POINT('Ctrl Pts',(-49.2443495300354,4.59304691307836,2.));
#7270=CARTESIAN_POINT('Ctrl Pts',(-49.7442897132637,4.88297779219373,2.));
#7271=CARTESIAN_POINT('Ctrl Pts',(-50.3109187097806,5.20572990654009,2.));
#7272=CARTESIAN_POINT('Origin',(-55.3399731409754,2.78602320218777E-16,
-2.78602320218777E-16));
#7273=CARTESIAN_POINT('Origin',(-58.9734281055058,5.61173706108653E-17,
-5.61173706108653E-17));
#7274=CARTESIAN_POINT('Origin',(-50.3109187097852,5.86543090813523E-16,
-5.86543090813523E-16));
#7275=CARTESIAN_POINT('Origin',(-61.7429688918733,-1.13468092345782E-16,
1.13468092345782E-16));
#7276=CARTESIAN_POINT('',(-61.0268134667184,-2.47211948958374,4.26823589849307));
#7277=CARTESIAN_POINT('',(-61.0268134667184,-4.82326049875363,1.03216792099328));
#7278=CARTESIAN_POINT('Origin',(-61.0268134667184,3.90317975292201E-29,
0.));
#7279=CARTESIAN_POINT('Ctrl Pts',(-62.3886823194278,-6.00389349400558,1.88994800201017));
#7280=CARTESIAN_POINT('Ctrl Pts',(-61.6128998020059,-5.34196854944669,1.40903137944055));
#7281=CARTESIAN_POINT('Ctrl Pts',(-61.0268134667184,-4.82326049875363,1.03216792099328));
#7282=CARTESIAN_POINT('Ctrl Pts',(-61.0268134667184,-2.47211948958374,4.26823589849307));
#7283=CARTESIAN_POINT('Ctrl Pts',(-61.6128998020056,-2.99082754027653,4.64509935694014));
#7284=CARTESIAN_POINT('Ctrl Pts',(-62.3886823194278,-3.65275248483568,5.12601597950996));
#7285=CARTESIAN_POINT('Origin',(-62.3886823194278,-4.41163848208474,0.733107020419998));
#7286=CARTESIAN_POINT('',(-49.2443495300354,-4.89142351322673,1.08169124984503));
#7287=CARTESIAN_POINT('Ctrl Pts',(-49.2443495300354,-4.89142351322673,1.08169124984503));
#7288=CARTESIAN_POINT('Ctrl Pts',(-49.2225292350235,-4.89516610616965,1.08441040278307));
#7289=CARTESIAN_POINT('Ctrl Pts',(-49.2006649481239,-4.8989150429216,1.08713416476817));
#7290=CARTESIAN_POINT('',(-60.952675156032,-4.82326049875363,1.03216792099328));
#7291=CARTESIAN_POINT('',(-69.632,-4.82326049875363,1.03216792099328));
#7292=CARTESIAN_POINT('',(-58.9865060227021,-4.73187178787351,0.965770135959285));
#7293=CARTESIAN_POINT('Ctrl Pts',(-60.952675156032,-4.82326049875363,1.03216792099328));
#7294=CARTESIAN_POINT('Ctrl Pts',(-59.9571193347587,-4.77708381222969,0.998618594431266));
#7295=CARTESIAN_POINT('Ctrl Pts',(-58.9865060227021,-4.73187178787351,0.965770135959285));
#7296=CARTESIAN_POINT('Ctrl Pts',(-58.9865060227021,-4.73187178787351,0.965770135959285));
#7297=CARTESIAN_POINT('Ctrl Pts',(-58.9799583970027,-4.72715913983313,0.96234619673843));
#7298=CARTESIAN_POINT('Ctrl Pts',(-58.9734281055058,-4.72245682601005,0.958929765765933));
#7299=CARTESIAN_POINT('Ctrl Pts',(-49.2443495300354,-4.89142351322673,1.08169124984503));
#7300=CARTESIAN_POINT('Ctrl Pts',(-49.7442897132637,-5.12598252162513,1.25210834477323));
#7301=CARTESIAN_POINT('Ctrl Pts',(-50.3109187097806,-5.38709446710179,1.44181727773225));
#7302=CARTESIAN_POINT('Origin',(-62.3886823194278,-6.91459943916453,7.49588651167463));
#7303=CARTESIAN_POINT('',(-49.2006649481239,-2.54777403375171,4.32320214226796));
#7304=CARTESIAN_POINT('',(-49.2443495300354,-2.54028250405684,4.31775922734482));
#7305=CARTESIAN_POINT('Ctrl Pts',(-49.2006649481239,-2.54777403375171,4.32320214226796));
#7306=CARTESIAN_POINT('Ctrl Pts',(-49.2225292350235,-2.54402509699975,4.32047838028286));
#7307=CARTESIAN_POINT('Ctrl Pts',(-49.2443495300354,-2.54028250405684,4.31775922734482));
#7308=CARTESIAN_POINT('Ctrl Pts',(-49.2443495300354,-2.54028250405684,4.31775922734482));
#7309=CARTESIAN_POINT('Ctrl Pts',(-49.7442897132637,-2.77484151245524,4.48817632227303));
#7310=CARTESIAN_POINT('Ctrl Pts',(-50.3109187097806,-3.03595345793189,4.67788525523204));
#7311=CARTESIAN_POINT('',(-58.9865060227021,-2.38073077870361,4.20183811345907));
#7312=CARTESIAN_POINT('Ctrl Pts',(-58.9734281055058,-2.37131581684015,4.19499774326572));
#7313=CARTESIAN_POINT('Ctrl Pts',(-58.9799583970027,-2.37601813066323,4.19841417423822));
#7314=CARTESIAN_POINT('Ctrl Pts',(-58.9865060227021,-2.38073077870361,4.20183811345908));
#7315=CARTESIAN_POINT('',(-60.952675156032,-2.47211948958374,4.26823589849307));
#7316=CARTESIAN_POINT('Ctrl Pts',(-58.9865060227021,-2.38073077870361,4.20183811345908));
#7317=CARTESIAN_POINT('Ctrl Pts',(-59.9571193347587,-2.4259428030598,4.23468657193106));
#7318=CARTESIAN_POINT('Ctrl Pts',(-60.952675156032,-2.47211948958374,4.26823589849307));
#7319=CARTESIAN_POINT('',(-69.632,-2.47211948958374,4.26823589849307));
#7320=CARTESIAN_POINT('Ctrl Pts',(-49.8241451884351,-4.25148047853992,5.56101732964342));
#7321=CARTESIAN_POINT('Ctrl Pts',(-49.454362369408,-3.25914767760201,4.84004534782735));
#7322=CARTESIAN_POINT('Ctrl Pts',(-49.2006649481239,-2.54777403375171,4.32320214226796));
#7323=CARTESIAN_POINT('Origin',(-61.7429688918733,-1.13468092345782E-16,
1.13468092345782E-16));
#7324=CARTESIAN_POINT('Origin',(-61.0268134667184,3.90317975292201E-29,
0.));
#7325=CARTESIAN_POINT('Origin',(-49.2267185299083,6.52931204809583E-16,
-6.52931204809583E-16));
#7326=CARTESIAN_POINT('Origin',(-49.2443495300354,3.14798333311742E-29,
0.));
#7327=CARTESIAN_POINT('Origin',(-49.5064137539315,1.27160962353549E-15,
-1.27160962353549E-15));
#7328=CARTESIAN_POINT('Origin',(-49.2006649481239,3.14518337208741E-29,
0.));
#7329=CARTESIAN_POINT('Origin',(-49.2267185299083,6.52931204809583E-16,
-6.52931204809583E-16));
#7330=CARTESIAN_POINT('Origin',(-49.2443495300354,3.14798333311742E-29,
0.));
#7331=CARTESIAN_POINT('Origin',(-49.5064137539315,1.27160962353549E-15,
-1.27160962353549E-15));
#7332=CARTESIAN_POINT('Origin',(-49.2006649481239,3.14518337208741E-29,
0.));
#7333=CARTESIAN_POINT('Origin',(-49.2267185299083,6.52931204809583E-16,
-6.52931204809583E-16));
#7334=CARTESIAN_POINT('Origin',(-49.2443495300354,3.14798333311742E-29,
0.));
#7335=CARTESIAN_POINT('Origin',(-61.1285584631289,3.88006458626553E-29,
0.));
#7336=CARTESIAN_POINT('',(-61.6242684738266,1.65,0.));
#7337=CARTESIAN_POINT('',(-61.6242684738266,-1.65,-2.02066721859313E-16));
#7338=CARTESIAN_POINT('Origin',(-61.6242684738266,3.91346827232869E-29,
0.));
#7339=CARTESIAN_POINT('',(-62.135,-2.50000000000001,-3.06161699786839E-16));
#7340=CARTESIAN_POINT('',(-61.1285584631289,-0.824999999999999,-1.01033360929656E-16));
#7341=CARTESIAN_POINT('',(-62.135,2.5,0.));
#7342=CARTESIAN_POINT('Origin',(-62.135,3.94788419130285E-29,0.));
#7343=CARTESIAN_POINT('Origin',(-62.135,3.94788419130285E-29,0.));
#7344=CARTESIAN_POINT('Origin',(-61.6242684738266,3.91346827232869E-29,
0.));
#7345=CARTESIAN_POINT('Origin',(-2.59019363928122,-6.45746564924665E-31,
0.));
#7346=CARTESIAN_POINT('',(-2.45500000000002,2.1,0.));
#7347=CARTESIAN_POINT('',(-2.45500000000002,-2.1,-2.57175827820944E-16));
#7348=CARTESIAN_POINT('Origin',(-2.45500000000002,-7.3684752691509E-31,
0.));
#7349=CARTESIAN_POINT('',(-2.72538727856242,-1.65,-2.02066721859313E-16));
#7350=CARTESIAN_POINT('',(-2.59019363928122,-1.875,-2.29621274840129E-16));
#7351=CARTESIAN_POINT('',(-2.72538727856242,1.65,0.));
#7352=CARTESIAN_POINT('Origin',(-2.72538727856242,-5.54645602934238E-31,
0.));
#7353=CARTESIAN_POINT('Origin',(-2.72538727856242,-5.54645602934238E-31,
0.));
#7354=CARTESIAN_POINT('Origin',(-2.45500000000002,-7.3684752691509E-31,
0.));
#7355=CARTESIAN_POINT('Origin',(-1.45500000000002,-1.41070291297312E-30,
0.));
#7356=CARTESIAN_POINT('',(-0.455000000000018,2.1,0.));
#7357=CARTESIAN_POINT('',(-0.455000000000014,-2.1,-2.57175827820944E-16));
#7358=CARTESIAN_POINT('Origin',(-0.455000000000014,-2.08455829903116E-30,
0.));
#7359=CARTESIAN_POINT('',(-1.45500000000002,-2.1,-2.57175827820944E-16));
#7360=CARTESIAN_POINT('Origin',(-0.455000000000014,-2.08455829903116E-30,
0.));
#7361=CARTESIAN_POINT('Origin',(-0.206500000000016,-2.25201136246658E-30,
0.));
#7362=CARTESIAN_POINT('',(0.0449999999999823,2.38867513459481,0.));
#7363=CARTESIAN_POINT('',(0.0449999999999822,-2.38867513459481,-2.92528335778441E-16));
#7364=CARTESIAN_POINT('Origin',(0.0449999999999817,-1.12149890340866E-31,
0.));
#7365=CARTESIAN_POINT('',(-0.206500000000016,-2.24347154189362,-2.7474602427582E-16));
#7366=CARTESIAN_POINT('Origin',(0.0449999999999817,-1.12149890340866E-31,
0.));
#7367=CARTESIAN_POINT('Origin',(-69.8835,4.47002103718992E-29,0.));
#7368=CARTESIAN_POINT('',(-69.635,2.5,0.));
#7369=CARTESIAN_POINT('',(-69.635,-2.5,-3.06161699786838E-16));
#7370=CARTESIAN_POINT('Origin',(-69.635,4.45327573084637E-29,0.));
#7371=CARTESIAN_POINT('',(-70.135,-2.78867513459481,-3.41514207744335E-16));
#7372=CARTESIAN_POINT('',(-69.8835,-2.64347154189362,-3.23731896241714E-16));
#7373=CARTESIAN_POINT('',(-70.135,2.78867513459481,0.));
#7374=CARTESIAN_POINT('Origin',(-70.135,4.48696850014928E-29,0.));
#7375=CARTESIAN_POINT('Origin',(-70.135,4.48696850014928E-29,0.));
#7376=CARTESIAN_POINT('Origin',(-69.635,4.45327573084637E-29,0.));
#7377=CARTESIAN_POINT('Origin',(-65.885,4.20057996107461E-29,0.));
#7378=CARTESIAN_POINT('',(-65.885,-2.5,-3.06161699786838E-16));
#7379=CARTESIAN_POINT('Origin',(-32.1748278761945,1.92900185601763E-29,
0.));
#7380=CARTESIAN_POINT('',(-21.985,-1.65,-2.02066721859313E-16));
#7381=CARTESIAN_POINT('Origin',(-21.985,1.24235481627983E-29,0.));
#7382=CARTESIAN_POINT('',(-32.1748278761945,-1.65,2.02066721859313E-16));
#7383=CARTESIAN_POINT('Origin',(-22.035,5.47424999999977,0.));
#7384=CARTESIAN_POINT('',(-22.035,-6.6485,-8.14206424413118E-16));
#7385=CARTESIAN_POINT('Origin',(-22.035,1.40400147493241E-29,0.));
#7386=CARTESIAN_POINT('',(-22.035,-4.25,5.20474889637625E-16));
#7387=CARTESIAN_POINT('Origin',(-22.035,1.40400147493241E-29,0.));
#7388=CARTESIAN_POINT('Origin',(-19.7828786796565,1.25965187477842E-29,
0.));
#7389=CARTESIAN_POINT('',(-16.285,6.6485,0.));
#7390=CARTESIAN_POINT('',(-16.285,-6.6485,-8.14206424413118E-16));
#7391=CARTESIAN_POINT('Origin',(-16.285,1.03545552077447E-29,0.));
#7392=CARTESIAN_POINT('Origin',(-16.285,1.03545552077447E-29,0.));
#7393=CARTESIAN_POINT('',(-19.935,-6.6485,-8.14206424413118E-16));
#7394=CARTESIAN_POINT('',(-19.7828786796565,-6.6485,-8.14206424413118E-16));
#7395=CARTESIAN_POINT('Origin',(-19.935,1.26940208297907E-29,0.));
#7396=CARTESIAN_POINT('Origin',(0.0449999999999866,3.76995888764097,0.));
#7397=CARTESIAN_POINT('',(0.0449999999999867,-5.253,-6.43306963592105E-16));
#7398=CARTESIAN_POINT('Origin',(0.0449999999999867,-1.1214989034087E-31,
0.));
#7399=CARTESIAN_POINT('Origin',(-13.389400613121,8.49862227053339E-30,0.));
#7400=CARTESIAN_POINT('',(-10.4512855852216,-3.70300000000001,4.53486709724266E-16));
#7401=CARTESIAN_POINT('Origin',(-10.4512855852216,6.61543895508478E-30,
0.));
#7402=CARTESIAN_POINT('',(-13.389400613121,-5.18648328343843,-6.35161015189413E-16));
#7403=CARTESIAN_POINT('Origin',(-69.885,4.47094476301197E-29,0.));
#7404=CARTESIAN_POINT('',(-69.635,4.93246515000002,0.));
#7405=CARTESIAN_POINT('',(-69.635,-4.93246515000002,-6.04052765785339E-16));
#7406=CARTESIAN_POINT('Origin',(-69.635,4.45492102587467E-29,0.));
#7407=CARTESIAN_POINT('Origin',(-69.635,4.45492102587467E-29,0.));
#7408=CARTESIAN_POINT('',(-70.135,-4.6437900154052,-5.68700257827841E-16));
#7409=CARTESIAN_POINT('',(-69.885,-4.78812758270261,-5.8637651180659E-16));
#7410=CARTESIAN_POINT('',(-70.135,4.6437900154052,0.));
#7411=CARTESIAN_POINT('Origin',(-70.135,4.48696850014928E-29,0.));
#7412=CARTESIAN_POINT('Origin',(-70.135,4.48696850014928E-29,0.));
#7413=CARTESIAN_POINT('Origin',(-70.135,3.716232575,0.));
#7414=CARTESIAN_POINT('Origin',(-34.935,2.23082631121718E-29,0.));
#7415=CARTESIAN_POINT('',(-25.835,-5.075,6.21508250567282E-16));
#7416=CARTESIAN_POINT('Origin',(-25.835,1.6475622794194E-29,0.));
#7417=CARTESIAN_POINT('',(-44.035,-5.075,-6.21508250567282E-16));
#7418=CARTESIAN_POINT('',(-34.935,-5.075,-6.21508250567282E-16));
#7419=CARTESIAN_POINT('',(-44.035,5.075,0.));
#7420=CARTESIAN_POINT('Origin',(-44.035,2.81409034301497E-29,0.));
#7421=CARTESIAN_POINT('Origin',(-44.035,2.81409034301497E-29,0.));
#7422=CARTESIAN_POINT('Origin',(-44.5128456849832,2.84471783760842E-29,
0.));
#7423=CARTESIAN_POINT('',(-45.0274762566538,-5.02298652345328,-6.15138436810735E-16));
#7424=CARTESIAN_POINT('',(-44.5128456849832,-5.04995716883684,-6.18441388264727E-16));
#7425=CARTESIAN_POINT('Origin',(-45.0274762566538,2.8777030576215E-29,0.));
#7426=CARTESIAN_POINT('Origin',(-45.9116675925433,2.93437525580299E-29,
0.));
#7427=CARTESIAN_POINT('',(-45.5434998846819,-4.8652222680075,5.95817887765581E-16));
#7428=CARTESIAN_POINT('Origin',(-45.5434998846819,2.91077756551013E-29,
0.));
#7429=CARTESIAN_POINT('',(-46.235,-4.8652222680075,-5.95817887765581E-16));
#7430=CARTESIAN_POINT('',(-45.9116675925433,-4.8652222680075,-5.95817887765581E-16));
#7431=CARTESIAN_POINT('',(-46.235,4.8652222680075,0.));
#7432=CARTESIAN_POINT('Origin',(-46.235,2.95509922982322E-29,0.));
#7433=CARTESIAN_POINT('Origin',(-46.235,2.95509922982322E-29,0.));
#7434=CARTESIAN_POINT('Origin',(-1.45500000000002,8.49274337897241E-31,
0.));
#7435=CARTESIAN_POINT('',(-2.95500000000003,-5.253,-6.43306963592105E-16));
#7436=CARTESIAN_POINT('',(-1.45500000000002,-5.253,-6.43306963592105E-16));
#7437=CARTESIAN_POINT('Origin',(-2.95500000000003,1.81069856613536E-30,
0.));
#7438=CARTESIAN_POINT('Origin',(-25.6828786796565,1.63781207121874E-29,
0.));
#7439=CARTESIAN_POINT('',(-25.835,-6.6485,-8.14206424413118E-16));
#7440=CARTESIAN_POINT('',(-25.6828786796565,-6.6485,-8.14206424413118E-16));
#7441=CARTESIAN_POINT('Origin',(-25.835,1.6475622794194E-29,0.));
#7442=CARTESIAN_POINT('Origin',(-60.0080953328755,3.83788506654721E-29,
0.));
#7443=CARTESIAN_POINT('Origin',(-58.9865060227021,3.77240635227322E-29,
0.));
#7444=CARTESIAN_POINT('Origin',(-60.952675156032,3.89842786171304E-29,0.));
#7445=CARTESIAN_POINT('Origin',(-69.632,4.45472874102902E-29,0.));
#7446=CARTESIAN_POINT('',(-60.952675156032,-4.93246515000002,-6.04052765785339E-16));
#7447=CARTESIAN_POINT('Origin',(-60.952675156032,3.89842786171304E-29,0.));
#7448=CARTESIAN_POINT('',(-69.632,-4.93246515000002,-6.04052765785339E-16));
#7449=CARTESIAN_POINT('Origin',(-60.952675156032,3.89842786171304E-29,0.));
#7450=CARTESIAN_POINT('Origin',(-60.952675156032,3.89842786171304E-29,0.));
#7451=CARTESIAN_POINT('Origin',(-60.952675156032,3.89842786171304E-29,0.));
#7452=CARTESIAN_POINT('Origin',(-60.952675156032,3.89842786171304E-29,0.));
#7453=CARTESIAN_POINT('Origin',(-25.835,5.88674999999951,0.));
#7454=CARTESIAN_POINT('Origin',(-6.77932896666431,4.26190024967125E-30,
0.));
#7455=CARTESIAN_POINT('',(-2.95500000000003,-3.70300000000001,4.53486709724266E-16));
#7456=CARTESIAN_POINT('Origin',(-2.95500000000003,1.81069856613536E-30,
0.));
#7457=CARTESIAN_POINT('',(-6.77932896666431,-3.70300000000001,-4.53486709724266E-16));
#7458=CARTESIAN_POINT('Origin',(-2.95500000000003,4.52712132034356,0.));
#7459=CARTESIAN_POINT('Origin',(-20.985,1.33670177895574E-29,0.));
#7460=CARTESIAN_POINT('',(-21.985,-4.25,5.20474889637625E-16));
#7461=CARTESIAN_POINT('Origin',(-21.985,1.40079672750495E-29,0.));
#7462=CARTESIAN_POINT('',(-20.985,-4.25,-5.20474889637625E-16));
#7463=CARTESIAN_POINT('Origin',(-19.935,5.4742499999996,0.));
#7464=CARTESIAN_POINT('',(-19.935,-4.25,5.20474889637625E-16));
#7465=CARTESIAN_POINT('Origin',(-19.935,1.26940208297907E-29,0.));
#7466=CARTESIAN_POINT('Origin',(-45.2816628840984,2.89399513642946E-29,
0.));
#7467=CARTESIAN_POINT('',(-45.2816628840984,-4.94527387262697,-6.05621381901965E-16));
#7468=CARTESIAN_POINT('Origin',(-47.635,3.04483215779211E-29,0.));
#7469=CARTESIAN_POINT('',(-47.635,-4.93859315900376,-6.04803230446497E-16));
#7470=CARTESIAN_POINT('Origin',(-53.1742162065629,3.3998679355547E-29,0.));
#7471=CARTESIAN_POINT('',(-57.2801048594772,-3.44760617582241,4.22209986794156E-16));
#7472=CARTESIAN_POINT('',(-53.1742162065629,-4.24571008146093,-5.19949526136878E-16));
#7473=CARTESIAN_POINT('Origin',(-57.2801048594772,3.66303465751201E-29,
0.));
#7474=CARTESIAN_POINT('Origin',(-60.0080953328755,3.83788506654721E-29,
0.));
#7475=CARTESIAN_POINT('Origin',(-58.9865060227021,3.77240635227322E-29,
0.));
#7476=CARTESIAN_POINT('Origin',(-60.0080953328755,3.83788506654721E-29,
0.));
#7477=CARTESIAN_POINT('Origin',(-58.9865060227021,3.77240635227322E-29,
0.));
#7478=CARTESIAN_POINT('Origin',(-60.0080953328755,3.83788506654721E-29,
0.));
#7479=CARTESIAN_POINT('Origin',(-58.9865060227021,3.77240635227322E-29,
0.));
#7480=CARTESIAN_POINT('Origin',(-60.0080953328755,3.83788506654721E-29,
0.));
#7481=CARTESIAN_POINT('',(-58.9865060227021,-4.82942259202734,-5.91433691905619E-16));
#7482=CARTESIAN_POINT('Origin',(-58.9865060227021,3.77240635227322E-29,
0.));
#7483=CARTESIAN_POINT('Origin',(-58.9865060227021,3.77240635227322E-29,
0.));
#7484=CARTESIAN_POINT('Origin',(-58.1662691661715,3.71983331315573E-29,
0.));
#7485=CARTESIAN_POINT('',(-58.1662691661715,-4.16520788217084,-5.10090850068385E-16));
#7486=CARTESIAN_POINT('Origin',(-20.985,1.33670177895574E-29,0.));
#7487=CARTESIAN_POINT('',(-19.985,-4.25,-5.20474889637625E-16));
#7488=CARTESIAN_POINT('',(-20.985,-4.25,-5.20474889637625E-16));
#7489=CARTESIAN_POINT('Origin',(-19.985,1.27260683040653E-29,0.));
#7490=CARTESIAN_POINT('Origin',(-20.985,-5.59478575259412E-16,4.09933920829245E-30));
#7491=CARTESIAN_POINT('',(-21.985,-4.28827763443991,-5.08263464454828));
#7492=CARTESIAN_POINT('',(-21.985,4.28827763443991,5.08263464454828));
#7493=CARTESIAN_POINT('Origin',(-21.985,1.6551466956661E-29,3.01465546361356E-30));
#7494=CARTESIAN_POINT('Origin',(-21.985,1.6551466956661E-29,3.01465546361356E-30));
#7495=CARTESIAN_POINT('',(-19.985,4.28827763443991,5.08263464454828));
#7496=CARTESIAN_POINT('',(-20.985,4.28827763443991,5.08263464454828));
#7497=CARTESIAN_POINT('',(-19.985,-4.28827763443992,-5.08263464454828));
#7498=CARTESIAN_POINT('Origin',(-19.985,-1.11895715051884E-15,5.18402295297134E-30));
#7499=CARTESIAN_POINT('Origin',(-19.985,-1.11895715051884E-15,5.18402295297134E-30));
#7500=CARTESIAN_POINT('Origin',(-19.985,-4.12706418953616,-4.89155815415173));
#7501=CARTESIAN_POINT('Origin',(-21.985,-4.12706418953616,-4.89155815415173));
#7502=CARTESIAN_POINT('Origin',(-21.985,-4.12706418953616,-4.89155815415173));
#7503=CARTESIAN_POINT('Origin',(-32.1748278761945,1.92900185601763E-29,
0.));
#7504=CARTESIAN_POINT('',(-4.14567714327826,-1.65,2.02066721859313E-16));
#7505=CARTESIAN_POINT('',(-32.1748278761945,-1.65,2.02066721859313E-16));
#7506=CARTESIAN_POINT('',(-4.14567714327826,1.65,-2.33822791481996E-16));
#7507=CARTESIAN_POINT('Origin',(-4.14567714327826,4.02424372168166E-31,
0.));
#7508=CARTESIAN_POINT('Origin',(-4.14567714327826,4.02424372168166E-31,
0.));
#7509=CARTESIAN_POINT('Origin',(-3.95500000000001,-2.1539425315609E-16,
-3.61529990247169E-16));
#7510=CARTESIAN_POINT('',(-3.95500000000001,1.5399125,-6.35597197326773E-16));
#7511=CARTESIAN_POINT('Origin',(-3.95500000000001,-2.1539425315609E-16,
-3.61529990247169E-16));
#7512=CARTESIAN_POINT('Origin',(-4.35344746296369,-1.9393842972934E-16,
-3.25517313397352E-16));
#7513=CARTESIAN_POINT('',(-4.35344746296369,1.76995625,-2.07012496844477E-16));
#7514=UNCERTAINTY_MEASURE_WITH_UNIT(LENGTH_MEASURE(0.01),#7518,
'DISTANCE_ACCURACY_VALUE',
'Maximum model space distance between geometric entities at asserted c
onnectivities');
#7515=UNCERTAINTY_MEASURE_WITH_UNIT(LENGTH_MEASURE(0.01),#7518,
'DISTANCE_ACCURACY_VALUE',
'Maximum model space distance between geometric entities at asserted c
onnectivities');
#7516=(
GEOMETRIC_REPRESENTATION_CONTEXT(3)
GLOBAL_UNCERTAINTY_ASSIGNED_CONTEXT((#7514))
GLOBAL_UNIT_ASSIGNED_CONTEXT((#7518,#7520,#7521))
REPRESENTATION_CONTEXT('','3D')
);
#7517=(
GEOMETRIC_REPRESENTATION_CONTEXT(3)
GLOBAL_UNCERTAINTY_ASSIGNED_CONTEXT((#7515))
GLOBAL_UNIT_ASSIGNED_CONTEXT((#7518,#7520,#7521))
REPRESENTATION_CONTEXT('','3D')
);
#7518=(
LENGTH_UNIT()
NAMED_UNIT(*)
SI_UNIT(.MILLI.,.METRE.)
);
#7519=(
LENGTH_UNIT()
NAMED_UNIT(*)
SI_UNIT(.CENTI.,.METRE.)
);
#7520=(
NAMED_UNIT(*)
PLANE_ANGLE_UNIT()
SI_UNIT($,.RADIAN.)
);
#7521=(
NAMED_UNIT(*)
SI_UNIT($,.STERADIAN.)
SOLID_ANGLE_UNIT()
);
#7522=SHAPE_DEFINITION_REPRESENTATION(#7523,#7524);
#7523=PRODUCT_DEFINITION_SHAPE('',$,#7526);
#7524=SHAPE_REPRESENTATION('',(#4239),#7516);
#7525=PRODUCT_DEFINITION_CONTEXT('part definition',#7530,'design');
#7526=PRODUCT_DEFINITION('110_115_Welle_H25A_kpl_Shrinkwrap_1',
'110_115_Welle_H25A_kpl_Shrinkwrap_1',#7527,#7525);
#7527=PRODUCT_DEFINITION_FORMATION('',$,#7532);
#7528=PRODUCT_RELATED_PRODUCT_CATEGORY(
'110_115_Welle_H25A_kpl_Shrinkwrap_1',
'110_115_Welle_H25A_kpl_Shrinkwrap_1',(#7532));
#7529=APPLICATION_PROTOCOL_DEFINITION('international standard',
'automotive_design',2009,#7530);
#7530=APPLICATION_CONTEXT(
'Core Data for Automotive Mechanical Design Process');
#7531=PRODUCT_CONTEXT('part definition',#7530,'mechanical');
#7532=PRODUCT('110_115_Welle_H25A_kpl_Shrinkwrap_1',
'110_115_Welle_H25A_kpl_Shrinkwrap_1',$,(#7531));
#7533=PRESENTATION_STYLE_ASSIGNMENT((#7540));
#7534=PRESENTATION_STYLE_ASSIGNMENT((#7541));
#7535=PRESENTATION_STYLE_ASSIGNMENT((#7542));
#7536=PRESENTATION_STYLE_ASSIGNMENT((#7543));
#7537=PRESENTATION_STYLE_ASSIGNMENT((#7544));
#7538=PRESENTATION_STYLE_ASSIGNMENT((#7545));
#7539=PRESENTATION_STYLE_ASSIGNMENT((#7546));
#7540=SURFACE_STYLE_USAGE(.BOTH.,#7561);
#7541=SURFACE_STYLE_USAGE(.BOTH.,#7562);
#7542=SURFACE_STYLE_USAGE(.BOTH.,#7563);
#7543=SURFACE_STYLE_USAGE(.BOTH.,#7564);
#7544=SURFACE_STYLE_USAGE(.BOTH.,#7565);
#7545=SURFACE_STYLE_USAGE(.BOTH.,#7566);
#7546=SURFACE_STYLE_USAGE(.BOTH.,#7567);
#7547=SURFACE_STYLE_RENDERING_WITH_PROPERTIES($,#7589,(#7554));
#7548=SURFACE_STYLE_RENDERING_WITH_PROPERTIES($,#7590,(#7555));
#7549=SURFACE_STYLE_RENDERING_WITH_PROPERTIES($,#7591,(#7556));
#7550=SURFACE_STYLE_RENDERING_WITH_PROPERTIES($,#7592,(#7557));
#7551=SURFACE_STYLE_RENDERING_WITH_PROPERTIES($,#7593,(#7558));
#7552=SURFACE_STYLE_RENDERING_WITH_PROPERTIES($,#7594,(#7559));
#7553=SURFACE_STYLE_RENDERING_WITH_PROPERTIES($,#7595,(#7560));
#7554=SURFACE_STYLE_TRANSPARENT(0.);
#7555=SURFACE_STYLE_TRANSPARENT(0.);
#7556=SURFACE_STYLE_TRANSPARENT(0.);
#7557=SURFACE_STYLE_TRANSPARENT(0.);
#7558=SURFACE_STYLE_TRANSPARENT(0.);
#7559=SURFACE_STYLE_TRANSPARENT(0.);
#7560=SURFACE_STYLE_TRANSPARENT(0.);
#7561=SURFACE_SIDE_STYLE('',(#7568,#7547));
#7562=SURFACE_SIDE_STYLE('',(#7569,#7548));
#7563=SURFACE_SIDE_STYLE('',(#7570,#7549));
#7564=SURFACE_SIDE_STYLE('',(#7571,#7550));
#7565=SURFACE_SIDE_STYLE('',(#7572,#7551));
#7566=SURFACE_SIDE_STYLE('',(#7573,#7552));
#7567=SURFACE_SIDE_STYLE('',(#7574,#7553));
#7568=SURFACE_STYLE_FILL_AREA(#7575);
#7569=SURFACE_STYLE_FILL_AREA(#7576);
#7570=SURFACE_STYLE_FILL_AREA(#7577);
#7571=SURFACE_STYLE_FILL_AREA(#7578);
#7572=SURFACE_STYLE_FILL_AREA(#7579);
#7573=SURFACE_STYLE_FILL_AREA(#7580);
#7574=SURFACE_STYLE_FILL_AREA(#7581);
#7575=FILL_AREA_STYLE('',(#7582));
#7576=FILL_AREA_STYLE('',(#7583));
#7577=FILL_AREA_STYLE('',(#7584));
#7578=FILL_AREA_STYLE('',(#7585));
#7579=FILL_AREA_STYLE('',(#7586));
#7580=FILL_AREA_STYLE('',(#7587));
#7581=FILL_AREA_STYLE('',(#7588));
#7582=FILL_AREA_STYLE_COLOUR('',#7589);
#7583=FILL_AREA_STYLE_COLOUR('',#7590);
#7584=FILL_AREA_STYLE_COLOUR('',#7591);
#7585=FILL_AREA_STYLE_COLOUR('',#7592);
#7586=FILL_AREA_STYLE_COLOUR('',#7593);
#7587=FILL_AREA_STYLE_COLOUR('',#7594);
#7588=FILL_AREA_STYLE_COLOUR('',#7595);
#7589=COLOUR_RGB('',0.749019607843137,0.749019607843137,0.749019607843137);
#7590=COLOUR_RGB('',0.745098039215686,0.737254901960784,0.729411764705882);
#7591=COLOUR_RGB('',0.87843137254902,0.874509803921569,0.858823529411765);
#7592=COLOUR_RGB('',0.705882352941177,0.705882352941177,0.705882352941177);
#7593=COLOUR_RGB('',0.8,0.796078431372549,0.701960784313725);
#7594=COLOUR_RGB('',0.309803921568627,0.309803921568627,0.309803921568627);
#7595=COLOUR_RGB('',0.,0.,0.);
ENDSEC;
END-ISO-10303-21;
