ISO-10303-21;
HEADER;
/* Generated by software containing ST-Developer
 * from STEP Tools, Inc. (www.steptools.com) 
 */

FILE_DESCRIPTION(
/* description */ (''),
/* implementation_level */ '2;1');

FILE_NAME(
/* name */ 
'H:\\02_Technik\\01_Modelle\\8xx_SLHx\\801_SLH25\\801_xx2_SLH25_Nennsp
annposition.stp',
/* time_stamp */ '2022-08-23T11:21:42+02:00',
/* author */ ('rdupont'),
/* organization */ (''),
/* preprocessor_version */ 'ST-DEVELOPER v18',
/* originating_system */ 'Autodesk Inventor 2020',
/* authorisation */ '');

FILE_SCHEMA (('AUTOMOTIVE_DESIGN { 1 0 10303 214 3 1 1 }'));
ENDSEC;

DATA;
#10=MECHANICAL_DESIGN_GEOMETRIC_PRESENTATION_REPRESENTATION('',(#3612,#3613,
#3614,#3615,#3616,#3617,#3618,#3619,#3620,#3621,#3622,#3623,#3624,#3625,
#3626,#3627,#3628,#3629,#3630,#3631,#3632,#3633,#3634,#3635,#3636,#3637,
#3638,#3639,#3640,#3641,#3642,#3643,#3644,#3645,#3646,#3647,#3648,#3649,
#3650,#3651,#3652,#3653,#3654,#3655,#3656,#3657,#3658,#3659,#3660,#3661,
#3662,#3663,#3664,#3665,#3666,#3667,#3668,#3669,#3670,#3671,#3672,#3673,
#3674,#3675,#3676,#3677,#3678,#3679,#3680,#3681,#3682,#3683,#3684,#3685,
#3686,#3687,#3688,#3689,#3690,#3691,#3692,#3693,#3694,#3695,#3696,#3697,
#3698,#3699,#3700,#3701,#3702,#3703,#3704,#3705,#3706,#3707,#3708,#3709,
#3710,#3711,#3712,#3713,#3714,#3715,#3716,#3717,#3718,#3719,#3720,#3721,
#3722,#3723,#3724,#3725,#3726,#3727,#3728,#3729,#3730,#3731,#3732,#3733,
#3734,#3735,#3736,#3737,#3738,#3739,#3740,#3741,#3742,#3743,#3744,#3745,
#3746,#3747,#3748,#3749,#3750,#3751,#3752,#3753,#3754,#3755,#3756,#3757,
#3758,#3759,#3760,#3761,#3762,#3763,#3764,#3765,#3766,#3767,#3768,#3769,
#3770,#3771,#3772,#3773,#3774,#3775,#3776,#3777,#3778,#3779,#3780,#3781,
#3782,#3783,#3784,#3785,#3786,#3787,#3788,#3789,#3790,#3791,#3792,#3793,
#3794,#3795,#3796,#3797,#3798,#3799,#3800,#3801,#3802,#3803,#3804,#3805,
#3806,#3807,#3808,#3809,#3810,#3811,#3812,#3813,#3814,#3815,#3816,#3817,
#3818,#3819,#3820,#3821),#7173);
#11=SHAPE_REPRESENTATION_RELATIONSHIP('SRR','None',#7180,#12);
#12=ADVANCED_BREP_SHAPE_REPRESENTATION('',(#13,#14),#7172);
#13=MANIFOLD_SOLID_BREP('Volumenk\X\F6rper1',#4030);
#14=MANIFOLD_SOLID_BREP('Volumenk\X\F6rper1',#4031);
#15=TOROIDAL_SURFACE('',#4229,6.8,0.2);
#16=TOROIDAL_SURFACE('',#4255,6.8,0.2);
#17=TOROIDAL_SURFACE('',#4284,6.8,0.2);
#18=TOROIDAL_SURFACE('',#4309,6.8,0.2);
#19=TOROIDAL_SURFACE('',#4346,6.8,0.2);
#20=TOROIDAL_SURFACE('',#4447,7.09999999999997,0.3);
#21=TOROIDAL_SURFACE('',#4448,7.09999999999997,0.3);
#22=TOROIDAL_SURFACE('',#4449,7.09999999999997,0.3);
#23=TOROIDAL_SURFACE('',#4458,7.07499999999999,0.199999999999997);
#24=TOROIDAL_SURFACE('',#4460,7.07499999999999,0.199999999999997);
#25=TOROIDAL_SURFACE('',#4462,7.07499999999999,0.199999999999997);
#26=TOROIDAL_SURFACE('',#4464,7.07499999999999,0.199999999999997);
#27=TOROIDAL_SURFACE('',#4471,7.07499999999999,0.199999999999997);
#28=TOROIDAL_SURFACE('',#4473,7.09999999999997,0.3);
#29=TOROIDAL_SURFACE('',#4476,7.09999999999997,0.3);
#30=B_SPLINE_CURVE_WITH_KNOTS('',3,(#6187,#6188,#6189,#6190,#6191,#6192,
#6193,#6194),.UNSPECIFIED.,.F.,.F.,(4,2,2,4),(-0.0281839488066354,-0.0224358987535685,
-0.0147663480263525,-0.0124337785985809),.UNSPECIFIED.);
#31=B_SPLINE_CURVE_WITH_KNOTS('',3,(#6242,#6243,#6244,#6245,#6246,#6247,
#6248,#6249),.UNSPECIFIED.,.F.,.F.,(4,2,2,4),(0.0124337785985811,0.0147663480263525,
0.0224358987535685,0.0281839488066354),.UNSPECIFIED.);
#32=B_SPLINE_CURVE_WITH_KNOTS('',3,(#6311,#6312,#6313,#6314,#6315,#6316,
#6317,#6318),.UNSPECIFIED.,.F.,.F.,(4,2,2,4),(-0.0281839488066354,-0.0224358987535685,
-0.0147663480263525,-0.0124337785985809),.UNSPECIFIED.);
#33=B_SPLINE_CURVE_WITH_KNOTS('',3,(#6335,#6336,#6337,#6338,#6339,#6340,
#6341,#6342),.UNSPECIFIED.,.F.,.F.,(4,2,2,4),(0.0124337785985811,0.0147663480263525,
0.0224358987535685,0.0281839488066354),.UNSPECIFIED.);
#34=B_SPLINE_CURVE_WITH_KNOTS('',3,(#6374,#6375,#6376,#6377,#6378,#6379,
#6380,#6381),.UNSPECIFIED.,.F.,.F.,(4,2,2,4),(0.0124337785985811,0.0147663480263525,
0.0224358987535685,0.0281839488066354),.UNSPECIFIED.);
#35=B_SPLINE_CURVE_WITH_KNOTS('',3,(#6394,#6395,#6396,#6397,#6398,#6399,
#6400,#6401),.UNSPECIFIED.,.F.,.F.,(4,2,2,4),(-0.0281839488066354,-0.0224358987535685,
-0.0147663480263525,-0.0124337785985809),.UNSPECIFIED.);
#36=B_SPLINE_CURVE_WITH_KNOTS('',3,(#6460,#6461,#6462,#6463,#6464,#6465,
#6466,#6467),.UNSPECIFIED.,.F.,.F.,(4,2,2,4),(-0.0281839488066354,-0.0224358987535685,
-0.0147663480263525,-0.0124337785985809),.UNSPECIFIED.);
#37=B_SPLINE_CURVE_WITH_KNOTS('',3,(#6484,#6485,#6486,#6487,#6488,#6489,
#6490,#6491),.UNSPECIFIED.,.F.,.F.,(4,2,2,4),(0.0124337785985811,0.0147663480263525,
0.0224358987535685,0.0281839488066354),.UNSPECIFIED.);
#38=B_SPLINE_CURVE_WITH_KNOTS('',3,(#6520,#6521,#6522,#6523,#6524,#6525,
#6526,#6527),.UNSPECIFIED.,.F.,.F.,(4,2,2,4),(-0.0281839488066354,-0.0224358987535685,
-0.0147663480263525,-0.0124337785985809),.UNSPECIFIED.);
#39=B_SPLINE_CURVE_WITH_KNOTS('',3,(#6575,#6576,#6577,#6578,#6579,#6580,
#6581,#6582),.UNSPECIFIED.,.F.,.F.,(4,2,2,4),(0.0124337785985811,0.0147663480263525,
0.0224358987535685,0.0281839488066354),.UNSPECIFIED.);
#40=B_SPLINE_CURVE_WITH_KNOTS('',3,(#6957,#6958,#6959,#6960,#6961,#6962,
#6963,#6964,#6965,#6966),.UNSPECIFIED.,.F.,.F.,(4,2,2,2,4),(0.361104655421445,
0.394431655156743,0.472443867003022,0.550456078849301,0.583783078584599),
 .UNSPECIFIED.);
#41=B_SPLINE_CURVE_WITH_KNOTS('',3,(#6976,#6977,#6978,#6979,#6980,#6981,
#6982,#6983,#6984,#6985,#6986),.UNSPECIFIED.,.F.,.F.,(4,2,3,2,4),(-0.0963365758311207,
-0.0673879481655346,0.,0.0673879481655346,0.0963365758311207),
 .UNSPECIFIED.);
#42=B_SPLINE_CURVE_WITH_KNOTS('',3,(#6997,#6998,#6999,#7000,#7001,#7002,
#7003,#7004,#7005,#7006),.UNSPECIFIED.,.F.,.F.,(4,2,2,2,4),(0.361104655421444,
0.394431655156742,0.472443867003021,0.550456078849301,0.583783078584598),
 .UNSPECIFIED.);
#43=B_SPLINE_CURVE_WITH_KNOTS('',3,(#7016,#7017,#7018,#7019,#7020,#7021,
#7022,#7023,#7024,#7025,#7026),.UNSPECIFIED.,.F.,.F.,(4,2,3,2,4),(-0.0963365758311207,
-0.0673879481655338,0.,0.0673879481655339,0.0963365758311207),
 .UNSPECIFIED.);
#44=B_SPLINE_CURVE_WITH_KNOTS('',3,(#7037,#7038,#7039,#7040,#7041,#7042,
#7043,#7044,#7045,#7046),.UNSPECIFIED.,.F.,.F.,(4,2,2,2,4),(0.361104655421445,
0.394431655156744,0.472443867003022,0.550456078849301,0.583783078584599),
 .UNSPECIFIED.);
#45=B_SPLINE_CURVE_WITH_KNOTS('',3,(#7054,#7055,#7056,#7057,#7058,#7059,
#7060,#7061,#7062,#7063,#7064),.UNSPECIFIED.,.F.,.F.,(4,2,3,2,4),(-0.0963365758311207,
-0.0673879481655338,0.,0.0673879481655339,0.0963365758311207),
 .UNSPECIFIED.);
#46=B_SPLINE_CURVE_WITH_KNOTS('',3,(#7071,#7072,#7073,#7074,#7075,#7076,
#7077,#7078,#7079,#7080),.UNSPECIFIED.,.F.,.F.,(4,2,2,2,4),(0.361104655421445,
0.394431655156743,0.472443867003022,0.550456078849302,0.5837830785846),
 .UNSPECIFIED.);
#47=B_SPLINE_CURVE_WITH_KNOTS('',3,(#7088,#7089,#7090,#7091,#7092,#7093,
#7094,#7095,#7096,#7097,#7098),.UNSPECIFIED.,.F.,.F.,(4,2,3,2,4),(-0.0963365758311214,
-0.0673879481655328,0.,0.0673879481655328,0.0963365758311215),
 .UNSPECIFIED.);
#48=B_SPLINE_CURVE_WITH_KNOTS('',3,(#7139,#7140,#7141,#7142,#7143,#7144,
#7145,#7146,#7147,#7148),.UNSPECIFIED.,.F.,.F.,(4,2,2,2,4),(0.361104655421444,
0.394431655156744,0.472443867003022,0.5504560788493,0.583783078584599),
 .UNSPECIFIED.);
#49=B_SPLINE_CURVE_WITH_KNOTS('',3,(#7152,#7153,#7154,#7155,#7156,#7157,
#7158,#7159,#7160,#7161,#7162),.UNSPECIFIED.,.F.,.F.,(4,2,3,2,4),(-0.0963365758311214,
-0.0673879481655317,0.,0.0673879481655317,0.0963365758311214),
 .UNSPECIFIED.);
#50=(
BOUNDED_CURVE()
B_SPLINE_CURVE(2,(#5580,#5581,#5582),.UNSPECIFIED.,.F.,.F.)
B_SPLINE_CURVE_WITH_KNOTS((3,3),(0.00961437174858218,0.196941825994258),
 .UNSPECIFIED.)
CURVE()
GEOMETRIC_REPRESENTATION_ITEM()
RATIONAL_B_SPLINE_CURVE((1.00000629591514,1.00006448310179,1.))
REPRESENTATION_ITEM('')
);
#51=(
BOUNDED_CURVE()
B_SPLINE_CURVE(2,(#5586,#5587,#5588),.UNSPECIFIED.,.F.,.F.)
B_SPLINE_CURVE_WITH_KNOTS((3,3),(0.,0.187327454244654),.UNSPECIFIED.)
CURVE()
GEOMETRIC_REPRESENTATION_ITEM()
RATIONAL_B_SPLINE_CURVE((1.,1.00006448311926,1.00000629591685))
REPRESENTATION_ITEM('')
);
#52=(
BOUNDED_CURVE()
B_SPLINE_CURVE(2,(#5592,#5593,#5594),.UNSPECIFIED.,.F.,.F.)
B_SPLINE_CURVE_WITH_KNOTS((3,3),(0.00961437174873893,0.196941825994258),
 .UNSPECIFIED.)
CURVE()
GEOMETRIC_REPRESENTATION_ITEM()
RATIONAL_B_SPLINE_CURVE((1.00000629591356,1.00006448308563,1.))
REPRESENTATION_ITEM('')
);
#53=(
BOUNDED_CURVE()
B_SPLINE_CURVE(2,(#5598,#5599,#5600),.UNSPECIFIED.,.F.,.F.)
B_SPLINE_CURVE_WITH_KNOTS((3,3),(0.,0.187327454211287),.UNSPECIFIED.)
CURVE()
GEOMETRIC_REPRESENTATION_ITEM()
RATIONAL_B_SPLINE_CURVE((1.,1.00006448316538,1.00000629592137))
REPRESENTATION_ITEM('')
);
#54=(
BOUNDED_CURVE()
B_SPLINE_CURVE(2,(#5604,#5605,#5606),.UNSPECIFIED.,.F.,.F.)
B_SPLINE_CURVE_WITH_KNOTS((3,3),(0.00961437174853551,0.196941825994258),
 .UNSPECIFIED.)
CURVE()
GEOMETRIC_REPRESENTATION_ITEM()
RATIONAL_B_SPLINE_CURVE((1.00000629591541,1.00006448310449,1.))
REPRESENTATION_ITEM('')
);
#55=(
BOUNDED_CURVE()
B_SPLINE_CURVE(2,(#5610,#5611,#5612),.UNSPECIFIED.,.F.,.F.)
B_SPLINE_CURVE_WITH_KNOTS((3,3),(0.,0.187327454244861),.UNSPECIFIED.)
CURVE()
GEOMETRIC_REPRESENTATION_ITEM()
RATIONAL_B_SPLINE_CURVE((1.,1.00006448308724,1.00000629591372))
REPRESENTATION_ITEM('')
);
#56=(
BOUNDED_CURVE()
B_SPLINE_CURVE(2,(#5616,#5617,#5618),.UNSPECIFIED.,.F.,.F.)
B_SPLINE_CURVE_WITH_KNOTS((3,3),(0.00961437174869328,0.196941825994258),
 .UNSPECIFIED.)
CURVE()
GEOMETRIC_REPRESENTATION_ITEM()
RATIONAL_B_SPLINE_CURVE((1.00000629591161,1.00006448306557,1.))
REPRESENTATION_ITEM('')
);
#57=(
BOUNDED_CURVE()
B_SPLINE_CURVE(2,(#5622,#5623,#5624),.UNSPECIFIED.,.F.,.F.)
B_SPLINE_CURVE_WITH_KNOTS((3,3),(0.,0.187327454244699),.UNSPECIFIED.)
CURVE()
GEOMETRIC_REPRESENTATION_ITEM()
RATIONAL_B_SPLINE_CURVE((1.,1.00006448313802,1.00000629591868))
REPRESENTATION_ITEM('')
);
#58=(
BOUNDED_CURVE()
B_SPLINE_CURVE(2,(#5628,#5629,#5630),.UNSPECIFIED.,.F.,.F.)
B_SPLINE_CURVE_WITH_KNOTS((3,3),(0.0096143717485402,0.196941825994258),
 .UNSPECIFIED.)
CURVE()
GEOMETRIC_REPRESENTATION_ITEM()
RATIONAL_B_SPLINE_CURVE((1.00000629591423,1.00006448309243,1.))
REPRESENTATION_ITEM('')
);
#59=(
BOUNDED_CURVE()
B_SPLINE_CURVE(2,(#5634,#5635,#5636),.UNSPECIFIED.,.F.,.F.)
B_SPLINE_CURVE_WITH_KNOTS((3,3),(0.,0.187327454244423),.UNSPECIFIED.)
CURVE()
GEOMETRIC_REPRESENTATION_ITEM()
RATIONAL_B_SPLINE_CURVE((1.,1.00006448307896,1.00000629591291))
REPRESENTATION_ITEM('')
);
#60=(
BOUNDED_CURVE()
B_SPLINE_CURVE(2,(#5643,#5644,#5645),.UNSPECIFIED.,.F.,.F.)
B_SPLINE_CURVE_WITH_KNOTS((3,3),(0.827196971409703,0.828537648454946),
 .UNSPECIFIED.)
CURVE()
GEOMETRIC_REPRESENTATION_ITEM()
RATIONAL_B_SPLINE_CURVE((1.00008994463426,1.00005179726332,1.00001352600164))
REPRESENTATION_ITEM('')
);
#61=(
BOUNDED_CURVE()
B_SPLINE_CURVE(2,(#5649,#5650,#5651),.UNSPECIFIED.,.F.,.F.)
B_SPLINE_CURVE_WITH_KNOTS((3,3),(0.000236846342765876,0.00157752338003341),
 .UNSPECIFIED.)
CURVE()
GEOMETRIC_REPRESENTATION_ITEM()
RATIONAL_B_SPLINE_CURVE((1.0000135260021,1.00005179726355,1.00008994463426))
REPRESENTATION_ITEM('')
);
#62=(
BOUNDED_CURVE()
B_SPLINE_CURVE(2,(#5655,#5656,#5657),.UNSPECIFIED.,.F.,.F.)
B_SPLINE_CURVE_WITH_KNOTS((3,3),(0.827196971409704,0.828537648454945),
 .UNSPECIFIED.)
CURVE()
GEOMETRIC_REPRESENTATION_ITEM()
RATIONAL_B_SPLINE_CURVE((1.00008994463426,1.00005179726332,1.00001352600164))
REPRESENTATION_ITEM('')
);
#63=(
BOUNDED_CURVE()
B_SPLINE_CURVE(2,(#5661,#5662,#5663),.UNSPECIFIED.,.F.,.F.)
B_SPLINE_CURVE_WITH_KNOTS((3,3),(0.000236846342766372,0.00157752338003154),
 .UNSPECIFIED.)
CURVE()
GEOMETRIC_REPRESENTATION_ITEM()
RATIONAL_B_SPLINE_CURVE((1.0000135260021,1.00005179726355,1.00008994463426))
REPRESENTATION_ITEM('')
);
#64=(
BOUNDED_CURVE()
B_SPLINE_CURVE(2,(#5667,#5668,#5669),.UNSPECIFIED.,.F.,.F.)
B_SPLINE_CURVE_WITH_KNOTS((3,3),(0.827196971409702,0.828537648454947),
 .UNSPECIFIED.)
CURVE()
GEOMETRIC_REPRESENTATION_ITEM()
RATIONAL_B_SPLINE_CURVE((1.00008994463426,1.00005179726332,1.00001352600164))
REPRESENTATION_ITEM('')
);
#65=(
BOUNDED_CURVE()
B_SPLINE_CURVE(2,(#5673,#5674,#5675),.UNSPECIFIED.,.F.,.F.)
B_SPLINE_CURVE_WITH_KNOTS((3,3),(0.00023684634276644,0.00157752338003107),
 .UNSPECIFIED.)
CURVE()
GEOMETRIC_REPRESENTATION_ITEM()
RATIONAL_B_SPLINE_CURVE((1.0000135260021,1.00005179726355,1.00008994463426))
REPRESENTATION_ITEM('')
);
#66=(
BOUNDED_CURVE()
B_SPLINE_CURVE(2,(#5679,#5680,#5681),.UNSPECIFIED.,.F.,.F.)
B_SPLINE_CURVE_WITH_KNOTS((3,3),(0.827196971409702,0.828537648454944),
 .UNSPECIFIED.)
CURVE()
GEOMETRIC_REPRESENTATION_ITEM()
RATIONAL_B_SPLINE_CURVE((1.00008994463426,1.00005179726332,1.00001352600164))
REPRESENTATION_ITEM('')
);
#67=(
BOUNDED_CURVE()
B_SPLINE_CURVE(2,(#5685,#5686,#5687),.UNSPECIFIED.,.F.,.F.)
B_SPLINE_CURVE_WITH_KNOTS((3,3),(0.000236846342767943,0.00157752338003196),
 .UNSPECIFIED.)
CURVE()
GEOMETRIC_REPRESENTATION_ITEM()
RATIONAL_B_SPLINE_CURVE((1.0000135260021,1.00005179726355,1.00008994463426))
REPRESENTATION_ITEM('')
);
#68=(
BOUNDED_CURVE()
B_SPLINE_CURVE(2,(#5691,#5692,#5693),.UNSPECIFIED.,.F.,.F.)
B_SPLINE_CURVE_WITH_KNOTS((3,3),(0.827196971409703,0.828537648454946),
 .UNSPECIFIED.)
CURVE()
GEOMETRIC_REPRESENTATION_ITEM()
RATIONAL_B_SPLINE_CURVE((1.00008994463426,1.00005179726332,1.00001352600164))
REPRESENTATION_ITEM('')
);
#69=(
BOUNDED_CURVE()
B_SPLINE_CURVE(2,(#5697,#5698,#5699),.UNSPECIFIED.,.F.,.F.)
B_SPLINE_CURVE_WITH_KNOTS((3,3),(0.000236846342765118,0.00157752338003252),
 .UNSPECIFIED.)
CURVE()
GEOMETRIC_REPRESENTATION_ITEM()
RATIONAL_B_SPLINE_CURVE((1.0000135260021,1.00005179726355,1.00008994463426))
REPRESENTATION_ITEM('')
);
#70=(
BOUNDED_CURVE()
B_SPLINE_CURVE(2,(#5848,#5849,#5850),.UNSPECIFIED.,.F.,.F.)
B_SPLINE_CURVE_WITH_KNOTS((3,3),(0.00344167555062895,0.171762759636137),
 .UNSPECIFIED.)
CURVE()
GEOMETRIC_REPRESENTATION_ITEM()
RATIONAL_B_SPLINE_CURVE((1.00039952479928,1.01013284676012,1.01630546182224))
REPRESENTATION_ITEM('')
);
#71=(
BOUNDED_CURVE()
B_SPLINE_CURVE(2,(#5853,#5854,#5855),.UNSPECIFIED.,.F.,.F.)
B_SPLINE_CURVE_WITH_KNOTS((3,3),(0.00344167555062889,0.171762759636137),
 .UNSPECIFIED.)
CURVE()
GEOMETRIC_REPRESENTATION_ITEM()
RATIONAL_B_SPLINE_CURVE((1.00039952479928,1.01013284676012,1.01630546182224))
REPRESENTATION_ITEM('')
);
#72=(
BOUNDED_CURVE()
B_SPLINE_CURVE(2,(#5858,#5859,#5860),.UNSPECIFIED.,.F.,.F.)
B_SPLINE_CURVE_WITH_KNOTS((3,3),(0.,0.221996786689714),.UNSPECIFIED.)
CURVE()
GEOMETRIC_REPRESENTATION_ITEM()
RATIONAL_B_SPLINE_CURVE((1.,1.01632005374269,1.00028492100852))
REPRESENTATION_ITEM('')
);
#73=(
BOUNDED_CURVE()
B_SPLINE_CURVE(2,(#5865,#5866,#5867),.UNSPECIFIED.,.F.,.F.)
B_SPLINE_CURVE_WITH_KNOTS((3,3),(0.00195491218684572,0.223951698876563),
 .UNSPECIFIED.)
CURVE()
GEOMETRIC_REPRESENTATION_ITEM()
RATIONAL_B_SPLINE_CURVE((1.00028492100859,1.0163200537469,1.))
REPRESENTATION_ITEM('')
);
#74=(
BOUNDED_CURVE()
B_SPLINE_CURVE(2,(#5870,#5871,#5872),.UNSPECIFIED.,.F.,.F.)
B_SPLINE_CURVE_WITH_KNOTS((3,3),(0.00344167555062914,0.171762759636137),
 .UNSPECIFIED.)
CURVE()
GEOMETRIC_REPRESENTATION_ITEM()
RATIONAL_B_SPLINE_CURVE((1.00039952479928,1.01013284676012,1.01630546182224))
REPRESENTATION_ITEM('')
);
#75=(
BOUNDED_CURVE()
B_SPLINE_CURVE(2,(#5875,#5876,#5877),.UNSPECIFIED.,.F.,.F.)
B_SPLINE_CURVE_WITH_KNOTS((3,3),(0.00344167555062908,0.171762759636137),
 .UNSPECIFIED.)
CURVE()
GEOMETRIC_REPRESENTATION_ITEM()
RATIONAL_B_SPLINE_CURVE((1.00039952479928,1.01013284676012,1.01630546182224))
REPRESENTATION_ITEM('')
);
#76=(
BOUNDED_CURVE()
B_SPLINE_CURVE(2,(#5880,#5881,#5882),.UNSPECIFIED.,.F.,.F.)
B_SPLINE_CURVE_WITH_KNOTS((3,3),(0.,0.221996786689716),.UNSPECIFIED.)
CURVE()
GEOMETRIC_REPRESENTATION_ITEM()
RATIONAL_B_SPLINE_CURVE((1.,1.01632005374367,1.00028492100854))
REPRESENTATION_ITEM('')
);
#77=(
BOUNDED_CURVE()
B_SPLINE_CURVE(2,(#5885,#5886,#5887),.UNSPECIFIED.,.F.,.F.)
B_SPLINE_CURVE_WITH_KNOTS((3,3),(0.00195491218685076,0.223951698876566),
 .UNSPECIFIED.)
CURVE()
GEOMETRIC_REPRESENTATION_ITEM()
RATIONAL_B_SPLINE_CURVE((1.00028492100856,1.01632005374516,1.))
REPRESENTATION_ITEM('')
);
#78=(
BOUNDED_CURVE()
B_SPLINE_CURVE(2,(#5890,#5891,#5892),.UNSPECIFIED.,.F.,.F.)
B_SPLINE_CURVE_WITH_KNOTS((3,3),(0.00344167555062922,0.171762759636137),
 .UNSPECIFIED.)
CURVE()
GEOMETRIC_REPRESENTATION_ITEM()
RATIONAL_B_SPLINE_CURVE((1.00039952479928,1.01013284676012,1.01630546182224))
REPRESENTATION_ITEM('')
);
#79=(
BOUNDED_CURVE()
B_SPLINE_CURVE(2,(#5895,#5896,#5897),.UNSPECIFIED.,.F.,.F.)
B_SPLINE_CURVE_WITH_KNOTS((3,3),(0.00344167555062921,0.171762759636137),
 .UNSPECIFIED.)
CURVE()
GEOMETRIC_REPRESENTATION_ITEM()
RATIONAL_B_SPLINE_CURVE((1.00039952479928,1.01013284676012,1.01630546182224))
REPRESENTATION_ITEM('')
);
#80=(
BOUNDED_CURVE()
B_SPLINE_CURVE(2,(#5900,#5901,#5902),.UNSPECIFIED.,.F.,.F.)
B_SPLINE_CURVE_WITH_KNOTS((3,3),(0.,0.203039681831016),.UNSPECIFIED.)
CURVE()
GEOMETRIC_REPRESENTATION_ITEM()
RATIONAL_B_SPLINE_CURVE((1.,1.0090241082515,1.00019564046956))
REPRESENTATION_ITEM('')
);
#81=(
BOUNDED_CURVE()
B_SPLINE_CURVE(2,(#5905,#5906,#5907),.UNSPECIFIED.,.F.,.F.)
B_SPLINE_CURVE_WITH_KNOTS((3,3),(0.123072186520229,0.310437524482694),
 .UNSPECIFIED.)
CURVE()
GEOMETRIC_REPRESENTATION_ITEM()
RATIONAL_B_SPLINE_CURVE((1.01177163386385,1.01484639616446,1.))
REPRESENTATION_ITEM('')
);
#82=(
BOUNDED_CURVE()
B_SPLINE_CURVE(2,(#5909,#5910,#5911),.UNSPECIFIED.,.F.,.F.)
B_SPLINE_CURVE_WITH_KNOTS((3,3),(0.318388173343393,1.22662808837791),
 .UNSPECIFIED.)
CURVE()
GEOMETRIC_REPRESENTATION_ITEM()
RATIONAL_B_SPLINE_CURVE((1.00229252227365,1.00443122071615,1.00011645799969))
REPRESENTATION_ITEM('')
);
#83=(
BOUNDED_CURVE()
B_SPLINE_CURVE(2,(#5913,#5914,#5915),.UNSPECIFIED.,.F.,.F.)
B_SPLINE_CURVE_WITH_KNOTS((3,3),(0.123072186520229,0.310437524482694),
 .UNSPECIFIED.)
CURVE()
GEOMETRIC_REPRESENTATION_ITEM()
RATIONAL_B_SPLINE_CURVE((1.01177163386385,1.01484639616446,1.))
REPRESENTATION_ITEM('')
);
#84=(
BOUNDED_CURVE()
B_SPLINE_CURVE(2,(#5919,#5920,#5921),.UNSPECIFIED.,.F.,.F.)
B_SPLINE_CURVE_WITH_KNOTS((3,3),(0.,0.229380189876231),.UNSPECIFIED.)
CURVE()
GEOMETRIC_REPRESENTATION_ITEM()
RATIONAL_B_SPLINE_CURVE((1.,1.004025209438,1.))
REPRESENTATION_ITEM('')
);
#85=(
BOUNDED_CURVE()
B_SPLINE_CURVE(2,(#5925,#5926,#5927),.UNSPECIFIED.,.F.,.F.)
B_SPLINE_CURVE_WITH_KNOTS((3,3),(0.,0.139626956331243),.UNSPECIFIED.)
CURVE()
GEOMETRIC_REPRESENTATION_ITEM()
RATIONAL_B_SPLINE_CURVE((1.,1.00778461371748,1.00712106606223))
REPRESENTATION_ITEM('')
);
#86=(
BOUNDED_CURVE()
B_SPLINE_CURVE(2,(#5931,#5932,#5933),.UNSPECIFIED.,.F.,.F.)
B_SPLINE_CURVE_WITH_KNOTS((3,3),(0.0278389950611044,0.0894991982293346),
 .UNSPECIFIED.)
CURVE()
GEOMETRIC_REPRESENTATION_ITEM()
RATIONAL_B_SPLINE_CURVE((1.00007256896769,1.00011665048272,1.))
REPRESENTATION_ITEM('')
);
#87=(
BOUNDED_CURVE()
B_SPLINE_CURVE(2,(#5936,#5937,#5938),.UNSPECIFIED.,.F.,.F.)
B_SPLINE_CURVE_WITH_KNOTS((3,3),(0.0783386123141356,0.115206891543209),
 .UNSPECIFIED.)
CURVE()
GEOMETRIC_REPRESENTATION_ITEM()
RATIONAL_B_SPLINE_CURVE((1.00467740191132,1.00521821550485,1.00523207481168))
REPRESENTATION_ITEM('')
);
#88=(
BOUNDED_CURVE()
B_SPLINE_CURVE(2,(#5941,#5942,#5943),.UNSPECIFIED.,.F.,.F.)
B_SPLINE_CURVE_WITH_KNOTS((3,3),(0.00195491218685021,0.223951698876566),
 .UNSPECIFIED.)
CURVE()
GEOMETRIC_REPRESENTATION_ITEM()
RATIONAL_B_SPLINE_CURVE((1.00028492100854,1.01632005374378,1.))
REPRESENTATION_ITEM('')
);
#89=(
BOUNDED_CURVE()
B_SPLINE_CURVE(2,(#5945,#5946,#5947),.UNSPECIFIED.,.F.,.F.)
B_SPLINE_CURVE_WITH_KNOTS((3,3),(0.122659242242222,0.161172614541339),
 .UNSPECIFIED.)
CURVE()
GEOMETRIC_REPRESENTATION_ITEM()
RATIONAL_B_SPLINE_CURVE((1.0016694140419,1.00109679393483,1.))
REPRESENTATION_ITEM('')
);
#90=(
BOUNDED_CURVE()
B_SPLINE_CURVE(2,(#5951,#5952,#5953),.UNSPECIFIED.,.F.,.F.)
B_SPLINE_CURVE_WITH_KNOTS((3,3),(0.,0.0620269098925868),.UNSPECIFIED.)
CURVE()
GEOMETRIC_REPRESENTATION_ITEM()
RATIONAL_B_SPLINE_CURVE((1.,1.00008036382653,1.))
REPRESENTATION_ITEM('')
);
#91=(
BOUNDED_CURVE()
B_SPLINE_CURVE(2,(#5957,#5958,#5959),.UNSPECIFIED.,.F.,.F.)
B_SPLINE_CURVE_WITH_KNOTS((3,3),(0.,0.139626956331244),.UNSPECIFIED.)
CURVE()
GEOMETRIC_REPRESENTATION_ITEM()
RATIONAL_B_SPLINE_CURVE((1.,1.00778461371738,1.00712106606214))
REPRESENTATION_ITEM('')
);
#92=(
BOUNDED_CURVE()
B_SPLINE_CURVE(2,(#5963,#5964,#5965),.UNSPECIFIED.,.F.,.F.)
B_SPLINE_CURVE_WITH_KNOTS((3,3),(0.,0.229380189876231),.UNSPECIFIED.)
CURVE()
GEOMETRIC_REPRESENTATION_ITEM()
RATIONAL_B_SPLINE_CURVE((1.,1.004025209438,1.))
REPRESENTATION_ITEM('')
);
#93=(
BOUNDED_CURVE()
B_SPLINE_CURVE(2,(#5968,#5969,#5970),.UNSPECIFIED.,.F.,.F.)
B_SPLINE_CURVE_WITH_KNOTS((3,3),(0.,0.203039681831017),.UNSPECIFIED.)
CURVE()
GEOMETRIC_REPRESENTATION_ITEM()
RATIONAL_B_SPLINE_CURVE((1.,1.0090241082515,1.00019564046956))
REPRESENTATION_ITEM('')
);
#94=(
BOUNDED_CURVE()
B_SPLINE_CURVE(2,(#5971,#5972,#5973),.UNSPECIFIED.,.F.,.F.)
B_SPLINE_CURVE_WITH_KNOTS((3,3),(0.0117717175897199,0.891762827637044),
 .UNSPECIFIED.)
CURVE()
GEOMETRIC_REPRESENTATION_ITEM()
RATIONAL_B_SPLINE_CURVE((1.00008624419706,1.0032667012461,1.))
REPRESENTATION_ITEM('')
);
#95=(
BOUNDED_CURVE()
B_SPLINE_CURVE(2,(#5977,#5978,#5979),.UNSPECIFIED.,.F.,.F.)
B_SPLINE_CURVE_WITH_KNOTS((3,3),(0.318388173343393,1.22662808837791),
 .UNSPECIFIED.)
CURVE()
GEOMETRIC_REPRESENTATION_ITEM()
RATIONAL_B_SPLINE_CURVE((1.00229252227365,1.00443122071615,1.00011645799969))
REPRESENTATION_ITEM('')
);
#96=(
BOUNDED_CURVE()
B_SPLINE_CURVE(2,(#5980,#5981,#5982),.UNSPECIFIED.,.F.,.F.)
B_SPLINE_CURVE_WITH_KNOTS((3,3),(0.0117717175897204,0.891762827637044),
 .UNSPECIFIED.)
CURVE()
GEOMETRIC_REPRESENTATION_ITEM()
RATIONAL_B_SPLINE_CURVE((1.00008624419706,1.0032667012461,1.))
REPRESENTATION_ITEM('')
);
#97=(
BOUNDED_CURVE()
B_SPLINE_CURVE(2,(#5985,#5986,#5987),.UNSPECIFIED.,.F.,.F.)
B_SPLINE_CURVE_WITH_KNOTS((3,3),(0.122659242242222,0.161172614541339),
 .UNSPECIFIED.)
CURVE()
GEOMETRIC_REPRESENTATION_ITEM()
RATIONAL_B_SPLINE_CURVE((1.0016694140419,1.00109679393483,1.))
REPRESENTATION_ITEM('')
);
#98=(
BOUNDED_CURVE()
B_SPLINE_CURVE(2,(#5991,#5992,#5993),.UNSPECIFIED.,.F.,.F.)
B_SPLINE_CURVE_WITH_KNOTS((3,3),(0.,0.0620269098925868),.UNSPECIFIED.)
CURVE()
GEOMETRIC_REPRESENTATION_ITEM()
RATIONAL_B_SPLINE_CURVE((1.,1.00008036382653,1.))
REPRESENTATION_ITEM('')
);
#99=(
BOUNDED_CURVE()
B_SPLINE_CURVE(2,(#5997,#5998,#5999),.UNSPECIFIED.,.F.,.F.)
B_SPLINE_CURVE_WITH_KNOTS((3,3),(0.,0.139626956331244),.UNSPECIFIED.)
CURVE()
GEOMETRIC_REPRESENTATION_ITEM()
RATIONAL_B_SPLINE_CURVE((1.,1.00778461371738,1.00712106606214))
REPRESENTATION_ITEM('')
);
#100=(
BOUNDED_CURVE()
B_SPLINE_CURVE(2,(#6003,#6004,#6005),.UNSPECIFIED.,.F.,.F.)
B_SPLINE_CURVE_WITH_KNOTS((3,3),(0.,0.229380189876231),.UNSPECIFIED.)
CURVE()
GEOMETRIC_REPRESENTATION_ITEM()
RATIONAL_B_SPLINE_CURVE((1.,1.004025209438,1.))
REPRESENTATION_ITEM('')
);
#101=(
BOUNDED_CURVE()
B_SPLINE_CURVE(2,(#6008,#6009,#6010),.UNSPECIFIED.,.F.,.F.)
B_SPLINE_CURVE_WITH_KNOTS((3,3),(0.,0.203039681831016),.UNSPECIFIED.)
CURVE()
GEOMETRIC_REPRESENTATION_ITEM()
RATIONAL_B_SPLINE_CURVE((1.,1.0090241082515,1.00019564046956))
REPRESENTATION_ITEM('')
);
#102=(
BOUNDED_CURVE()
B_SPLINE_CURVE(2,(#6012,#6013,#6014),.UNSPECIFIED.,.F.,.F.)
B_SPLINE_CURVE_WITH_KNOTS((3,3),(0.318388173343393,1.22662808837791),
 .UNSPECIFIED.)
CURVE()
GEOMETRIC_REPRESENTATION_ITEM()
RATIONAL_B_SPLINE_CURVE((1.00229252227365,1.00443122071615,1.00011645799969))
REPRESENTATION_ITEM('')
);
#103=(
BOUNDED_CURVE()
B_SPLINE_CURVE(2,(#6016,#6017,#6018),.UNSPECIFIED.,.F.,.F.)
B_SPLINE_CURVE_WITH_KNOTS((3,3),(0.123072186520229,0.310437524482694),
 .UNSPECIFIED.)
CURVE()
GEOMETRIC_REPRESENTATION_ITEM()
RATIONAL_B_SPLINE_CURVE((1.01177163386385,1.01484639616446,1.))
REPRESENTATION_ITEM('')
);
#104=(
BOUNDED_CURVE()
B_SPLINE_CURVE(2,(#6022,#6023,#6024),.UNSPECIFIED.,.F.,.F.)
B_SPLINE_CURVE_WITH_KNOTS((3,3),(0.,0.229380189876231),.UNSPECIFIED.)
CURVE()
GEOMETRIC_REPRESENTATION_ITEM()
RATIONAL_B_SPLINE_CURVE((1.,1.004025209438,1.))
REPRESENTATION_ITEM('')
);
#105=(
BOUNDED_CURVE()
B_SPLINE_CURVE(2,(#6028,#6029,#6030),.UNSPECIFIED.,.F.,.F.)
B_SPLINE_CURVE_WITH_KNOTS((3,3),(0.,0.139626956331243),.UNSPECIFIED.)
CURVE()
GEOMETRIC_REPRESENTATION_ITEM()
RATIONAL_B_SPLINE_CURVE((1.,1.00778461371748,1.00712106606223))
REPRESENTATION_ITEM('')
);
#106=(
BOUNDED_CURVE()
B_SPLINE_CURVE(2,(#6034,#6035,#6036),.UNSPECIFIED.,.F.,.F.)
B_SPLINE_CURVE_WITH_KNOTS((3,3),(0.0278389950611044,0.0894991982293346),
 .UNSPECIFIED.)
CURVE()
GEOMETRIC_REPRESENTATION_ITEM()
RATIONAL_B_SPLINE_CURVE((1.00007256896769,1.00011665048272,1.))
REPRESENTATION_ITEM('')
);
#107=(
BOUNDED_CURVE()
B_SPLINE_CURVE(2,(#6039,#6040,#6041),.UNSPECIFIED.,.F.,.F.)
B_SPLINE_CURVE_WITH_KNOTS((3,3),(0.0783386123141356,0.115206891543209),
 .UNSPECIFIED.)
CURVE()
GEOMETRIC_REPRESENTATION_ITEM()
RATIONAL_B_SPLINE_CURVE((1.00467740191132,1.00521821550485,1.00523207481168))
REPRESENTATION_ITEM('')
);
#108=(
BOUNDED_CURVE()
B_SPLINE_CURVE(2,(#6044,#6045,#6046),.UNSPECIFIED.,.F.,.F.)
B_SPLINE_CURVE_WITH_KNOTS((3,3),(0.122659242242222,0.161172614541339),
 .UNSPECIFIED.)
CURVE()
GEOMETRIC_REPRESENTATION_ITEM()
RATIONAL_B_SPLINE_CURVE((1.0016694140419,1.00109679393483,1.))
REPRESENTATION_ITEM('')
);
#109=(
BOUNDED_CURVE()
B_SPLINE_CURVE(2,(#6050,#6051,#6052),.UNSPECIFIED.,.F.,.F.)
B_SPLINE_CURVE_WITH_KNOTS((3,3),(0.,0.0620269098925868),.UNSPECIFIED.)
CURVE()
GEOMETRIC_REPRESENTATION_ITEM()
RATIONAL_B_SPLINE_CURVE((1.,1.00008036382653,1.))
REPRESENTATION_ITEM('')
);
#110=(
BOUNDED_CURVE()
B_SPLINE_CURVE(2,(#6056,#6057,#6058),.UNSPECIFIED.,.F.,.F.)
B_SPLINE_CURVE_WITH_KNOTS((3,3),(0.,0.139626956331244),.UNSPECIFIED.)
CURVE()
GEOMETRIC_REPRESENTATION_ITEM()
RATIONAL_B_SPLINE_CURVE((1.,1.00778461371738,1.00712106606214))
REPRESENTATION_ITEM('')
);
#111=(
BOUNDED_CURVE()
B_SPLINE_CURVE(2,(#6062,#6063,#6064),.UNSPECIFIED.,.F.,.F.)
B_SPLINE_CURVE_WITH_KNOTS((3,3),(0.,0.229380189876231),.UNSPECIFIED.)
CURVE()
GEOMETRIC_REPRESENTATION_ITEM()
RATIONAL_B_SPLINE_CURVE((1.,1.004025209438,1.))
REPRESENTATION_ITEM('')
);
#112=(
BOUNDED_CURVE()
B_SPLINE_CURVE(2,(#6067,#6068,#6069),.UNSPECIFIED.,.F.,.F.)
B_SPLINE_CURVE_WITH_KNOTS((3,3),(0.,0.203039681831017),.UNSPECIFIED.)
CURVE()
GEOMETRIC_REPRESENTATION_ITEM()
RATIONAL_B_SPLINE_CURVE((1.,1.0090241082515,1.00019564046956))
REPRESENTATION_ITEM('')
);
#113=(
BOUNDED_CURVE()
B_SPLINE_CURVE(2,(#6070,#6071,#6072),.UNSPECIFIED.,.F.,.F.)
B_SPLINE_CURVE_WITH_KNOTS((3,3),(0.0117717175897201,0.891762827637044),
 .UNSPECIFIED.)
CURVE()
GEOMETRIC_REPRESENTATION_ITEM()
RATIONAL_B_SPLINE_CURVE((1.00008624419706,1.0032667012461,1.))
REPRESENTATION_ITEM('')
);
#114=(
BOUNDED_CURVE()
B_SPLINE_CURVE(2,(#6077,#6078,#6079),.UNSPECIFIED.,.F.,.F.)
B_SPLINE_CURVE_WITH_KNOTS((3,3),(0.,0.203039681831016),.UNSPECIFIED.)
CURVE()
GEOMETRIC_REPRESENTATION_ITEM()
RATIONAL_B_SPLINE_CURVE((1.,1.0090241082515,1.00019564046956))
REPRESENTATION_ITEM('')
);
#115=(
BOUNDED_CURVE()
B_SPLINE_CURVE(2,(#6082,#6083,#6084),.UNSPECIFIED.,.F.,.F.)
B_SPLINE_CURVE_WITH_KNOTS((3,3),(0.123072186520229,0.310437524482694),
 .UNSPECIFIED.)
CURVE()
GEOMETRIC_REPRESENTATION_ITEM()
RATIONAL_B_SPLINE_CURVE((1.01177163386385,1.01484639616446,1.))
REPRESENTATION_ITEM('')
);
#116=(
BOUNDED_CURVE()
B_SPLINE_CURVE(2,(#6087,#6088,#6089),.UNSPECIFIED.,.F.,.F.)
B_SPLINE_CURVE_WITH_KNOTS((3,3),(0.,0.221996786689723),.UNSPECIFIED.)
CURVE()
GEOMETRIC_REPRESENTATION_ITEM()
RATIONAL_B_SPLINE_CURVE((1.,1.01632005374687,1.00028492100859))
REPRESENTATION_ITEM('')
);
#117=(
BOUNDED_CURVE()
B_SPLINE_CURVE(2,(#6092,#6093,#6094),.UNSPECIFIED.,.F.,.F.)
B_SPLINE_CURVE_WITH_KNOTS((3,3),(0.00195491218684402,0.223951698876566),
 .UNSPECIFIED.)
CURVE()
GEOMETRIC_REPRESENTATION_ITEM()
RATIONAL_B_SPLINE_CURVE((1.00028492100863,1.0163200537493,1.))
REPRESENTATION_ITEM('')
);
#118=(
BOUNDED_CURVE()
B_SPLINE_CURVE(2,(#6097,#6098,#6099),.UNSPECIFIED.,.F.,.F.)
B_SPLINE_CURVE_WITH_KNOTS((3,3),(0.,0.221996786689719),.UNSPECIFIED.)
CURVE()
GEOMETRIC_REPRESENTATION_ITEM()
RATIONAL_B_SPLINE_CURVE((1.,1.01632005374801,1.00028492100861))
REPRESENTATION_ITEM('')
);
#119=(
BOUNDED_CURVE()
B_SPLINE_CURVE(2,(#6102,#6103,#6104),.UNSPECIFIED.,.F.,.F.)
B_SPLINE_CURVE_WITH_KNOTS((3,3),(0.00195491218684418,0.223951698876566),
 .UNSPECIFIED.)
CURVE()
GEOMETRIC_REPRESENTATION_ITEM()
RATIONAL_B_SPLINE_CURVE((1.00028492100862,1.01632005374848,1.))
REPRESENTATION_ITEM('')
);
#120=(
BOUNDED_CURVE()
B_SPLINE_CURVE(2,(#6108,#6109,#6110),.UNSPECIFIED.,.F.,.F.)
B_SPLINE_CURVE_WITH_KNOTS((3,3),(0.,0.0399629624641319),.UNSPECIFIED.)
CURVE()
GEOMETRIC_REPRESENTATION_ITEM()
RATIONAL_B_SPLINE_CURVE((1.,1.00032562840613,1.))
REPRESENTATION_ITEM('')
);
#121=(
BOUNDED_CURVE()
B_SPLINE_CURVE(2,(#6114,#6115,#6116),.UNSPECIFIED.,.F.,.F.)
B_SPLINE_CURVE_WITH_KNOTS((3,3),(0.,0.0399629624641319),.UNSPECIFIED.)
CURVE()
GEOMETRIC_REPRESENTATION_ITEM()
RATIONAL_B_SPLINE_CURVE((1.,1.00032562829998,1.))
REPRESENTATION_ITEM('')
);
#122=(
BOUNDED_CURVE()
B_SPLINE_CURVE(2,(#6121,#6122,#6123),.UNSPECIFIED.,.F.,.F.)
B_SPLINE_CURVE_WITH_KNOTS((3,3),(0.,0.039962962464132),.UNSPECIFIED.)
CURVE()
GEOMETRIC_REPRESENTATION_ITEM()
RATIONAL_B_SPLINE_CURVE((1.,1.00032562767773,1.))
REPRESENTATION_ITEM('')
);
#123=(
BOUNDED_CURVE()
B_SPLINE_CURVE(2,(#6127,#6128,#6129),.UNSPECIFIED.,.F.,.F.)
B_SPLINE_CURVE_WITH_KNOTS((3,3),(0.,0.0399629624641323),.UNSPECIFIED.)
CURVE()
GEOMETRIC_REPRESENTATION_ITEM()
RATIONAL_B_SPLINE_CURVE((1.,1.00032562800897,1.))
REPRESENTATION_ITEM('')
);
#124=(
BOUNDED_CURVE()
B_SPLINE_CURVE(2,(#6134,#6135,#6136),.UNSPECIFIED.,.F.,.F.)
B_SPLINE_CURVE_WITH_KNOTS((3,3),(0.,0.0399629624641323),.UNSPECIFIED.)
CURVE()
GEOMETRIC_REPRESENTATION_ITEM()
RATIONAL_B_SPLINE_CURVE((1.,1.00032562774428,1.))
REPRESENTATION_ITEM('')
);
#125=(
BOUNDED_CURVE()
B_SPLINE_CURVE(2,(#6142,#6143,#6144),.UNSPECIFIED.,.F.,.F.)
B_SPLINE_CURVE_WITH_KNOTS((3,3),(0.,0.0399629624641377),.UNSPECIFIED.)
CURVE()
GEOMETRIC_REPRESENTATION_ITEM()
RATIONAL_B_SPLINE_CURVE((1.,1.00032562795619,1.))
REPRESENTATION_ITEM('')
);
#126=(
BOUNDED_CURVE()
B_SPLINE_CURVE(2,(#6151,#6152,#6153),.UNSPECIFIED.,.F.,.F.)
B_SPLINE_CURVE_WITH_KNOTS((3,3),(0.,0.0399629624641323),.UNSPECIFIED.)
CURVE()
GEOMETRIC_REPRESENTATION_ITEM()
RATIONAL_B_SPLINE_CURVE((1.,1.00032562840795,1.))
REPRESENTATION_ITEM('')
);
#127=(
BOUNDED_CURVE()
B_SPLINE_CURVE(2,(#6157,#6158,#6159),.UNSPECIFIED.,.F.,.F.)
B_SPLINE_CURVE_WITH_KNOTS((3,3),(0.,0.039962962464132),.UNSPECIFIED.)
CURVE()
GEOMETRIC_REPRESENTATION_ITEM()
RATIONAL_B_SPLINE_CURVE((1.,1.00032562839865,1.))
REPRESENTATION_ITEM('')
);
#128=(
BOUNDED_CURVE()
B_SPLINE_CURVE(2,(#6164,#6165,#6166),.UNSPECIFIED.,.F.,.F.)
B_SPLINE_CURVE_WITH_KNOTS((3,3),(0.,0.039962962464132),.UNSPECIFIED.)
CURVE()
GEOMETRIC_REPRESENTATION_ITEM()
RATIONAL_B_SPLINE_CURVE((1.,1.00032562775525,1.))
REPRESENTATION_ITEM('')
);
#129=(
BOUNDED_CURVE()
B_SPLINE_CURVE(2,(#6170,#6171,#6172),.UNSPECIFIED.,.F.,.F.)
B_SPLINE_CURVE_WITH_KNOTS((3,3),(0.,0.0399629624641323),.UNSPECIFIED.)
CURVE()
GEOMETRIC_REPRESENTATION_ITEM()
RATIONAL_B_SPLINE_CURVE((1.,1.00032562798677,1.))
REPRESENTATION_ITEM('')
);
#130=(
BOUNDED_CURVE()
B_SPLINE_CURVE(2,(#6176,#6177,#6178),.UNSPECIFIED.,.F.,.F.)
B_SPLINE_CURVE_WITH_KNOTS((3,3),(0.,0.221996786689717),.UNSPECIFIED.)
CURVE()
GEOMETRIC_REPRESENTATION_ITEM()
RATIONAL_B_SPLINE_CURVE((1.,1.01632005374417,1.00028492100854))
REPRESENTATION_ITEM('')
);
#131=(
BOUNDED_CURVE()
B_SPLINE_CURVE(2,(#6182,#6183,#6184),.UNSPECIFIED.,.F.,.F.)
B_SPLINE_CURVE_WITH_KNOTS((3,3),(0.2097287644708,0.275016576552514),
 .UNSPECIFIED.)
CURVE()
GEOMETRIC_REPRESENTATION_ITEM()
RATIONAL_B_SPLINE_CURVE((1.00897900864307,1.00588707091295,1.))
REPRESENTATION_ITEM('')
);
#132=(
BOUNDED_CURVE()
B_SPLINE_CURVE(2,(#6201,#6202,#6203),.UNSPECIFIED.,.F.,.F.)
B_SPLINE_CURVE_WITH_KNOTS((3,3),(0.003441675550629,0.171762759636137),
 .UNSPECIFIED.)
CURVE()
GEOMETRIC_REPRESENTATION_ITEM()
RATIONAL_B_SPLINE_CURVE((1.00039952479928,1.01013284676012,1.01630546182224))
REPRESENTATION_ITEM('')
);
#133=(
BOUNDED_CURVE()
B_SPLINE_CURVE(2,(#6204,#6205,#6206),.UNSPECIFIED.,.F.,.F.)
B_SPLINE_CURVE_WITH_KNOTS((3,3),(0.318388173343393,1.22662808837791),
 .UNSPECIFIED.)
CURVE()
GEOMETRIC_REPRESENTATION_ITEM()
RATIONAL_B_SPLINE_CURVE((1.00229252227365,1.00443122071615,1.00011645799969))
REPRESENTATION_ITEM('')
);
#134=(
BOUNDED_CURVE()
B_SPLINE_CURVE(2,(#6210,#6211,#6212),.UNSPECIFIED.,.F.,.F.)
B_SPLINE_CURVE_WITH_KNOTS((3,3),(0.,0.229380189876231),.UNSPECIFIED.)
CURVE()
GEOMETRIC_REPRESENTATION_ITEM()
RATIONAL_B_SPLINE_CURVE((1.,1.004025209438,1.))
REPRESENTATION_ITEM('')
);
#135=(
BOUNDED_CURVE()
B_SPLINE_CURVE(2,(#6216,#6217,#6218),.UNSPECIFIED.,.F.,.F.)
B_SPLINE_CURVE_WITH_KNOTS((3,3),(0.,0.139626956331243),.UNSPECIFIED.)
CURVE()
GEOMETRIC_REPRESENTATION_ITEM()
RATIONAL_B_SPLINE_CURVE((1.,1.00778461371748,1.00712106606223))
REPRESENTATION_ITEM('')
);
#136=(
BOUNDED_CURVE()
B_SPLINE_CURVE(2,(#6222,#6223,#6224),.UNSPECIFIED.,.F.,.F.)
B_SPLINE_CURVE_WITH_KNOTS((3,3),(0.0278389950611044,0.0894991982293346),
 .UNSPECIFIED.)
CURVE()
GEOMETRIC_REPRESENTATION_ITEM()
RATIONAL_B_SPLINE_CURVE((1.00007256896769,1.00011665048272,1.))
REPRESENTATION_ITEM('')
);
#137=(
BOUNDED_CURVE()
B_SPLINE_CURVE(2,(#6227,#6228,#6229),.UNSPECIFIED.,.F.,.F.)
B_SPLINE_CURVE_WITH_KNOTS((3,3),(0.0783386123141356,0.115206891543209),
 .UNSPECIFIED.)
CURVE()
GEOMETRIC_REPRESENTATION_ITEM()
RATIONAL_B_SPLINE_CURVE((1.00467740191132,1.00521821550485,1.00523207481168))
REPRESENTATION_ITEM('')
);
#138=(
BOUNDED_CURVE()
B_SPLINE_CURVE(2,(#6239,#6240,#6241),.UNSPECIFIED.,.F.,.F.)
B_SPLINE_CURVE_WITH_KNOTS((3,3),(0.,0.0652878120817241),.UNSPECIFIED.)
CURVE()
GEOMETRIC_REPRESENTATION_ITEM()
RATIONAL_B_SPLINE_CURVE((1.,1.00588707091292,1.00897900864302))
REPRESENTATION_ITEM('')
);
#139=(
BOUNDED_CURVE()
B_SPLINE_CURVE(2,(#6254,#6255,#6256),.UNSPECIFIED.,.F.,.F.)
B_SPLINE_CURVE_WITH_KNOTS((3,3),(0.122659242242222,0.161172614541339),
 .UNSPECIFIED.)
CURVE()
GEOMETRIC_REPRESENTATION_ITEM()
RATIONAL_B_SPLINE_CURVE((1.0016694140419,1.00109679393483,1.))
REPRESENTATION_ITEM('')
);
#140=(
BOUNDED_CURVE()
B_SPLINE_CURVE(2,(#6260,#6261,#6262),.UNSPECIFIED.,.F.,.F.)
B_SPLINE_CURVE_WITH_KNOTS((3,3),(0.,0.0620269098925868),.UNSPECIFIED.)
CURVE()
GEOMETRIC_REPRESENTATION_ITEM()
RATIONAL_B_SPLINE_CURVE((1.,1.00008036382653,1.))
REPRESENTATION_ITEM('')
);
#141=(
BOUNDED_CURVE()
B_SPLINE_CURVE(2,(#6266,#6267,#6268),.UNSPECIFIED.,.F.,.F.)
B_SPLINE_CURVE_WITH_KNOTS((3,3),(0.,0.139626956331244),.UNSPECIFIED.)
CURVE()
GEOMETRIC_REPRESENTATION_ITEM()
RATIONAL_B_SPLINE_CURVE((1.,1.00778461371738,1.00712106606214))
REPRESENTATION_ITEM('')
);
#142=(
BOUNDED_CURVE()
B_SPLINE_CURVE(2,(#6272,#6273,#6274),.UNSPECIFIED.,.F.,.F.)
B_SPLINE_CURVE_WITH_KNOTS((3,3),(0.,0.229380189876231),.UNSPECIFIED.)
CURVE()
GEOMETRIC_REPRESENTATION_ITEM()
RATIONAL_B_SPLINE_CURVE((1.,1.004025209438,1.))
REPRESENTATION_ITEM('')
);
#143=(
BOUNDED_CURVE()
B_SPLINE_CURVE(2,(#6277,#6278,#6279),.UNSPECIFIED.,.F.,.F.)
B_SPLINE_CURVE_WITH_KNOTS((3,3),(0.0117717175897206,0.891762827637044),
 .UNSPECIFIED.)
CURVE()
GEOMETRIC_REPRESENTATION_ITEM()
RATIONAL_B_SPLINE_CURVE((1.00008624419706,1.0032667012461,1.))
REPRESENTATION_ITEM('')
);
#144=(
BOUNDED_CURVE()
B_SPLINE_CURVE(2,(#6280,#6281,#6282),.UNSPECIFIED.,.F.,.F.)
B_SPLINE_CURVE_WITH_KNOTS((3,3),(0.00344167555062882,0.171762759636137),
 .UNSPECIFIED.)
CURVE()
GEOMETRIC_REPRESENTATION_ITEM()
RATIONAL_B_SPLINE_CURVE((1.00039952479928,1.01013284676012,1.01630546182224))
REPRESENTATION_ITEM('')
);
#145=(
BOUNDED_CURVE()
B_SPLINE_CURVE(2,(#6306,#6307,#6308),.UNSPECIFIED.,.F.,.F.)
B_SPLINE_CURVE_WITH_KNOTS((3,3),(0.209728764470073,0.275016576552515),
 .UNSPECIFIED.)
CURVE()
GEOMETRIC_REPRESENTATION_ITEM()
RATIONAL_B_SPLINE_CURVE((1.00897900863853,1.00588707091,1.))
REPRESENTATION_ITEM('')
);
#146=(
BOUNDED_CURVE()
B_SPLINE_CURVE(2,(#6332,#6333,#6334),.UNSPECIFIED.,.F.,.F.)
B_SPLINE_CURVE_WITH_KNOTS((3,3),(0.,0.0652878120824607),.UNSPECIFIED.)
CURVE()
GEOMETRIC_REPRESENTATION_ITEM()
RATIONAL_B_SPLINE_CURVE((1.,1.00588707090995,1.00897900863845))
REPRESENTATION_ITEM('')
);
#147=(
BOUNDED_CURVE()
B_SPLINE_CURVE(2,(#6370,#6371,#6372),.UNSPECIFIED.,.F.,.F.)
B_SPLINE_CURVE_WITH_KNOTS((3,3),(0.,0.0652878120821455),.UNSPECIFIED.)
CURVE()
GEOMETRIC_REPRESENTATION_ITEM()
RATIONAL_B_SPLINE_CURVE((1.,1.00588707091195,1.00897900864152))
REPRESENTATION_ITEM('')
);
#148=(
BOUNDED_CURVE()
B_SPLINE_CURVE(2,(#6389,#6390,#6391),.UNSPECIFIED.,.F.,.F.)
B_SPLINE_CURVE_WITH_KNOTS((3,3),(0.209728764470469,0.275016576552514),
 .UNSPECIFIED.)
CURVE()
GEOMETRIC_REPRESENTATION_ITEM()
RATIONAL_B_SPLINE_CURVE((1.00897900864278,1.00588707091278,1.))
REPRESENTATION_ITEM('')
);
#149=(
BOUNDED_CURVE()
B_SPLINE_CURVE(2,(#6404,#6405,#6406),.UNSPECIFIED.,.F.,.F.)
B_SPLINE_CURVE_WITH_KNOTS((3,3),(0.123072186520229,0.310437524482694),
 .UNSPECIFIED.)
CURVE()
GEOMETRIC_REPRESENTATION_ITEM()
RATIONAL_B_SPLINE_CURVE((1.01177163386385,1.01484639616446,1.))
REPRESENTATION_ITEM('')
);
#150=(
BOUNDED_CURVE()
B_SPLINE_CURVE(2,(#6410,#6411,#6412),.UNSPECIFIED.,.F.,.F.)
B_SPLINE_CURVE_WITH_KNOTS((3,3),(0.,0.229380189876231),.UNSPECIFIED.)
CURVE()
GEOMETRIC_REPRESENTATION_ITEM()
RATIONAL_B_SPLINE_CURVE((1.,1.004025209438,1.))
REPRESENTATION_ITEM('')
);
#151=(
BOUNDED_CURVE()
B_SPLINE_CURVE(2,(#6416,#6417,#6418),.UNSPECIFIED.,.F.,.F.)
B_SPLINE_CURVE_WITH_KNOTS((3,3),(0.,0.139626956331243),.UNSPECIFIED.)
CURVE()
GEOMETRIC_REPRESENTATION_ITEM()
RATIONAL_B_SPLINE_CURVE((1.,1.00778461371748,1.00712106606223))
REPRESENTATION_ITEM('')
);
#152=(
BOUNDED_CURVE()
B_SPLINE_CURVE(2,(#6422,#6423,#6424),.UNSPECIFIED.,.F.,.F.)
B_SPLINE_CURVE_WITH_KNOTS((3,3),(0.0278389950611044,0.0894991982293346),
 .UNSPECIFIED.)
CURVE()
GEOMETRIC_REPRESENTATION_ITEM()
RATIONAL_B_SPLINE_CURVE((1.00007256896769,1.00011665048272,1.))
REPRESENTATION_ITEM('')
);
#153=(
BOUNDED_CURVE()
B_SPLINE_CURVE(2,(#6427,#6428,#6429),.UNSPECIFIED.,.F.,.F.)
B_SPLINE_CURVE_WITH_KNOTS((3,3),(0.0783386123141356,0.115206891543209),
 .UNSPECIFIED.)
CURVE()
GEOMETRIC_REPRESENTATION_ITEM()
RATIONAL_B_SPLINE_CURVE((1.00467740191132,1.00521821550485,1.00523207481168))
REPRESENTATION_ITEM('')
);
#154=(
BOUNDED_CURVE()
B_SPLINE_CURVE(2,(#6455,#6456,#6457),.UNSPECIFIED.,.F.,.F.)
B_SPLINE_CURVE_WITH_KNOTS((3,3),(0.209728764470422,0.275016576552514),
 .UNSPECIFIED.)
CURVE()
GEOMETRIC_REPRESENTATION_ITEM()
RATIONAL_B_SPLINE_CURVE((1.00897900863924,1.00588707091046,1.))
REPRESENTATION_ITEM('')
);
#155=(
BOUNDED_CURVE()
B_SPLINE_CURVE(2,(#6481,#6482,#6483),.UNSPECIFIED.,.F.,.F.)
B_SPLINE_CURVE_WITH_KNOTS((3,3),(0.,0.0652878120820475),.UNSPECIFIED.)
CURVE()
GEOMETRIC_REPRESENTATION_ITEM()
RATIONAL_B_SPLINE_CURVE((1.,1.00588707091069,1.0089790086396))
REPRESENTATION_ITEM('')
);
#156=(
BOUNDED_CURVE()
B_SPLINE_CURVE(2,(#6515,#6516,#6517),.UNSPECIFIED.,.F.,.F.)
B_SPLINE_CURVE_WITH_KNOTS((3,3),(0.209728764469271,0.275016576552515),
 .UNSPECIFIED.)
CURVE()
GEOMETRIC_REPRESENTATION_ITEM()
RATIONAL_B_SPLINE_CURVE((1.00897900863562,1.00588707090812,1.))
REPRESENTATION_ITEM('')
);
#157=(
BOUNDED_CURVE()
B_SPLINE_CURVE(2,(#6534,#6535,#6536),.UNSPECIFIED.,.F.,.F.)
B_SPLINE_CURVE_WITH_KNOTS((3,3),(0.00344167555062921,0.171762759636137),
 .UNSPECIFIED.)
CURVE()
GEOMETRIC_REPRESENTATION_ITEM()
RATIONAL_B_SPLINE_CURVE((1.00039952479928,1.01013284676012,1.01630546182224))
REPRESENTATION_ITEM('')
);
#158=(
BOUNDED_CURVE()
B_SPLINE_CURVE(2,(#6537,#6538,#6539),.UNSPECIFIED.,.F.,.F.)
B_SPLINE_CURVE_WITH_KNOTS((3,3),(0.318388173343393,1.22662808837791),
 .UNSPECIFIED.)
CURVE()
GEOMETRIC_REPRESENTATION_ITEM()
RATIONAL_B_SPLINE_CURVE((1.00229252227365,1.00443122071615,1.00011645799969))
REPRESENTATION_ITEM('')
);
#159=(
BOUNDED_CURVE()
B_SPLINE_CURVE(2,(#6543,#6544,#6545),.UNSPECIFIED.,.F.,.F.)
B_SPLINE_CURVE_WITH_KNOTS((3,3),(0.,0.229380189876231),.UNSPECIFIED.)
CURVE()
GEOMETRIC_REPRESENTATION_ITEM()
RATIONAL_B_SPLINE_CURVE((1.,1.004025209438,1.))
REPRESENTATION_ITEM('')
);
#160=(
BOUNDED_CURVE()
B_SPLINE_CURVE(2,(#6549,#6550,#6551),.UNSPECIFIED.,.F.,.F.)
B_SPLINE_CURVE_WITH_KNOTS((3,3),(0.,0.139626956331243),.UNSPECIFIED.)
CURVE()
GEOMETRIC_REPRESENTATION_ITEM()
RATIONAL_B_SPLINE_CURVE((1.,1.00778461371748,1.00712106606223))
REPRESENTATION_ITEM('')
);
#161=(
BOUNDED_CURVE()
B_SPLINE_CURVE(2,(#6555,#6556,#6557),.UNSPECIFIED.,.F.,.F.)
B_SPLINE_CURVE_WITH_KNOTS((3,3),(0.0278389950611044,0.0894991982293346),
 .UNSPECIFIED.)
CURVE()
GEOMETRIC_REPRESENTATION_ITEM()
RATIONAL_B_SPLINE_CURVE((1.00007256896769,1.00011665048272,1.))
REPRESENTATION_ITEM('')
);
#162=(
BOUNDED_CURVE()
B_SPLINE_CURVE(2,(#6560,#6561,#6562),.UNSPECIFIED.,.F.,.F.)
B_SPLINE_CURVE_WITH_KNOTS((3,3),(0.0783386123141356,0.115206891543209),
 .UNSPECIFIED.)
CURVE()
GEOMETRIC_REPRESENTATION_ITEM()
RATIONAL_B_SPLINE_CURVE((1.00467740191132,1.00521821550485,1.00523207481168))
REPRESENTATION_ITEM('')
);
#163=(
BOUNDED_CURVE()
B_SPLINE_CURVE(2,(#6572,#6573,#6574),.UNSPECIFIED.,.F.,.F.)
B_SPLINE_CURVE_WITH_KNOTS((3,3),(0.,0.0652878120828595),.UNSPECIFIED.)
CURVE()
GEOMETRIC_REPRESENTATION_ITEM()
RATIONAL_B_SPLINE_CURVE((1.,1.0058870709112,1.00897900864034))
REPRESENTATION_ITEM('')
);
#164=(
BOUNDED_CURVE()
B_SPLINE_CURVE(2,(#6587,#6588,#6589),.UNSPECIFIED.,.F.,.F.)
B_SPLINE_CURVE_WITH_KNOTS((3,3),(0.122659242242222,0.161172614541339),
 .UNSPECIFIED.)
CURVE()
GEOMETRIC_REPRESENTATION_ITEM()
RATIONAL_B_SPLINE_CURVE((1.0016694140419,1.00109679393483,1.))
REPRESENTATION_ITEM('')
);
#165=(
BOUNDED_CURVE()
B_SPLINE_CURVE(2,(#6593,#6594,#6595),.UNSPECIFIED.,.F.,.F.)
B_SPLINE_CURVE_WITH_KNOTS((3,3),(0.,0.0620269098925868),.UNSPECIFIED.)
CURVE()
GEOMETRIC_REPRESENTATION_ITEM()
RATIONAL_B_SPLINE_CURVE((1.,1.00008036382653,1.))
REPRESENTATION_ITEM('')
);
#166=(
BOUNDED_CURVE()
B_SPLINE_CURVE(2,(#6599,#6600,#6601),.UNSPECIFIED.,.F.,.F.)
B_SPLINE_CURVE_WITH_KNOTS((3,3),(0.,0.139626956331244),.UNSPECIFIED.)
CURVE()
GEOMETRIC_REPRESENTATION_ITEM()
RATIONAL_B_SPLINE_CURVE((1.,1.00778461371738,1.00712106606214))
REPRESENTATION_ITEM('')
);
#167=(
BOUNDED_CURVE()
B_SPLINE_CURVE(2,(#6605,#6606,#6607),.UNSPECIFIED.,.F.,.F.)
B_SPLINE_CURVE_WITH_KNOTS((3,3),(0.,0.229380189876231),.UNSPECIFIED.)
CURVE()
GEOMETRIC_REPRESENTATION_ITEM()
RATIONAL_B_SPLINE_CURVE((1.,1.004025209438,1.))
REPRESENTATION_ITEM('')
);
#168=(
BOUNDED_CURVE()
B_SPLINE_CURVE(2,(#6610,#6611,#6612),.UNSPECIFIED.,.F.,.F.)
B_SPLINE_CURVE_WITH_KNOTS((3,3),(0.0117717175897204,0.891762827637044),
 .UNSPECIFIED.)
CURVE()
GEOMETRIC_REPRESENTATION_ITEM()
RATIONAL_B_SPLINE_CURVE((1.00008624419706,1.0032667012461,1.))
REPRESENTATION_ITEM('')
);
#169=(
BOUNDED_CURVE()
B_SPLINE_CURVE(2,(#6613,#6614,#6615),.UNSPECIFIED.,.F.,.F.)
B_SPLINE_CURVE_WITH_KNOTS((3,3),(0.00344167555062896,0.171762759636137),
 .UNSPECIFIED.)
CURVE()
GEOMETRIC_REPRESENTATION_ITEM()
RATIONAL_B_SPLINE_CURVE((1.00039952479928,1.01013284676012,1.01630546182224))
REPRESENTATION_ITEM('')
);
#170=(
BOUNDED_CURVE()
B_SPLINE_CURVE(2,(#6752,#6753,#6754),.UNSPECIFIED.,.F.,.F.)
B_SPLINE_CURVE_WITH_KNOTS((3,3),(0.0327942739720209,0.0488747705424124),
 .UNSPECIFIED.)
CURVE()
GEOMETRIC_REPRESENTATION_ITEM()
RATIONAL_B_SPLINE_CURVE((1.0002027333506,1.00015107128153,1.))
REPRESENTATION_ITEM('')
);
#171=(
BOUNDED_CURVE()
B_SPLINE_CURVE(2,(#6774,#6775,#6776),.UNSPECIFIED.,.F.,.F.)
B_SPLINE_CURVE_WITH_KNOTS((3,3),(0.0327942739713293,0.0488747705424123),
 .UNSPECIFIED.)
CURVE()
GEOMETRIC_REPRESENTATION_ITEM()
RATIONAL_B_SPLINE_CURVE((1.00020273336881,1.00015107129511,1.))
REPRESENTATION_ITEM('')
);
#172=(
BOUNDED_CURVE()
B_SPLINE_CURVE(2,(#6792,#6793,#6794),.UNSPECIFIED.,.F.,.F.)
B_SPLINE_CURVE_WITH_KNOTS((3,3),(0.0327942739717771,0.0488747705424123),
 .UNSPECIFIED.)
CURVE()
GEOMETRIC_REPRESENTATION_ITEM()
RATIONAL_B_SPLINE_CURVE((1.00020273336209,1.0001510712901,1.))
REPRESENTATION_ITEM('')
);
#173=(
BOUNDED_CURVE()
B_SPLINE_CURVE(2,(#6813,#6814,#6815),.UNSPECIFIED.,.F.,.F.)
B_SPLINE_CURVE_WITH_KNOTS((3,3),(0.,0.0160804965711376),.UNSPECIFIED.)
CURVE()
GEOMETRIC_REPRESENTATION_ITEM()
RATIONAL_B_SPLINE_CURVE((1.,1.00015107128782,1.00020273335904))
REPRESENTATION_ITEM('')
);
#174=(
BOUNDED_CURVE()
B_SPLINE_CURVE(2,(#6872,#6873,#6874),.UNSPECIFIED.,.F.,.F.)
B_SPLINE_CURVE_WITH_KNOTS((3,3),(0.,0.0160804965706351),.UNSPECIFIED.)
CURVE()
GEOMETRIC_REPRESENTATION_ITEM()
RATIONAL_B_SPLINE_CURVE((1.,1.0001510712901,1.00020273336209))
REPRESENTATION_ITEM('')
);
#175=(
BOUNDED_CURVE()
B_SPLINE_CURVE(2,(#6896,#6897,#6898),.UNSPECIFIED.,.F.,.F.)
B_SPLINE_CURVE_WITH_KNOTS((3,3),(0.,0.0160804965697027),.UNSPECIFIED.)
CURVE()
GEOMETRIC_REPRESENTATION_ITEM()
RATIONAL_B_SPLINE_CURVE((1.,1.00015107127903,1.00020273334724))
REPRESENTATION_ITEM('')
);
#176=(
BOUNDED_CURVE()
B_SPLINE_CURVE(2,(#6911,#6912,#6913),.UNSPECIFIED.,.F.,.F.)
B_SPLINE_CURVE_WITH_KNOTS((3,3),(0.,0.0160804965701481),.UNSPECIFIED.)
CURVE()
GEOMETRIC_REPRESENTATION_ITEM()
RATIONAL_B_SPLINE_CURVE((1.,1.0001510712885,1.00020273335994))
REPRESENTATION_ITEM('')
);
#177=(
BOUNDED_CURVE()
B_SPLINE_CURVE(2,(#6926,#6927,#6928),.UNSPECIFIED.,.F.,.F.)
B_SPLINE_CURVE_WITH_KNOTS((3,3),(0.,0.01608049657095),.UNSPECIFIED.)
CURVE()
GEOMETRIC_REPRESENTATION_ITEM()
RATIONAL_B_SPLINE_CURVE((1.,1.00015107129489,1.00020273336851))
REPRESENTATION_ITEM('')
);
#178=(
BOUNDED_CURVE()
B_SPLINE_CURVE(2,(#6970,#6971,#6972),.UNSPECIFIED.,.F.,.F.)
B_SPLINE_CURVE_WITH_KNOTS((3,3),(0.,0.0592927802917035),.UNSPECIFIED.)
CURVE()
GEOMETRIC_REPRESENTATION_ITEM()
RATIONAL_B_SPLINE_CURVE((1.,1.00198933333517,1.00237527638344))
REPRESENTATION_ITEM('')
);
#179=(
BOUNDED_CURVE()
B_SPLINE_CURVE(2,(#6989,#6990,#6991),.UNSPECIFIED.,.F.,.F.)
B_SPLINE_CURVE_WITH_KNOTS((3,3),(0.0878368428976348,0.147129623189339),
 .UNSPECIFIED.)
CURVE()
GEOMETRIC_REPRESENTATION_ITEM()
RATIONAL_B_SPLINE_CURVE((1.00237527638346,1.00198933333519,1.))
REPRESENTATION_ITEM('')
);
#180=(
BOUNDED_CURVE()
B_SPLINE_CURVE(2,(#6993,#6994,#6995),.UNSPECIFIED.,.F.,.F.)
B_SPLINE_CURVE_WITH_KNOTS((3,3),(0.0327942739714804,0.0488747705424122),
 .UNSPECIFIED.)
CURVE()
GEOMETRIC_REPRESENTATION_ITEM()
RATIONAL_B_SPLINE_CURVE((1.0002027333466,1.00015107127855,1.))
REPRESENTATION_ITEM('')
);
#181=(
BOUNDED_CURVE()
B_SPLINE_CURVE(2,(#7010,#7011,#7012),.UNSPECIFIED.,.F.,.F.)
B_SPLINE_CURVE_WITH_KNOTS((3,3),(0.,0.0592927802917041),.UNSPECIFIED.)
CURVE()
GEOMETRIC_REPRESENTATION_ITEM()
RATIONAL_B_SPLINE_CURVE((1.,1.00198933333517,1.00237527638344))
REPRESENTATION_ITEM('')
);
#182=(
BOUNDED_CURVE()
B_SPLINE_CURVE(2,(#7029,#7030,#7031),.UNSPECIFIED.,.F.,.F.)
B_SPLINE_CURVE_WITH_KNOTS((3,3),(0.0878368428976348,0.147129623189339),
 .UNSPECIFIED.)
CURVE()
GEOMETRIC_REPRESENTATION_ITEM()
RATIONAL_B_SPLINE_CURVE((1.00237527638343,1.00198933333517,1.))
REPRESENTATION_ITEM('')
);
#183=(
BOUNDED_CURVE()
B_SPLINE_CURVE(2,(#7033,#7034,#7035),.UNSPECIFIED.,.F.,.F.)
B_SPLINE_CURVE_WITH_KNOTS((3,3),(0.0327942739716287,0.0488747705424123),
 .UNSPECIFIED.)
CURVE()
GEOMETRIC_REPRESENTATION_ITEM()
RATIONAL_B_SPLINE_CURVE((1.00020273335762,1.00015107128677,1.))
REPRESENTATION_ITEM('')
);
#184=(
BOUNDED_CURVE()
B_SPLINE_CURVE(2,(#7048,#7049,#7050),.UNSPECIFIED.,.F.,.F.)
B_SPLINE_CURVE_WITH_KNOTS((3,3),(0.,0.059292780291703),.UNSPECIFIED.)
CURVE()
GEOMETRIC_REPRESENTATION_ITEM()
RATIONAL_B_SPLINE_CURVE((1.,1.0019893333352,1.00237527638347))
REPRESENTATION_ITEM('')
);
#185=(
BOUNDED_CURVE()
B_SPLINE_CURVE(2,(#7067,#7068,#7069),.UNSPECIFIED.,.F.,.F.)
B_SPLINE_CURVE_WITH_KNOTS((3,3),(0.0878368428976347,0.147129623189338),
 .UNSPECIFIED.)
CURVE()
GEOMETRIC_REPRESENTATION_ITEM()
RATIONAL_B_SPLINE_CURVE((1.00237527638345,1.00198933333518,1.))
REPRESENTATION_ITEM('')
);
#186=(
BOUNDED_CURVE()
B_SPLINE_CURVE(2,(#7082,#7083,#7084),.UNSPECIFIED.,.F.,.F.)
B_SPLINE_CURVE_WITH_KNOTS((3,3),(0.,0.0592927802917036),.UNSPECIFIED.)
CURVE()
GEOMETRIC_REPRESENTATION_ITEM()
RATIONAL_B_SPLINE_CURVE((1.,1.00198933333517,1.00237527638343))
REPRESENTATION_ITEM('')
);
#187=(
BOUNDED_CURVE()
B_SPLINE_CURVE(2,(#7101,#7102,#7103),.UNSPECIFIED.,.F.,.F.)
B_SPLINE_CURVE_WITH_KNOTS((3,3),(0.0878368428976351,0.147129623189338),
 .UNSPECIFIED.)
CURVE()
GEOMETRIC_REPRESENTATION_ITEM()
RATIONAL_B_SPLINE_CURVE((1.00237527638345,1.00198933333519,1.))
REPRESENTATION_ITEM('')
);
#188=(
BOUNDED_CURVE()
B_SPLINE_CURVE(2,(#7115,#7116,#7117),.UNSPECIFIED.,.F.,.F.)
B_SPLINE_CURVE_WITH_KNOTS((3,3),(0.0878368428976365,0.147129623189339),
 .UNSPECIFIED.)
CURVE()
GEOMETRIC_REPRESENTATION_ITEM()
RATIONAL_B_SPLINE_CURVE((1.00237527638343,1.00198933333517,1.))
REPRESENTATION_ITEM('')
);
#189=(
BOUNDED_CURVE()
B_SPLINE_CURVE(2,(#7120,#7121,#7122),.UNSPECIFIED.,.F.,.F.)
B_SPLINE_CURVE_WITH_KNOTS((3,3),(0.,0.0592927802917026),.UNSPECIFIED.)
CURVE()
GEOMETRIC_REPRESENTATION_ITEM()
RATIONAL_B_SPLINE_CURVE((1.,1.00198933333517,1.00237527638343))
REPRESENTATION_ITEM('')
);
#190=CONICAL_SURFACE('',#4067,4.85796181911282,0.0523598775598303);
#191=CONICAL_SURFACE('',#4080,4.22071008146093,0.191986217719376);
#192=CONICAL_SURFACE('',#4093,4.91359315900376,0.0523598775598301);
#193=CONICAL_SURFACE('',#4098,4.92027387262697,0.296705972839032);
#194=CONICAL_SURFACE('',#4120,4.14020788217084,0.680678408277786);
#195=CONICAL_SURFACE('',#4122,5.02495716883684,0.05235987750391);
#196=CONICAL_SURFACE('',#4131,4.76312758270261,0.523598775598298);
#197=CONICAL_SURFACE('',#4139,2.8125,0.785398163397451);
#198=CONICAL_SURFACE('',#4142,2.25,1.02974425867666);
#199=CONICAL_SURFACE('',#4150,2.64347154189362,0.523598775598294);
#200=CONICAL_SURFACE('',#4154,2.3,0.999611962139253);
#201=CONICAL_SURFACE('',#4158,3.47389350101538,0.523598775598295);
#202=CONICAL_SURFACE('',#4159,5.00022421185712,0.488692190558409);
#203=CONICAL_SURFACE('',#4161,5.99,1.26601255918369);
#204=CONICAL_SURFACE('',#4164,5.00022421185712,0.488692190558409);
#205=CONICAL_SURFACE('',#4166,5.99,1.26601255918369);
#206=CONICAL_SURFACE('',#4168,5.00022421185712,0.488692190558409);
#207=CONICAL_SURFACE('',#4170,5.64862057515491,0.78539816339745);
#208=CONICAL_SURFACE('',#4174,5.64862057515491,0.78539816339745);
#209=CONICAL_SURFACE('',#4176,5.13671842232276,0.0872664625997169);
#210=CONICAL_SURFACE('',#4180,5.64862057515491,0.78539816339745);
#211=CONICAL_SURFACE('',#4182,5.64862057515491,0.78539816339745);
#212=CONICAL_SURFACE('',#4184,5.99,1.26601255918369);
#213=CONICAL_SURFACE('',#4186,5.99,1.26601255918369);
#214=CONICAL_SURFACE('',#4188,7.74163634801078,1.4137166941154);
#215=CONICAL_SURFACE('',#4191,7.74163634801078,1.4137166941154);
#216=CONICAL_SURFACE('',#4194,7.74163634801078,1.4137166941154);
#217=CONICAL_SURFACE('',#4199,7.74163634801078,1.4137166941154);
#218=CONICAL_SURFACE('',#4202,7.74163634801078,1.4137166941154);
#219=CONICAL_SURFACE('',#4205,5.99,1.26601255918369);
#220=CONICAL_SURFACE('',#4216,5.00022421185712,0.488692190558409);
#221=CONICAL_SURFACE('',#4221,7.17000000000001,1.0471975511966);
#222=CONICAL_SURFACE('',#4223,6.72499999999997,0.26179938779915);
#223=CONICAL_SURFACE('',#4233,7.18306278646241,0.575958653158129);
#224=CONICAL_SURFACE('',#4236,5.13671842232276,0.0872664625997169);
#225=CONICAL_SURFACE('',#4247,7.17000000000001,1.0471975511966);
#226=CONICAL_SURFACE('',#4249,6.72499999999997,0.26179938779915);
#227=CONICAL_SURFACE('',#4259,7.18306278646241,0.575958653158129);
#228=CONICAL_SURFACE('',#4262,5.13671842232276,0.0872664625997169);
#229=CONICAL_SURFACE('',#4271,7.17000000000001,1.0471975511966);
#230=CONICAL_SURFACE('',#4273,6.72499999999997,0.26179938779915);
#231=CONICAL_SURFACE('',#4277,5.64862057515491,0.78539816339745);
#232=CONICAL_SURFACE('',#4288,7.18306278646241,0.575958653158129);
#233=CONICAL_SURFACE('',#4301,7.17000000000001,1.0471975511966);
#234=CONICAL_SURFACE('',#4303,6.72499999999997,0.26179938779915);
#235=CONICAL_SURFACE('',#4313,7.18306278646241,0.575958653158129);
#236=CONICAL_SURFACE('',#4316,5.13671842232276,0.0872664625997169);
#237=CONICAL_SURFACE('',#4326,5.00022421185712,0.488692190558409);
#238=CONICAL_SURFACE('',#4331,7.17000000000001,1.0471975511966);
#239=CONICAL_SURFACE('',#4333,6.72499999999997,0.26179938779915);
#240=CONICAL_SURFACE('',#4335,7.25000000000001,1.04719755119685);
#241=CONICAL_SURFACE('',#4342,8.13029052249702,0.104719755119661);
#242=CONICAL_SURFACE('',#4349,8.10566599729051,0.523598775598537);
#243=CONICAL_SURFACE('',#4350,7.18306278646241,0.575958653158129);
#244=CONICAL_SURFACE('',#4353,5.13671842232276,0.0872664625997169);
#245=CONICAL_SURFACE('',#4354,4.92536862672618,0.296705972839046);
#246=CONICAL_SURFACE('',#4357,4.93806102662208,1.46607657167521);
#247=CONICAL_SURFACE('',#4450,7.36054930794905,1.13446401379631);
#248=LINE('',#5561,#460);
#249=LINE('',#5565,#461);
#250=LINE('',#5571,#462);
#251=LINE('',#5576,#463);
#252=LINE('',#5702,#464);
#253=LINE('',#5710,#465);
#254=LINE('',#5718,#466);
#255=LINE('',#5730,#467);
#256=LINE('',#5734,#468);
#257=LINE('',#5736,#469);
#258=LINE('',#5739,#470);
#259=LINE('',#5741,#471);
#260=LINE('',#5746,#472);
#261=LINE('',#5749,#473);
#262=LINE('',#5751,#474);
#263=LINE('',#5754,#475);
#264=LINE('',#5756,#476);
#265=LINE('',#5759,#477);
#266=LINE('',#5761,#478);
#267=LINE('',#5766,#479);
#268=LINE('',#5770,#480);
#269=LINE('',#5772,#481);
#270=LINE('',#5774,#482);
#271=LINE('',#5780,#483);
#272=LINE('',#5782,#484);
#273=LINE('',#5793,#485);
#274=LINE('',#5802,#486);
#275=LINE('',#5808,#487);
#276=LINE('',#5817,#488);
#277=LINE('',#5824,#489);
#278=LINE('',#5829,#490);
#279=LINE('',#5832,#491);
#280=LINE('',#5838,#492);
#281=LINE('',#5843,#493);
#282=LINE('',#5845,#494);
#283=LINE('',#5917,#495);
#284=LINE('',#5923,#496);
#285=LINE('',#5929,#497);
#286=LINE('',#5935,#498);
#287=LINE('',#5949,#499);
#288=LINE('',#5955,#500);
#289=LINE('',#5961,#501);
#290=LINE('',#5967,#502);
#291=LINE('',#5989,#503);
#292=LINE('',#5995,#504);
#293=LINE('',#6001,#505);
#294=LINE('',#6007,#506);
#295=LINE('',#6020,#507);
#296=LINE('',#6026,#508);
#297=LINE('',#6032,#509);
#298=LINE('',#6038,#510);
#299=LINE('',#6048,#511);
#300=LINE('',#6054,#512);
#301=LINE('',#6060,#513);
#302=LINE('',#6066,#514);
#303=LINE('',#6186,#515);
#304=LINE('',#6197,#516);
#305=LINE('',#6198,#517);
#306=LINE('',#6208,#518);
#307=LINE('',#6214,#519);
#308=LINE('',#6220,#520);
#309=LINE('',#6226,#521);
#310=LINE('',#6232,#522);
#311=LINE('',#6236,#523);
#312=LINE('',#6251,#524);
#313=LINE('',#6258,#525);
#314=LINE('',#6264,#526);
#315=LINE('',#6270,#527);
#316=LINE('',#6275,#528);
#317=LINE('',#6310,#529);
#318=LINE('',#6321,#530);
#319=LINE('',#6322,#531);
#320=LINE('',#6325,#532);
#321=LINE('',#6329,#533);
#322=LINE('',#6344,#534);
#323=LINE('',#6366,#535);
#324=LINE('',#6367,#536);
#325=LINE('',#6382,#537);
#326=LINE('',#6385,#538);
#327=LINE('',#6386,#539);
#328=LINE('',#6393,#540);
#329=LINE('',#6408,#541);
#330=LINE('',#6414,#542);
#331=LINE('',#6420,#543);
#332=LINE('',#6426,#544);
#333=LINE('',#6459,#545);
#334=LINE('',#6470,#546);
#335=LINE('',#6471,#547);
#336=LINE('',#6474,#548);
#337=LINE('',#6478,#549);
#338=LINE('',#6493,#550);
#339=LINE('',#6519,#551);
#340=LINE('',#6530,#552);
#341=LINE('',#6531,#553);
#342=LINE('',#6541,#554);
#343=LINE('',#6547,#555);
#344=LINE('',#6553,#556);
#345=LINE('',#6559,#557);
#346=LINE('',#6565,#558);
#347=LINE('',#6569,#559);
#348=LINE('',#6584,#560);
#349=LINE('',#6591,#561);
#350=LINE('',#6597,#562);
#351=LINE('',#6603,#563);
#352=LINE('',#6608,#564);
#353=LINE('',#6628,#565);
#354=LINE('',#6640,#566);
#355=LINE('',#6646,#567);
#356=LINE('',#6656,#568);
#357=LINE('',#6658,#569);
#358=LINE('',#6662,#570);
#359=LINE('',#6666,#571);
#360=LINE('',#6673,#572);
#361=LINE('',#6677,#573);
#362=LINE('',#6679,#574);
#363=LINE('',#6683,#575);
#364=LINE('',#6685,#576);
#365=LINE('',#6689,#577);
#366=LINE('',#6691,#578);
#367=LINE('',#6695,#579);
#368=LINE('',#6697,#580);
#369=LINE('',#6701,#581);
#370=LINE('',#6703,#582);
#371=LINE('',#6707,#583);
#372=LINE('',#6709,#584);
#373=LINE('',#6713,#585);
#374=LINE('',#6715,#586);
#375=LINE('',#6719,#587);
#376=LINE('',#6721,#588);
#377=LINE('',#6725,#589);
#378=LINE('',#6726,#590);
#379=LINE('',#6727,#591);
#380=LINE('',#6730,#592);
#381=LINE('',#6733,#593);
#382=LINE('',#6736,#594);
#383=LINE('',#6739,#595);
#384=LINE('',#6742,#596);
#385=LINE('',#6744,#597);
#386=LINE('',#6746,#598);
#387=LINE('',#6748,#599);
#388=LINE('',#6750,#600);
#389=LINE('',#6755,#601);
#390=LINE('',#6758,#602);
#391=LINE('',#6761,#603);
#392=LINE('',#6764,#604);
#393=LINE('',#6766,#605);
#394=LINE('',#6768,#606);
#395=LINE('',#6770,#607);
#396=LINE('',#6772,#608);
#397=LINE('',#6777,#609);
#398=LINE('',#6780,#610);
#399=LINE('',#6782,#611);
#400=LINE('',#6784,#612);
#401=LINE('',#6786,#613);
#402=LINE('',#6788,#614);
#403=LINE('',#6790,#615);
#404=LINE('',#6795,#616);
#405=LINE('',#6798,#617);
#406=LINE('',#6804,#618);
#407=LINE('',#6809,#619);
#408=LINE('',#6812,#620);
#409=LINE('',#6817,#621);
#410=LINE('',#6819,#622);
#411=LINE('',#6820,#623);
#412=LINE('',#6824,#624);
#413=LINE('',#6828,#625);
#414=LINE('',#6832,#626);
#415=LINE('',#6835,#627);
#416=LINE('',#6839,#628);
#417=LINE('',#6845,#629);
#418=LINE('',#6849,#630);
#419=LINE('',#6852,#631);
#420=LINE('',#6856,#632);
#421=LINE('',#6862,#633);
#422=LINE('',#6866,#634);
#423=LINE('',#6871,#635);
#424=LINE('',#6876,#636);
#425=LINE('',#6878,#637);
#426=LINE('',#6880,#638);
#427=LINE('',#6881,#639);
#428=LINE('',#6887,#640);
#429=LINE('',#6895,#641);
#430=LINE('',#6900,#642);
#431=LINE('',#6902,#643);
#432=LINE('',#6903,#644);
#433=LINE('',#6906,#645);
#434=LINE('',#6910,#646);
#435=LINE('',#6915,#647);
#436=LINE('',#6917,#648);
#437=LINE('',#6918,#649);
#438=LINE('',#6921,#650);
#439=LINE('',#6925,#651);
#440=LINE('',#6930,#652);
#441=LINE('',#6932,#653);
#442=LINE('',#6933,#654);
#443=LINE('',#6940,#655);
#444=LINE('',#6944,#656);
#445=LINE('',#6951,#657);
#446=LINE('',#6953,#658);
#447=LINE('',#6968,#659);
#448=LINE('',#6974,#660);
#449=LINE('',#6988,#661);
#450=LINE('',#7008,#662);
#451=LINE('',#7014,#663);
#452=LINE('',#7028,#664);
#453=LINE('',#7052,#665);
#454=LINE('',#7066,#666);
#455=LINE('',#7086,#667);
#456=LINE('',#7100,#668);
#457=LINE('',#7111,#669);
#458=LINE('',#7150,#670);
#459=LINE('',#7163,#671);
#460=VECTOR('',#4501,6.65);
#461=VECTOR('',#4506,4.25);
#462=VECTOR('',#4513,3.15);
#463=VECTOR('',#4518,4.85796181911282);
#464=VECTOR('',#4565,4.22071008146093);
#465=VECTOR('',#4574,4.91359315900376);
#466=VECTOR('',#4583,4.92027387262697);
#467=VECTOR('',#4598,4.25);
#468=VECTOR('',#4603,10.);
#469=VECTOR('',#4604,10.);
#470=VECTOR('',#4607,10.);
#471=VECTOR('',#4608,4.90746515000002);
#472=VECTOR('',#4613,10.);
#473=VECTOR('',#4616,10.);
#474=VECTOR('',#4617,10.);
#475=VECTOR('',#4620,10.);
#476=VECTOR('',#4621,10.);
#477=VECTOR('',#4624,10.);
#478=VECTOR('',#4625,10.);
#479=VECTOR('',#4632,6.6485);
#480=VECTOR('',#4637,6.6485);
#481=VECTOR('',#4640,4.14020788217084);
#482=VECTOR('',#4643,4.8402222680075);
#483=VECTOR('',#4650,5.02495716883684);
#484=VECTOR('',#4653,5.05);
#485=VECTOR('',#4666,4.76312758270261);
#486=VECTOR('',#4677,3.15);
#487=VECTOR('',#4684,2.8125);
#488=VECTOR('',#4693,2.25);
#489=VECTOR('',#4702,2.5);
#490=VECTOR('',#4709,2.64347154189362);
#491=VECTOR('',#4712,2.6);
#492=VECTOR('',#4719,2.3);
#493=VECTOR('',#4726,2.);
#494=VECTOR('',#4729,3.47389350101538);
#495=VECTOR('',#4758,10.);
#496=VECTOR('',#4759,10.);
#497=VECTOR('',#4760,10.);
#498=VECTOR('',#4761,10.);
#499=VECTOR('',#4764,10.);
#500=VECTOR('',#4765,10.);
#501=VECTOR('',#4766,10.);
#502=VECTOR('',#4767,10.);
#503=VECTOR('',#4776,10.);
#504=VECTOR('',#4777,10.);
#505=VECTOR('',#4778,10.);
#506=VECTOR('',#4779,10.);
#507=VECTOR('',#4782,10.);
#508=VECTOR('',#4783,10.);
#509=VECTOR('',#4784,10.);
#510=VECTOR('',#4785,10.);
#511=VECTOR('',#4788,10.);
#512=VECTOR('',#4789,10.);
#513=VECTOR('',#4790,10.);
#514=VECTOR('',#4791,10.);
#515=VECTOR('',#4848,10.);
#516=VECTOR('',#4851,10.);
#517=VECTOR('',#4852,10.);
#518=VECTOR('',#4855,10.);
#519=VECTOR('',#4856,10.);
#520=VECTOR('',#4857,10.);
#521=VECTOR('',#4858,10.);
#522=VECTOR('',#4861,10.);
#523=VECTOR('',#4866,10.);
#524=VECTOR('',#4871,10.);
#525=VECTOR('',#4874,10.);
#526=VECTOR('',#4875,10.);
#527=VECTOR('',#4876,10.);
#528=VECTOR('',#4877,10.);
#529=VECTOR('',#4922,10.);
#530=VECTOR('',#4925,10.);
#531=VECTOR('',#4926,10.);
#532=VECTOR('',#4929,10.);
#533=VECTOR('',#4934,10.);
#534=VECTOR('',#4939,10.);
#535=VECTOR('',#4980,10.);
#536=VECTOR('',#4981,10.);
#537=VECTOR('',#4984,10.);
#538=VECTOR('',#4987,10.);
#539=VECTOR('',#4988,10.);
#540=VECTOR('',#4991,10.);
#541=VECTOR('',#4994,10.);
#542=VECTOR('',#4995,10.);
#543=VECTOR('',#4996,10.);
#544=VECTOR('',#4997,10.);
#545=VECTOR('',#5046,10.);
#546=VECTOR('',#5049,10.);
#547=VECTOR('',#5050,10.);
#548=VECTOR('',#5053,10.);
#549=VECTOR('',#5058,10.);
#550=VECTOR('',#5063,10.);
#551=VECTOR('',#5104,10.);
#552=VECTOR('',#5107,10.);
#553=VECTOR('',#5108,10.);
#554=VECTOR('',#5111,10.);
#555=VECTOR('',#5112,10.);
#556=VECTOR('',#5113,10.);
#557=VECTOR('',#5114,10.);
#558=VECTOR('',#5117,10.);
#559=VECTOR('',#5122,10.);
#560=VECTOR('',#5127,10.);
#561=VECTOR('',#5130,10.);
#562=VECTOR('',#5131,10.);
#563=VECTOR('',#5132,10.);
#564=VECTOR('',#5133,10.);
#565=VECTOR('',#5156,7.25);
#566=VECTOR('',#5173,8.13029052249702);
#567=VECTOR('',#5184,8.10566599729051);
#568=VECTOR('',#5199,4.92536862672618);
#569=VECTOR('',#5202,4.93806102662208);
#570=VECTOR('',#5205,10.);
#571=VECTOR('',#5208,10.);
#572=VECTOR('',#5215,10.);
#573=VECTOR('',#5218,10.);
#574=VECTOR('',#5219,10.);
#575=VECTOR('',#5222,10.);
#576=VECTOR('',#5223,10.);
#577=VECTOR('',#5226,10.);
#578=VECTOR('',#5227,10.);
#579=VECTOR('',#5230,10.);
#580=VECTOR('',#5231,10.);
#581=VECTOR('',#5234,10.);
#582=VECTOR('',#5235,10.);
#583=VECTOR('',#5238,10.);
#584=VECTOR('',#5239,10.);
#585=VECTOR('',#5242,10.);
#586=VECTOR('',#5243,10.);
#587=VECTOR('',#5246,10.);
#588=VECTOR('',#5247,10.);
#589=VECTOR('',#5250,10.);
#590=VECTOR('',#5251,10.);
#591=VECTOR('',#5252,10.);
#592=VECTOR('',#5255,10.);
#593=VECTOR('',#5258,10.);
#594=VECTOR('',#5261,10.);
#595=VECTOR('',#5264,10.);
#596=VECTOR('',#5267,10.);
#597=VECTOR('',#5268,10.);
#598=VECTOR('',#5269,10.);
#599=VECTOR('',#5270,10.);
#600=VECTOR('',#5271,10.);
#601=VECTOR('',#5272,10.);
#602=VECTOR('',#5275,10.);
#603=VECTOR('',#5278,10.);
#604=VECTOR('',#5281,10.);
#605=VECTOR('',#5282,10.);
#606=VECTOR('',#5283,10.);
#607=VECTOR('',#5284,10.);
#608=VECTOR('',#5285,10.);
#609=VECTOR('',#5286,10.);
#610=VECTOR('',#5289,10.);
#611=VECTOR('',#5290,10.);
#612=VECTOR('',#5291,10.);
#613=VECTOR('',#5292,10.);
#614=VECTOR('',#5293,10.);
#615=VECTOR('',#5294,10.);
#616=VECTOR('',#5295,10.);
#617=VECTOR('',#5298,10.);
#618=VECTOR('',#5305,10.);
#619=VECTOR('',#5312,10.);
#620=VECTOR('',#5315,10.);
#621=VECTOR('',#5316,10.);
#622=VECTOR('',#5317,10.);
#623=VECTOR('',#5318,10.);
#624=VECTOR('',#5321,10.);
#625=VECTOR('',#5324,10.);
#626=VECTOR('',#5329,10.);
#627=VECTOR('',#5332,10.);
#628=VECTOR('',#5335,10.);
#629=VECTOR('',#5340,10.);
#630=VECTOR('',#5345,10.);
#631=VECTOR('',#5348,10.);
#632=VECTOR('',#5351,10.);
#633=VECTOR('',#5360,10.);
#634=VECTOR('',#5363,10.);
#635=VECTOR('',#5370,10.);
#636=VECTOR('',#5371,10.);
#637=VECTOR('',#5372,10.);
#638=VECTOR('',#5373,10.);
#639=VECTOR('',#5374,10.);
#640=VECTOR('',#5383,8.9);
#641=VECTOR('',#5396,10.);
#642=VECTOR('',#5397,10.);
#643=VECTOR('',#5398,10.);
#644=VECTOR('',#5399,10.);
#645=VECTOR('',#5402,10.);
#646=VECTOR('',#5407,10.);
#647=VECTOR('',#5408,10.);
#648=VECTOR('',#5409,10.);
#649=VECTOR('',#5410,10.);
#650=VECTOR('',#5413,10.);
#651=VECTOR('',#5418,10.);
#652=VECTOR('',#5419,10.);
#653=VECTOR('',#5420,10.);
#654=VECTOR('',#5421,10.);
#655=VECTOR('',#5432,10.);
#656=VECTOR('',#5437,10.);
#657=VECTOR('',#5450,10.);
#658=VECTOR('',#5453,10.);
#659=VECTOR('',#5460,10.);
#660=VECTOR('',#5461,10.);
#661=VECTOR('',#5462,10.);
#662=VECTOR('',#5467,10.);
#663=VECTOR('',#5468,10.);
#664=VECTOR('',#5469,10.);
#665=VECTOR('',#5474,10.);
#666=VECTOR('',#5475,10.);
#667=VECTOR('',#5478,10.);
#668=VECTOR('',#5479,10.);
#669=VECTOR('',#5490,7.36054930794905);
#670=VECTOR('',#5529,10.);
#671=VECTOR('',#5530,10.);
#672=CYLINDRICAL_SURFACE('',#4061,6.65);
#673=CYLINDRICAL_SURFACE('',#4062,4.25);
#674=CYLINDRICAL_SURFACE('',#4064,3.15);
#675=CYLINDRICAL_SURFACE('',#4106,4.25);
#676=CYLINDRICAL_SURFACE('',#4108,4.90746515000002);
#677=CYLINDRICAL_SURFACE('',#4116,6.6485);
#678=CYLINDRICAL_SURFACE('',#4118,6.6485);
#679=CYLINDRICAL_SURFACE('',#4121,4.8402222680075);
#680=CYLINDRICAL_SURFACE('',#4125,5.05);
#681=CYLINDRICAL_SURFACE('',#4136,3.15);
#682=CYLINDRICAL_SURFACE('',#4147,2.5);
#683=CYLINDRICAL_SURFACE('',#4151,2.6);
#684=CYLINDRICAL_SURFACE('',#4157,2.);
#685=CYLINDRICAL_SURFACE('',#4218,6.53999999999997);
#686=CYLINDRICAL_SURFACE('',#4225,6.69999999999997);
#687=CYLINDRICAL_SURFACE('',#4227,7.80000000000004);
#688=CYLINDRICAL_SURFACE('',#4231,7.93244308331187);
#689=CYLINDRICAL_SURFACE('',#4244,6.53999999999997);
#690=CYLINDRICAL_SURFACE('',#4251,6.69999999999997);
#691=CYLINDRICAL_SURFACE('',#4253,7.80000000000004);
#692=CYLINDRICAL_SURFACE('',#4257,7.93244308331187);
#693=CYLINDRICAL_SURFACE('',#4268,6.53999999999997);
#694=CYLINDRICAL_SURFACE('',#4275,6.69999999999997);
#695=CYLINDRICAL_SURFACE('',#4279,7.80000000000004);
#696=CYLINDRICAL_SURFACE('',#4286,7.93244308331187);
#697=CYLINDRICAL_SURFACE('',#4298,6.53999999999997);
#698=CYLINDRICAL_SURFACE('',#4305,6.69999999999997);
#699=CYLINDRICAL_SURFACE('',#4307,7.80000000000004);
#700=CYLINDRICAL_SURFACE('',#4311,7.93244308331187);
#701=CYLINDRICAL_SURFACE('',#4328,6.53999999999997);
#702=CYLINDRICAL_SURFACE('',#4339,6.69999999999997);
#703=CYLINDRICAL_SURFACE('',#4340,7.80000000000004);
#704=CYLINDRICAL_SURFACE('',#4348,7.93244308331187);
#705=CYLINDRICAL_SURFACE('',#4358,6.79999999999997);
#706=CYLINDRICAL_SURFACE('',#4372,6.79999999999997);
#707=CYLINDRICAL_SURFACE('',#4374,6.79999999999997);
#708=CYLINDRICAL_SURFACE('',#4377,6.79999999999997);
#709=CYLINDRICAL_SURFACE('',#4381,6.79999999999997);
#710=CYLINDRICAL_SURFACE('',#4386,6.875);
#711=CYLINDRICAL_SURFACE('',#4392,6.875);
#712=CYLINDRICAL_SURFACE('',#4398,6.875);
#713=CYLINDRICAL_SURFACE('',#4403,6.875);
#714=CYLINDRICAL_SURFACE('',#4409,6.875);
#715=CYLINDRICAL_SURFACE('',#4411,8.9);
#716=CYLINDRICAL_SURFACE('',#4415,5.1);
#717=CYLINDRICAL_SURFACE('',#4429,5.1);
#718=CYLINDRICAL_SURFACE('',#4431,5.1);
#719=CYLINDRICAL_SURFACE('',#4433,5.1);
#720=CYLINDRICAL_SURFACE('',#4435,5.1);
#721=FACE_BOUND('',#940,.T.);
#722=FACE_BOUND('',#943,.T.);
#723=FACE_BOUND('',#952,.T.);
#724=FACE_BOUND('',#954,.T.);
#725=FACE_BOUND('',#964,.T.);
#726=FACE_BOUND('',#967,.T.);
#727=FACE_BOUND('',#969,.T.);
#728=FACE_BOUND('',#1091,.T.);
#729=FACE_BOUND('',#1152,.T.);
#730=FACE_OUTER_BOUND('',#938,.T.);
#731=FACE_OUTER_BOUND('',#939,.T.);
#732=FACE_OUTER_BOUND('',#941,.T.);
#733=FACE_OUTER_BOUND('',#942,.T.);
#734=FACE_OUTER_BOUND('',#944,.T.);
#735=FACE_OUTER_BOUND('',#945,.T.);
#736=FACE_OUTER_BOUND('',#946,.T.);
#737=FACE_OUTER_BOUND('',#947,.T.);
#738=FACE_OUTER_BOUND('',#948,.T.);
#739=FACE_OUTER_BOUND('',#949,.T.);
#740=FACE_OUTER_BOUND('',#950,.T.);
#741=FACE_OUTER_BOUND('',#951,.T.);
#742=FACE_OUTER_BOUND('',#953,.T.);
#743=FACE_OUTER_BOUND('',#955,.T.);
#744=FACE_OUTER_BOUND('',#956,.T.);
#745=FACE_OUTER_BOUND('',#957,.T.);
#746=FACE_OUTER_BOUND('',#958,.T.);
#747=FACE_OUTER_BOUND('',#959,.T.);
#748=FACE_OUTER_BOUND('',#960,.T.);
#749=FACE_OUTER_BOUND('',#961,.T.);
#750=FACE_OUTER_BOUND('',#962,.T.);
#751=FACE_OUTER_BOUND('',#963,.T.);
#752=FACE_OUTER_BOUND('',#965,.T.);
#753=FACE_OUTER_BOUND('',#966,.T.);
#754=FACE_OUTER_BOUND('',#968,.T.);
#755=FACE_OUTER_BOUND('',#970,.T.);
#756=FACE_OUTER_BOUND('',#971,.T.);
#757=FACE_OUTER_BOUND('',#972,.T.);
#758=FACE_OUTER_BOUND('',#973,.T.);
#759=FACE_OUTER_BOUND('',#974,.T.);
#760=FACE_OUTER_BOUND('',#975,.T.);
#761=FACE_OUTER_BOUND('',#976,.T.);
#762=FACE_OUTER_BOUND('',#977,.T.);
#763=FACE_OUTER_BOUND('',#978,.T.);
#764=FACE_OUTER_BOUND('',#979,.T.);
#765=FACE_OUTER_BOUND('',#980,.T.);
#766=FACE_OUTER_BOUND('',#981,.T.);
#767=FACE_OUTER_BOUND('',#982,.T.);
#768=FACE_OUTER_BOUND('',#983,.T.);
#769=FACE_OUTER_BOUND('',#984,.T.);
#770=FACE_OUTER_BOUND('',#985,.T.);
#771=FACE_OUTER_BOUND('',#986,.T.);
#772=FACE_OUTER_BOUND('',#987,.T.);
#773=FACE_OUTER_BOUND('',#988,.T.);
#774=FACE_OUTER_BOUND('',#989,.T.);
#775=FACE_OUTER_BOUND('',#990,.T.);
#776=FACE_OUTER_BOUND('',#991,.T.);
#777=FACE_OUTER_BOUND('',#992,.T.);
#778=FACE_OUTER_BOUND('',#993,.T.);
#779=FACE_OUTER_BOUND('',#994,.T.);
#780=FACE_OUTER_BOUND('',#995,.T.);
#781=FACE_OUTER_BOUND('',#996,.T.);
#782=FACE_OUTER_BOUND('',#997,.T.);
#783=FACE_OUTER_BOUND('',#998,.T.);
#784=FACE_OUTER_BOUND('',#999,.T.);
#785=FACE_OUTER_BOUND('',#1000,.T.);
#786=FACE_OUTER_BOUND('',#1001,.T.);
#787=FACE_OUTER_BOUND('',#1002,.T.);
#788=FACE_OUTER_BOUND('',#1003,.T.);
#789=FACE_OUTER_BOUND('',#1004,.T.);
#790=FACE_OUTER_BOUND('',#1005,.T.);
#791=FACE_OUTER_BOUND('',#1006,.T.);
#792=FACE_OUTER_BOUND('',#1007,.T.);
#793=FACE_OUTER_BOUND('',#1008,.T.);
#794=FACE_OUTER_BOUND('',#1009,.T.);
#795=FACE_OUTER_BOUND('',#1010,.T.);
#796=FACE_OUTER_BOUND('',#1011,.T.);
#797=FACE_OUTER_BOUND('',#1012,.T.);
#798=FACE_OUTER_BOUND('',#1013,.T.);
#799=FACE_OUTER_BOUND('',#1014,.T.);
#800=FACE_OUTER_BOUND('',#1015,.T.);
#801=FACE_OUTER_BOUND('',#1016,.T.);
#802=FACE_OUTER_BOUND('',#1017,.T.);
#803=FACE_OUTER_BOUND('',#1018,.T.);
#804=FACE_OUTER_BOUND('',#1019,.T.);
#805=FACE_OUTER_BOUND('',#1020,.T.);
#806=FACE_OUTER_BOUND('',#1021,.T.);
#807=FACE_OUTER_BOUND('',#1022,.T.);
#808=FACE_OUTER_BOUND('',#1023,.T.);
#809=FACE_OUTER_BOUND('',#1024,.T.);
#810=FACE_OUTER_BOUND('',#1025,.T.);
#811=FACE_OUTER_BOUND('',#1026,.T.);
#812=FACE_OUTER_BOUND('',#1027,.T.);
#813=FACE_OUTER_BOUND('',#1028,.T.);
#814=FACE_OUTER_BOUND('',#1029,.T.);
#815=FACE_OUTER_BOUND('',#1030,.T.);
#816=FACE_OUTER_BOUND('',#1031,.T.);
#817=FACE_OUTER_BOUND('',#1032,.T.);
#818=FACE_OUTER_BOUND('',#1033,.T.);
#819=FACE_OUTER_BOUND('',#1034,.T.);
#820=FACE_OUTER_BOUND('',#1035,.T.);
#821=FACE_OUTER_BOUND('',#1036,.T.);
#822=FACE_OUTER_BOUND('',#1037,.T.);
#823=FACE_OUTER_BOUND('',#1038,.T.);
#824=FACE_OUTER_BOUND('',#1039,.T.);
#825=FACE_OUTER_BOUND('',#1040,.T.);
#826=FACE_OUTER_BOUND('',#1041,.T.);
#827=FACE_OUTER_BOUND('',#1042,.T.);
#828=FACE_OUTER_BOUND('',#1043,.T.);
#829=FACE_OUTER_BOUND('',#1044,.T.);
#830=FACE_OUTER_BOUND('',#1045,.T.);
#831=FACE_OUTER_BOUND('',#1046,.T.);
#832=FACE_OUTER_BOUND('',#1047,.T.);
#833=FACE_OUTER_BOUND('',#1048,.T.);
#834=FACE_OUTER_BOUND('',#1049,.T.);
#835=FACE_OUTER_BOUND('',#1050,.T.);
#836=FACE_OUTER_BOUND('',#1051,.T.);
#837=FACE_OUTER_BOUND('',#1052,.T.);
#838=FACE_OUTER_BOUND('',#1053,.T.);
#839=FACE_OUTER_BOUND('',#1054,.T.);
#840=FACE_OUTER_BOUND('',#1055,.T.);
#841=FACE_OUTER_BOUND('',#1056,.T.);
#842=FACE_OUTER_BOUND('',#1057,.T.);
#843=FACE_OUTER_BOUND('',#1058,.T.);
#844=FACE_OUTER_BOUND('',#1059,.T.);
#845=FACE_OUTER_BOUND('',#1060,.T.);
#846=FACE_OUTER_BOUND('',#1061,.T.);
#847=FACE_OUTER_BOUND('',#1062,.T.);
#848=FACE_OUTER_BOUND('',#1063,.T.);
#849=FACE_OUTER_BOUND('',#1064,.T.);
#850=FACE_OUTER_BOUND('',#1065,.T.);
#851=FACE_OUTER_BOUND('',#1066,.T.);
#852=FACE_OUTER_BOUND('',#1067,.T.);
#853=FACE_OUTER_BOUND('',#1068,.T.);
#854=FACE_OUTER_BOUND('',#1069,.T.);
#855=FACE_OUTER_BOUND('',#1070,.T.);
#856=FACE_OUTER_BOUND('',#1071,.T.);
#857=FACE_OUTER_BOUND('',#1072,.T.);
#858=FACE_OUTER_BOUND('',#1073,.T.);
#859=FACE_OUTER_BOUND('',#1074,.T.);
#860=FACE_OUTER_BOUND('',#1075,.T.);
#861=FACE_OUTER_BOUND('',#1076,.T.);
#862=FACE_OUTER_BOUND('',#1077,.T.);
#863=FACE_OUTER_BOUND('',#1078,.T.);
#864=FACE_OUTER_BOUND('',#1079,.T.);
#865=FACE_OUTER_BOUND('',#1080,.T.);
#866=FACE_OUTER_BOUND('',#1081,.T.);
#867=FACE_OUTER_BOUND('',#1082,.T.);
#868=FACE_OUTER_BOUND('',#1083,.T.);
#869=FACE_OUTER_BOUND('',#1084,.T.);
#870=FACE_OUTER_BOUND('',#1085,.T.);
#871=FACE_OUTER_BOUND('',#1086,.T.);
#872=FACE_OUTER_BOUND('',#1087,.T.);
#873=FACE_OUTER_BOUND('',#1088,.T.);
#874=FACE_OUTER_BOUND('',#1089,.T.);
#875=FACE_OUTER_BOUND('',#1090,.T.);
#876=FACE_OUTER_BOUND('',#1092,.T.);
#877=FACE_OUTER_BOUND('',#1093,.T.);
#878=FACE_OUTER_BOUND('',#1094,.T.);
#879=FACE_OUTER_BOUND('',#1095,.T.);
#880=FACE_OUTER_BOUND('',#1096,.T.);
#881=FACE_OUTER_BOUND('',#1097,.T.);
#882=FACE_OUTER_BOUND('',#1098,.T.);
#883=FACE_OUTER_BOUND('',#1099,.T.);
#884=FACE_OUTER_BOUND('',#1100,.T.);
#885=FACE_OUTER_BOUND('',#1101,.T.);
#886=FACE_OUTER_BOUND('',#1102,.T.);
#887=FACE_OUTER_BOUND('',#1103,.T.);
#888=FACE_OUTER_BOUND('',#1104,.T.);
#889=FACE_OUTER_BOUND('',#1105,.T.);
#890=FACE_OUTER_BOUND('',#1106,.T.);
#891=FACE_OUTER_BOUND('',#1107,.T.);
#892=FACE_OUTER_BOUND('',#1108,.T.);
#893=FACE_OUTER_BOUND('',#1109,.T.);
#894=FACE_OUTER_BOUND('',#1110,.T.);
#895=FACE_OUTER_BOUND('',#1111,.T.);
#896=FACE_OUTER_BOUND('',#1112,.T.);
#897=FACE_OUTER_BOUND('',#1113,.T.);
#898=FACE_OUTER_BOUND('',#1114,.T.);
#899=FACE_OUTER_BOUND('',#1115,.T.);
#900=FACE_OUTER_BOUND('',#1116,.T.);
#901=FACE_OUTER_BOUND('',#1117,.T.);
#902=FACE_OUTER_BOUND('',#1118,.T.);
#903=FACE_OUTER_BOUND('',#1119,.T.);
#904=FACE_OUTER_BOUND('',#1120,.T.);
#905=FACE_OUTER_BOUND('',#1121,.T.);
#906=FACE_OUTER_BOUND('',#1122,.T.);
#907=FACE_OUTER_BOUND('',#1123,.T.);
#908=FACE_OUTER_BOUND('',#1124,.T.);
#909=FACE_OUTER_BOUND('',#1125,.T.);
#910=FACE_OUTER_BOUND('',#1126,.T.);
#911=FACE_OUTER_BOUND('',#1127,.T.);
#912=FACE_OUTER_BOUND('',#1128,.T.);
#913=FACE_OUTER_BOUND('',#1129,.T.);
#914=FACE_OUTER_BOUND('',#1130,.T.);
#915=FACE_OUTER_BOUND('',#1131,.T.);
#916=FACE_OUTER_BOUND('',#1132,.T.);
#917=FACE_OUTER_BOUND('',#1133,.T.);
#918=FACE_OUTER_BOUND('',#1134,.T.);
#919=FACE_OUTER_BOUND('',#1135,.T.);
#920=FACE_OUTER_BOUND('',#1136,.T.);
#921=FACE_OUTER_BOUND('',#1137,.T.);
#922=FACE_OUTER_BOUND('',#1138,.T.);
#923=FACE_OUTER_BOUND('',#1139,.T.);
#924=FACE_OUTER_BOUND('',#1140,.T.);
#925=FACE_OUTER_BOUND('',#1141,.T.);
#926=FACE_OUTER_BOUND('',#1142,.T.);
#927=FACE_OUTER_BOUND('',#1143,.T.);
#928=FACE_OUTER_BOUND('',#1144,.T.);
#929=FACE_OUTER_BOUND('',#1145,.T.);
#930=FACE_OUTER_BOUND('',#1146,.T.);
#931=FACE_OUTER_BOUND('',#1147,.T.);
#932=FACE_OUTER_BOUND('',#1148,.T.);
#933=FACE_OUTER_BOUND('',#1149,.T.);
#934=FACE_OUTER_BOUND('',#1150,.T.);
#935=FACE_OUTER_BOUND('',#1151,.T.);
#936=FACE_OUTER_BOUND('',#1153,.T.);
#937=FACE_OUTER_BOUND('',#1154,.T.);
#938=EDGE_LOOP('',(#2346));
#939=EDGE_LOOP('',(#2347));
#940=EDGE_LOOP('',(#2348));
#941=EDGE_LOOP('',(#2349));
#942=EDGE_LOOP('',(#2350));
#943=EDGE_LOOP('',(#2351));
#944=EDGE_LOOP('',(#2352,#2353,#2354,#2355));
#945=EDGE_LOOP('',(#2356,#2357,#2358,#2359));
#946=EDGE_LOOP('',(#2360,#2361,#2362,#2363,#2364));
#947=EDGE_LOOP('',(#2365,#2366,#2367,#2368,#2369,#2370,#2371,#2372,#2373,
#2374,#2375,#2376,#2377,#2378,#2379,#2380,#2381,#2382,#2383,#2384,#2385,
#2386,#2387,#2388));
#948=EDGE_LOOP('',(#2389,#2390,#2391,#2392,#2393,#2394,#2395,#2396,#2397,
#2398,#2399,#2400,#2401,#2402,#2403,#2404,#2405,#2406,#2407,#2408,#2409,
#2410,#2411,#2412));
#949=EDGE_LOOP('',(#2413,#2414,#2415,#2416,#2417,#2418));
#950=EDGE_LOOP('',(#2419,#2420,#2421,#2422));
#951=EDGE_LOOP('',(#2423));
#952=EDGE_LOOP('',(#2424));
#953=EDGE_LOOP('',(#2425));
#954=EDGE_LOOP('',(#2426));
#955=EDGE_LOOP('',(#2427,#2428,#2429,#2430));
#956=EDGE_LOOP('',(#2431,#2432,#2433,#2434,#2435,#2436,#2437,#2438,#2439,
#2440,#2441,#2442,#2443,#2444,#2445,#2446,#2447,#2448,#2449,#2450,#2451,
#2452,#2453,#2454,#2455));
#957=EDGE_LOOP('',(#2456,#2457,#2458,#2459));
#958=EDGE_LOOP('',(#2460,#2461,#2462,#2463));
#959=EDGE_LOOP('',(#2464,#2465,#2466,#2467));
#960=EDGE_LOOP('',(#2468,#2469,#2470,#2471,#2472));
#961=EDGE_LOOP('',(#2473,#2474,#2475,#2476,#2477));
#962=EDGE_LOOP('',(#2478,#2479,#2480,#2481,#2482));
#963=EDGE_LOOP('',(#2483,#2484));
#964=EDGE_LOOP('',(#2485,#2486));
#965=EDGE_LOOP('',(#2487,#2488,#2489,#2490,#2491,#2492));
#966=EDGE_LOOP('',(#2493));
#967=EDGE_LOOP('',(#2494));
#968=EDGE_LOOP('',(#2495));
#969=EDGE_LOOP('',(#2496,#2497));
#970=EDGE_LOOP('',(#2498,#2499,#2500,#2501,#2502));
#971=EDGE_LOOP('',(#2503,#2504,#2505,#2506,#2507,#2508));
#972=EDGE_LOOP('',(#2509,#2510,#2511,#2512,#2513,#2514));
#973=EDGE_LOOP('',(#2515,#2516,#2517,#2518,#2519,#2520));
#974=EDGE_LOOP('',(#2521,#2522,#2523,#2524,#2525,#2526));
#975=EDGE_LOOP('',(#2527,#2528,#2529,#2530,#2531,#2532));
#976=EDGE_LOOP('',(#2533,#2534,#2535,#2536,#2537,#2538));
#977=EDGE_LOOP('',(#2539,#2540,#2541,#2542,#2543,#2544));
#978=EDGE_LOOP('',(#2545,#2546,#2547,#2548,#2549,#2550));
#979=EDGE_LOOP('',(#2551,#2552,#2553,#2554));
#980=EDGE_LOOP('',(#2555,#2556,#2557,#2558,#2559));
#981=EDGE_LOOP('',(#2560,#2561,#2562,#2563));
#982=EDGE_LOOP('',(#2564,#2565,#2566,#2567));
#983=EDGE_LOOP('',(#2568,#2569,#2570,#2571));
#984=EDGE_LOOP('',(#2572,#2573,#2574,#2575));
#985=EDGE_LOOP('',(#2576,#2577,#2578,#2579,#2580,#2581,#2582,#2583,#2584,
#2585,#2586,#2587,#2588,#2589,#2590));
#986=EDGE_LOOP('',(#2591,#2592,#2593,#2594,#2595,#2596,#2597,#2598,#2599,
#2600,#2601,#2602,#2603,#2604,#2605));
#987=EDGE_LOOP('',(#2606,#2607,#2608,#2609));
#988=EDGE_LOOP('',(#2610,#2611,#2612,#2613));
#989=EDGE_LOOP('',(#2614,#2615,#2616,#2617,#2618,#2619,#2620,#2621,#2622,
#2623,#2624,#2625,#2626,#2627,#2628));
#990=EDGE_LOOP('',(#2629,#2630,#2631,#2632,#2633,#2634,#2635,#2636,#2637,
#2638,#2639,#2640,#2641,#2642,#2643));
#991=EDGE_LOOP('',(#2644,#2645,#2646,#2647,#2648,#2649,#2650,#2651,#2652,
#2653,#2654,#2655,#2656,#2657,#2658));
#992=EDGE_LOOP('',(#2659,#2660,#2661,#2662));
#993=EDGE_LOOP('',(#2663,#2664,#2665,#2666));
#994=EDGE_LOOP('',(#2667,#2668,#2669,#2670));
#995=EDGE_LOOP('',(#2671,#2672,#2673,#2674));
#996=EDGE_LOOP('',(#2675,#2676,#2677,#2678));
#997=EDGE_LOOP('',(#2679,#2680,#2681,#2682));
#998=EDGE_LOOP('',(#2683,#2684,#2685,#2686,#2687,#2688));
#999=EDGE_LOOP('',(#2689,#2690,#2691,#2692));
#1000=EDGE_LOOP('',(#2693,#2694,#2695,#2696));
#1001=EDGE_LOOP('',(#2697,#2698,#2699,#2700,#2701));
#1002=EDGE_LOOP('',(#2702,#2703,#2704));
#1003=EDGE_LOOP('',(#2705,#2706,#2707));
#1004=EDGE_LOOP('',(#2708,#2709,#2710,#2711,#2712,#2713,#2714,#2715,#2716,
#2717,#2718,#2719,#2720,#2721,#2722));
#1005=EDGE_LOOP('',(#2723,#2724,#2725,#2726,#2727,#2728));
#1006=EDGE_LOOP('',(#2729,#2730,#2731));
#1007=EDGE_LOOP('',(#2732,#2733,#2734));
#1008=EDGE_LOOP('',(#2735,#2736,#2737,#2738,#2739,#2740,#2741,#2742,#2743,
#2744,#2745,#2746,#2747,#2748,#2749));
#1009=EDGE_LOOP('',(#2750,#2751,#2752,#2753));
#1010=EDGE_LOOP('',(#2754,#2755,#2756,#2757));
#1011=EDGE_LOOP('',(#2758,#2759,#2760,#2761));
#1012=EDGE_LOOP('',(#2762,#2763,#2764,#2765));
#1013=EDGE_LOOP('',(#2766,#2767,#2768,#2769));
#1014=EDGE_LOOP('',(#2770,#2771,#2772,#2773));
#1015=EDGE_LOOP('',(#2774,#2775,#2776,#2777));
#1016=EDGE_LOOP('',(#2778,#2779,#2780,#2781));
#1017=EDGE_LOOP('',(#2782,#2783,#2784,#2785));
#1018=EDGE_LOOP('',(#2786,#2787,#2788,#2789));
#1019=EDGE_LOOP('',(#2790,#2791,#2792,#2793));
#1020=EDGE_LOOP('',(#2794,#2795,#2796));
#1021=EDGE_LOOP('',(#2797,#2798,#2799));
#1022=EDGE_LOOP('',(#2800,#2801,#2802,#2803,#2804,#2805));
#1023=EDGE_LOOP('',(#2806,#2807,#2808));
#1024=EDGE_LOOP('',(#2809,#2810,#2811));
#1025=EDGE_LOOP('',(#2812,#2813,#2814,#2815));
#1026=EDGE_LOOP('',(#2816,#2817,#2818,#2819));
#1027=EDGE_LOOP('',(#2820,#2821,#2822,#2823));
#1028=EDGE_LOOP('',(#2824,#2825,#2826,#2827));
#1029=EDGE_LOOP('',(#2828,#2829,#2830,#2831));
#1030=EDGE_LOOP('',(#2832,#2833,#2834,#2835));
#1031=EDGE_LOOP('',(#2836,#2837,#2838,#2839));
#1032=EDGE_LOOP('',(#2840,#2841,#2842,#2843));
#1033=EDGE_LOOP('',(#2844,#2845,#2846,#2847));
#1034=EDGE_LOOP('',(#2848,#2849,#2850,#2851));
#1035=EDGE_LOOP('',(#2852,#2853,#2854));
#1036=EDGE_LOOP('',(#2855,#2856,#2857));
#1037=EDGE_LOOP('',(#2858,#2859,#2860));
#1038=EDGE_LOOP('',(#2861,#2862,#2863));
#1039=EDGE_LOOP('',(#2864,#2865,#2866,#2867,#2868,#2869,#2870,#2871,#2872,
#2873,#2874,#2875,#2876,#2877,#2878));
#1040=EDGE_LOOP('',(#2879,#2880,#2881,#2882));
#1041=EDGE_LOOP('',(#2883,#2884,#2885,#2886));
#1042=EDGE_LOOP('',(#2887,#2888,#2889,#2890));
#1043=EDGE_LOOP('',(#2891,#2892,#2893,#2894));
#1044=EDGE_LOOP('',(#2895,#2896,#2897,#2898));
#1045=EDGE_LOOP('',(#2899,#2900,#2901,#2902));
#1046=EDGE_LOOP('',(#2903,#2904,#2905,#2906,#2907,#2908));
#1047=EDGE_LOOP('',(#2909,#2910,#2911,#2912));
#1048=EDGE_LOOP('',(#2913,#2914,#2915,#2916));
#1049=EDGE_LOOP('',(#2917,#2918,#2919,#2920));
#1050=EDGE_LOOP('',(#2921,#2922,#2923,#2924));
#1051=EDGE_LOOP('',(#2925,#2926,#2927));
#1052=EDGE_LOOP('',(#2928,#2929,#2930));
#1053=EDGE_LOOP('',(#2931,#2932,#2933,#2934,#2935,#2936));
#1054=EDGE_LOOP('',(#2937,#2938,#2939));
#1055=EDGE_LOOP('',(#2940,#2941,#2942));
#1056=EDGE_LOOP('',(#2943,#2944,#2945,#2946));
#1057=EDGE_LOOP('',(#2947,#2948,#2949,#2950));
#1058=EDGE_LOOP('',(#2951,#2952,#2953,#2954));
#1059=EDGE_LOOP('',(#2955,#2956,#2957,#2958));
#1060=EDGE_LOOP('',(#2959,#2960,#2961,#2962));
#1061=EDGE_LOOP('',(#2963,#2964,#2965,#2966));
#1062=EDGE_LOOP('',(#2967,#2968,#2969,#2970));
#1063=EDGE_LOOP('',(#2971,#2972,#2973,#2974));
#1064=EDGE_LOOP('',(#2975,#2976,#2977,#2978));
#1065=EDGE_LOOP('',(#2979,#2980,#2981,#2982));
#1066=EDGE_LOOP('',(#2983,#2984,#2985));
#1067=EDGE_LOOP('',(#2986,#2987,#2988));
#1068=EDGE_LOOP('',(#2989,#2990,#2991,#2992,#2993,#2994,#2995,#2996,#2997,
#2998,#2999,#3000,#3001,#3002,#3003));
#1069=EDGE_LOOP('',(#3004,#3005,#3006,#3007,#3008,#3009));
#1070=EDGE_LOOP('',(#3010,#3011,#3012));
#1071=EDGE_LOOP('',(#3013,#3014,#3015));
#1072=EDGE_LOOP('',(#3016,#3017,#3018,#3019,#3020,#3021,#3022,#3023,#3024,
#3025,#3026,#3027,#3028,#3029,#3030));
#1073=EDGE_LOOP('',(#3031,#3032,#3033,#3034));
#1074=EDGE_LOOP('',(#3035,#3036,#3037,#3038));
#1075=EDGE_LOOP('',(#3039,#3040,#3041,#3042));
#1076=EDGE_LOOP('',(#3043,#3044,#3045,#3046));
#1077=EDGE_LOOP('',(#3047,#3048,#3049,#3050,#3051,#3052,#3053,#3054,#3055,
#3056,#3057,#3058,#3059,#3060,#3061,#3062,#3063,#3064,#3065,#3066,#3067,
#3068,#3069,#3070,#3071));
#1078=EDGE_LOOP('',(#3072,#3073,#3074,#3075));
#1079=EDGE_LOOP('',(#3076,#3077,#3078,#3079));
#1080=EDGE_LOOP('',(#3080,#3081,#3082,#3083,#3084,#3085,#3086,#3087,#3088,
#3089,#3090,#3091,#3092,#3093,#3094));
#1081=EDGE_LOOP('',(#3095,#3096,#3097,#3098));
#1082=EDGE_LOOP('',(#3099,#3100,#3101,#3102));
#1083=EDGE_LOOP('',(#3103,#3104,#3105,#3106,#3107,#3108));
#1084=EDGE_LOOP('',(#3109,#3110,#3111,#3112));
#1085=EDGE_LOOP('',(#3113,#3114,#3115,#3116));
#1086=EDGE_LOOP('',(#3117,#3118,#3119,#3120));
#1087=EDGE_LOOP('',(#3121,#3122,#3123,#3124,#3125,#3126));
#1088=EDGE_LOOP('',(#3127,#3128,#3129,#3130,#3131,#3132,#3133,#3134,#3135,
#3136,#3137,#3138,#3139,#3140,#3141,#3142,#3143,#3144,#3145,#3146,#3147,
#3148,#3149,#3150,#3151));
#1089=EDGE_LOOP('',(#3152,#3153,#3154,#3155));
#1090=EDGE_LOOP('',(#3156));
#1091=EDGE_LOOP('',(#3157,#3158,#3159,#3160,#3161,#3162,#3163,#3164,#3165,
#3166,#3167,#3168,#3169,#3170,#3171,#3172,#3173,#3174,#3175,#3176,#3177,
#3178,#3179,#3180,#3181,#3182,#3183,#3184,#3185,#3186));
#1092=EDGE_LOOP('',(#3187,#3188,#3189,#3190));
#1093=EDGE_LOOP('',(#3191,#3192,#3193,#3194));
#1094=EDGE_LOOP('',(#3195,#3196,#3197,#3198,#3199,#3200,#3201,#3202,#3203));
#1095=EDGE_LOOP('',(#3204,#3205,#3206,#3207));
#1096=EDGE_LOOP('',(#3208,#3209,#3210,#3211,#3212,#3213,#3214,#3215,#3216));
#1097=EDGE_LOOP('',(#3217,#3218,#3219,#3220,#3221,#3222,#3223,#3224,#3225));
#1098=EDGE_LOOP('',(#3226,#3227,#3228,#3229));
#1099=EDGE_LOOP('',(#3230,#3231,#3232,#3233));
#1100=EDGE_LOOP('',(#3234,#3235,#3236,#3237));
#1101=EDGE_LOOP('',(#3238,#3239,#3240,#3241,#3242,#3243,#3244,#3245,#3246));
#1102=EDGE_LOOP('',(#3247,#3248,#3249,#3250));
#1103=EDGE_LOOP('',(#3251,#3252,#3253,#3254));
#1104=EDGE_LOOP('',(#3255,#3256,#3257,#3258,#3259));
#1105=EDGE_LOOP('',(#3260,#3261,#3262,#3263));
#1106=EDGE_LOOP('',(#3264,#3265,#3266,#3267));
#1107=EDGE_LOOP('',(#3268,#3269,#3270,#3271));
#1108=EDGE_LOOP('',(#3272,#3273,#3274,#3275));
#1109=EDGE_LOOP('',(#3276,#3277,#3278,#3279,#3280,#3281,#3282,#3283,#3284));
#1110=EDGE_LOOP('',(#3285,#3286,#3287,#3288));
#1111=EDGE_LOOP('',(#3289,#3290,#3291,#3292));
#1112=EDGE_LOOP('',(#3293,#3294,#3295,#3296));
#1113=EDGE_LOOP('',(#3297,#3298,#3299,#3300));
#1114=EDGE_LOOP('',(#3301,#3302,#3303,#3304));
#1115=EDGE_LOOP('',(#3305,#3306,#3307,#3308,#3309,#3310,#3311,#3312,#3313));
#1116=EDGE_LOOP('',(#3314,#3315,#3316,#3317));
#1117=EDGE_LOOP('',(#3318,#3319,#3320,#3321,#3322,#3323,#3324,#3325,#3326));
#1118=EDGE_LOOP('',(#3327,#3328,#3329,#3330));
#1119=EDGE_LOOP('',(#3331,#3332,#3333,#3334,#3335,#3336,#3337,#3338,#3339));
#1120=EDGE_LOOP('',(#3340,#3341,#3342,#3343));
#1121=EDGE_LOOP('',(#3344,#3345,#3346,#3347));
#1122=EDGE_LOOP('',(#3348,#3349,#3350,#3351));
#1123=EDGE_LOOP('',(#3352,#3353,#3354,#3355));
#1124=EDGE_LOOP('',(#3356,#3357,#3358,#3359));
#1125=EDGE_LOOP('',(#3360,#3361,#3362,#3363));
#1126=EDGE_LOOP('',(#3364,#3365,#3366,#3367));
#1127=EDGE_LOOP('',(#3368,#3369,#3370,#3371));
#1128=EDGE_LOOP('',(#3372,#3373,#3374,#3375));
#1129=EDGE_LOOP('',(#3376,#3377,#3378,#3379));
#1130=EDGE_LOOP('',(#3380,#3381,#3382,#3383,#3384,#3385,#3386,#3387,#3388,
#3389));
#1131=EDGE_LOOP('',(#3390,#3391,#3392,#3393,#3394,#3395,#3396,#3397,#3398));
#1132=EDGE_LOOP('',(#3399,#3400,#3401,#3402,#3403,#3404,#3405,#3406,#3407,
#3408));
#1133=EDGE_LOOP('',(#3409,#3410,#3411,#3412,#3413,#3414,#3415,#3416,#3417));
#1134=EDGE_LOOP('',(#3418,#3419,#3420,#3421,#3422,#3423,#3424,#3425,#3426,
#3427));
#1135=EDGE_LOOP('',(#3428,#3429,#3430,#3431,#3432,#3433,#3434,#3435,#3436,
#3437));
#1136=EDGE_LOOP('',(#3438,#3439));
#1137=EDGE_LOOP('',(#3440,#3441));
#1138=EDGE_LOOP('',(#3442,#3443));
#1139=EDGE_LOOP('',(#3444,#3445,#3446,#3447,#3448,#3449,#3450,#3451,#3452,
#3453,#3454,#3455,#3456,#3457,#3458,#3459,#3460,#3461,#3462,#3463,#3464,
#3465,#3466,#3467,#3468,#3469,#3470,#3471,#3472,#3473,#3474,#3475,#3476,
#3477,#3478));
#1140=EDGE_LOOP('',(#3479,#3480));
#1141=EDGE_LOOP('',(#3481,#3482));
#1142=EDGE_LOOP('',(#3483,#3484));
#1143=EDGE_LOOP('',(#3485,#3486));
#1144=EDGE_LOOP('',(#3487,#3488,#3489,#3490));
#1145=EDGE_LOOP('',(#3491,#3492,#3493,#3494));
#1146=EDGE_LOOP('',(#3495,#3496,#3497,#3498));
#1147=EDGE_LOOP('',(#3499,#3500,#3501,#3502));
#1148=EDGE_LOOP('',(#3503,#3504,#3505,#3506,#3507,#3508,#3509,#3510,#3511,
#3512));
#1149=EDGE_LOOP('',(#3513,#3514));
#1150=EDGE_LOOP('',(#3515,#3516));
#1151=EDGE_LOOP('',(#3517));
#1152=EDGE_LOOP('',(#3518,#3519));
#1153=EDGE_LOOP('',(#3520,#3521,#3522,#3523));
#1154=EDGE_LOOP('',(#3524,#3525));
#1155=CIRCLE('',#4052,3.15);
#1156=CIRCLE('',#4054,6.65);
#1157=CIRCLE('',#4055,4.25);
#1158=CIRCLE('',#4057,3.15);
#1159=CIRCLE('',#4059,6.65);
#1160=CIRCLE('',#4060,4.25);
#1161=CIRCLE('',#4063,4.25);
#1162=CIRCLE('',#4065,3.15);
#1163=CIRCLE('',#4066,3.15);
#1164=CIRCLE('',#4068,4.80442259202734);
#1165=CIRCLE('',#4069,4.90746515000002);
#1166=CIRCLE('',#4070,4.80939210791827);
#1167=CIRCLE('',#4071,4.90746515000002);
#1168=CIRCLE('',#4072,4.80939210791827);
#1169=CIRCLE('',#4073,4.90746515000002);
#1170=CIRCLE('',#4074,4.80939210791827);
#1171=CIRCLE('',#4075,4.90746515000002);
#1172=CIRCLE('',#4076,4.80939210791827);
#1173=CIRCLE('',#4077,4.90746515000002);
#1174=CIRCLE('',#4078,4.80939210791827);
#1175=CIRCLE('',#4079,4.90746515000002);
#1176=CIRCLE('',#4081,4.99453084063034);
#1177=CIRCLE('',#4082,4.99129149044514);
#1178=CIRCLE('',#4083,4.99453084063034);
#1179=CIRCLE('',#4084,4.99129149044514);
#1180=CIRCLE('',#4085,4.99453084063034);
#1181=CIRCLE('',#4086,4.99129149044514);
#1182=CIRCLE('',#4087,4.99453084063034);
#1183=CIRCLE('',#4088,4.99129149044514);
#1184=CIRCLE('',#4089,4.99453084063034);
#1185=CIRCLE('',#4090,4.99129149044514);
#1186=CIRCLE('',#4091,4.99453084063034);
#1187=CIRCLE('',#4092,3.42260617582241);
#1188=CIRCLE('',#4094,4.8402222680075);
#1189=CIRCLE('',#4095,4.8402222680075);
#1190=CIRCLE('',#4096,4.89848652549732);
#1191=CIRCLE('',#4097,4.89848652549732);
#1192=CIRCLE('',#4099,4.99798652345328);
#1193=CIRCLE('',#4100,4.8402222680075);
#1194=CIRCLE('',#4102,6.6485);
#1195=CIRCLE('',#4103,5.05);
#1196=CIRCLE('',#4105,6.6485);
#1197=CIRCLE('',#4107,4.25);
#1198=CIRCLE('',#4109,4.90746515000002);
#1199=CIRCLE('',#4110,4.90746515000002);
#1200=CIRCLE('',#4111,4.90746515000002);
#1201=CIRCLE('',#4112,4.90746515000002);
#1202=CIRCLE('',#4113,4.90746515000002);
#1203=CIRCLE('',#4114,4.90746515000002);
#1204=CIRCLE('',#4115,4.90746515000002);
#1205=CIRCLE('',#4117,6.6485);
#1206=CIRCLE('',#4119,6.6485);
#1207=CIRCLE('',#4123,5.05);
#1208=CIRCLE('',#4124,5.05);
#1209=CIRCLE('',#4127,4.6187900154052);
#1210=CIRCLE('',#4128,4.6187900154052);
#1211=CIRCLE('',#4129,2.78867513459481);
#1212=CIRCLE('',#4130,2.78867513459481);
#1213=CIRCLE('',#4134,3.43867513459482);
#1214=CIRCLE('',#4135,3.43867513459482);
#1215=CIRCLE('',#4137,3.15);
#1216=CIRCLE('',#4138,3.15);
#1217=CIRCLE('',#4140,2.6);
#1218=CIRCLE('',#4141,2.6);
#1219=CIRCLE('',#4143,2.);
#1220=CIRCLE('',#4144,2.5);
#1221=CIRCLE('',#4145,2.5);
#1222=CIRCLE('',#4146,2.);
#1223=CIRCLE('',#4148,2.5);
#1224=CIRCLE('',#4149,2.5);
#1225=CIRCLE('',#4152,2.6);
#1226=CIRCLE('',#4153,2.6);
#1227=CIRCLE('',#4155,2.);
#1228=CIRCLE('',#4156,2.);
#1229=CIRCLE('',#4160,5.57670367330672);
#1230=CIRCLE('',#4162,7.);
#1231=CIRCLE('',#4163,7.);
#1232=CIRCLE('',#4165,5.57670367330672);
#1233=CIRCLE('',#4167,7.);
#1234=CIRCLE('',#4169,5.57670367330672);
#1235=CIRCLE('',#4171,6.29433400270948);
#1236=CIRCLE('',#4175,6.29433400270948);
#1237=CIRCLE('',#4181,6.29433400270948);
#1238=CIRCLE('',#4183,6.29433400270948);
#1239=CIRCLE('',#4185,7.);
#1240=CIRCLE('',#4187,7.);
#1241=CIRCLE('',#4189,7.93244308331187);
#1242=CIRCLE('',#4190,7.55082961270969);
#1243=CIRCLE('',#4192,7.93244308331187);
#1244=CIRCLE('',#4193,7.55082961270969);
#1245=CIRCLE('',#4195,7.55082961270969);
#1246=CIRCLE('',#4196,7.55082961270969);
#1247=CIRCLE('',#4197,7.93244308331187);
#1248=CIRCLE('',#4198,7.93244308331187);
#1249=CIRCLE('',#4200,7.93244308331187);
#1250=CIRCLE('',#4201,7.55082961270969);
#1251=CIRCLE('',#4203,7.55082961270969);
#1252=CIRCLE('',#4204,7.93244308331187);
#1253=CIRCLE('',#4206,7.);
#1254=CIRCLE('',#4211,6.95833670479967);
#1255=CIRCLE('',#4212,7.93244308331187);
#1256=CIRCLE('',#4217,5.57670367330672);
#1257=CIRCLE('',#4219,6.53999999999997);
#1258=CIRCLE('',#4220,6.53999999999997);
#1259=CIRCLE('',#4222,7.80000000000004);
#1260=CIRCLE('',#4224,6.69999999999997);
#1261=CIRCLE('',#4226,6.69999999999997);
#1262=CIRCLE('',#4228,7.80000000000004);
#1263=CIRCLE('',#4230,6.82090569265353);
#1264=CIRCLE('',#4232,7.93244308331187);
#1265=CIRCLE('',#4234,6.56612557292477);
#1266=CIRCLE('',#4240,6.95833670479967);
#1267=CIRCLE('',#4241,7.93244308331187);
#1268=CIRCLE('',#4245,6.53999999999997);
#1269=CIRCLE('',#4246,6.53999999999997);
#1270=CIRCLE('',#4248,7.80000000000004);
#1271=CIRCLE('',#4250,6.69999999999997);
#1272=CIRCLE('',#4252,6.69999999999997);
#1273=CIRCLE('',#4254,7.80000000000004);
#1274=CIRCLE('',#4256,6.82090569265353);
#1275=CIRCLE('',#4258,7.93244308331187);
#1276=CIRCLE('',#4260,6.56612557292477);
#1277=CIRCLE('',#4269,6.53999999999997);
#1278=CIRCLE('',#4270,6.53999999999997);
#1279=CIRCLE('',#4272,7.80000000000004);
#1280=CIRCLE('',#4274,6.69999999999997);
#1281=CIRCLE('',#4276,6.69999999999997);
#1282=CIRCLE('',#4278,6.29433400270948);
#1283=CIRCLE('',#4280,7.80000000000004);
#1284=CIRCLE('',#4282,6.95833670479967);
#1285=CIRCLE('',#4283,7.93244308331187);
#1286=CIRCLE('',#4285,6.82090569265353);
#1287=CIRCLE('',#4287,7.93244308331187);
#1288=CIRCLE('',#4289,6.56612557292477);
#1289=CIRCLE('',#4294,6.95833670479967);
#1290=CIRCLE('',#4295,7.93244308331187);
#1291=CIRCLE('',#4299,6.53999999999997);
#1292=CIRCLE('',#4300,6.53999999999997);
#1293=CIRCLE('',#4302,7.80000000000004);
#1294=CIRCLE('',#4304,6.69999999999997);
#1295=CIRCLE('',#4306,6.69999999999997);
#1296=CIRCLE('',#4308,7.80000000000004);
#1297=CIRCLE('',#4310,6.82090569265353);
#1298=CIRCLE('',#4312,7.93244308331187);
#1299=CIRCLE('',#4314,6.56612557292477);
#1300=CIRCLE('',#4321,6.95833670479967);
#1301=CIRCLE('',#4322,7.93244308331187);
#1302=CIRCLE('',#4327,5.57670367330672);
#1303=CIRCLE('',#4329,6.53999999999997);
#1304=CIRCLE('',#4330,6.53999999999997);
#1305=CIRCLE('',#4332,7.80000000000004);
#1306=CIRCLE('',#4334,6.69999999999997);
#1307=CIRCLE('',#4336,6.69999999999997);
#1308=CIRCLE('',#4337,8.05566599729049);
#1309=CIRCLE('',#4338,8.05566599729049);
#1310=CIRCLE('',#4341,7.80000000000004);
#1311=CIRCLE('',#4343,8.15566599729053);
#1312=CIRCLE('',#4344,8.15566599729053);
#1313=CIRCLE('',#4345,7.93244308331187);
#1314=CIRCLE('',#4347,6.82090569265353);
#1315=CIRCLE('',#4351,6.56612557292477);
#1316=CIRCLE('',#4355,4.96507125616183);
#1317=CIRCLE('',#4356,4.96507125616183);
#1318=CIRCLE('',#4359,6.79999999999997);
#1319=CIRCLE('',#4360,6.79999999999997);
#1320=CIRCLE('',#4362,8.9);
#1321=CIRCLE('',#4363,7.09999999999997);
#1322=CIRCLE('',#4364,6.79999999999997);
#1323=CIRCLE('',#4365,7.09999999999997);
#1324=CIRCLE('',#4366,6.79999999999997);
#1325=CIRCLE('',#4367,7.09999999999997);
#1326=CIRCLE('',#4368,6.79999999999997);
#1327=CIRCLE('',#4369,7.09999999999997);
#1328=CIRCLE('',#4370,6.79999999999997);
#1329=CIRCLE('',#4371,7.09999999999997);
#1330=CIRCLE('',#4373,6.79999999999997);
#1331=CIRCLE('',#4375,6.79999999999997);
#1332=CIRCLE('',#4378,6.79999999999997);
#1333=CIRCLE('',#4382,6.79999999999997);
#1334=CIRCLE('',#4384,6.875);
#1335=CIRCLE('',#4385,7.1460986158981);
#1336=CIRCLE('',#4387,6.875);
#1337=CIRCLE('',#4390,7.1460986158981);
#1338=CIRCLE('',#4391,6.875);
#1339=CIRCLE('',#4393,6.875);
#1340=CIRCLE('',#4395,7.1460986158981);
#1341=CIRCLE('',#4396,7.1460986158981);
#1342=CIRCLE('',#4397,6.875);
#1343=CIRCLE('',#4399,6.875);
#1344=CIRCLE('',#4401,7.1460986158981);
#1345=CIRCLE('',#4402,6.875);
#1346=CIRCLE('',#4404,6.875);
#1347=CIRCLE('',#4406,7.1460986158981);
#1348=CIRCLE('',#4407,6.875);
#1349=CIRCLE('',#4410,6.875);
#1350=CIRCLE('',#4412,8.9);
#1351=CIRCLE('',#4414,5.1);
#1352=CIRCLE('',#4416,5.1);
#1353=CIRCLE('',#4420,5.1);
#1354=CIRCLE('',#4423,5.1);
#1355=CIRCLE('',#4426,5.1);
#1356=CIRCLE('',#4428,5.1);
#1357=CIRCLE('',#4430,5.1);
#1358=CIRCLE('',#4432,5.1);
#1359=CIRCLE('',#4434,5.1);
#1360=CIRCLE('',#4436,5.1);
#1361=CIRCLE('',#4451,7.575);
#1362=CIRCLE('',#4452,7.1460986158981);
#1363=CIRCLE('',#4453,7.1460986158981);
#1364=CIRCLE('',#4454,7.1460986158981);
#1365=CIRCLE('',#4455,7.1460986158981);
#1366=CIRCLE('',#4456,7.1460986158981);
#1367=CIRCLE('',#4457,7.575);
#1368=CIRCLE('',#4459,7.075);
#1369=CIRCLE('',#4461,7.075);
#1370=CIRCLE('',#4463,7.075);
#1371=CIRCLE('',#4465,7.075);
#1372=CIRCLE('',#4472,7.075);
#1373=VERTEX_POINT('',#5545);
#1374=VERTEX_POINT('',#5548);
#1375=VERTEX_POINT('',#5550);
#1376=VERTEX_POINT('',#5553);
#1377=VERTEX_POINT('',#5556);
#1378=VERTEX_POINT('',#5558);
#1379=VERTEX_POINT('',#5563);
#1380=VERTEX_POINT('',#5567);
#1381=VERTEX_POINT('',#5568);
#1382=VERTEX_POINT('',#5573);
#1383=VERTEX_POINT('',#5575);
#1384=VERTEX_POINT('',#5577);
#1385=VERTEX_POINT('',#5579);
#1386=VERTEX_POINT('',#5583);
#1387=VERTEX_POINT('',#5585);
#1388=VERTEX_POINT('',#5589);
#1389=VERTEX_POINT('',#5591);
#1390=VERTEX_POINT('',#5595);
#1391=VERTEX_POINT('',#5597);
#1392=VERTEX_POINT('',#5601);
#1393=VERTEX_POINT('',#5603);
#1394=VERTEX_POINT('',#5607);
#1395=VERTEX_POINT('',#5609);
#1396=VERTEX_POINT('',#5613);
#1397=VERTEX_POINT('',#5615);
#1398=VERTEX_POINT('',#5619);
#1399=VERTEX_POINT('',#5621);
#1400=VERTEX_POINT('',#5625);
#1401=VERTEX_POINT('',#5627);
#1402=VERTEX_POINT('',#5631);
#1403=VERTEX_POINT('',#5633);
#1404=VERTEX_POINT('',#5639);
#1405=VERTEX_POINT('',#5640);
#1406=VERTEX_POINT('',#5642);
#1407=VERTEX_POINT('',#5646);
#1408=VERTEX_POINT('',#5648);
#1409=VERTEX_POINT('',#5652);
#1410=VERTEX_POINT('',#5654);
#1411=VERTEX_POINT('',#5658);
#1412=VERTEX_POINT('',#5660);
#1413=VERTEX_POINT('',#5664);
#1414=VERTEX_POINT('',#5666);
#1415=VERTEX_POINT('',#5670);
#1416=VERTEX_POINT('',#5672);
#1417=VERTEX_POINT('',#5676);
#1418=VERTEX_POINT('',#5678);
#1419=VERTEX_POINT('',#5682);
#1420=VERTEX_POINT('',#5684);
#1421=VERTEX_POINT('',#5688);
#1422=VERTEX_POINT('',#5690);
#1423=VERTEX_POINT('',#5694);
#1424=VERTEX_POINT('',#5696);
#1425=VERTEX_POINT('',#5701);
#1426=VERTEX_POINT('',#5705);
#1427=VERTEX_POINT('',#5706);
#1428=VERTEX_POINT('',#5709);
#1429=VERTEX_POINT('',#5711);
#1430=VERTEX_POINT('',#5715);
#1431=VERTEX_POINT('',#5717);
#1432=VERTEX_POINT('',#5721);
#1433=VERTEX_POINT('',#5723);
#1434=VERTEX_POINT('',#5726);
#1435=VERTEX_POINT('',#5729);
#1436=VERTEX_POINT('',#5733);
#1437=VERTEX_POINT('',#5735);
#1438=VERTEX_POINT('',#5737);
#1439=VERTEX_POINT('',#5740);
#1440=VERTEX_POINT('',#5742);
#1441=VERTEX_POINT('',#5745);
#1442=VERTEX_POINT('',#5747);
#1443=VERTEX_POINT('',#5750);
#1444=VERTEX_POINT('',#5752);
#1445=VERTEX_POINT('',#5755);
#1446=VERTEX_POINT('',#5757);
#1447=VERTEX_POINT('',#5760);
#1448=VERTEX_POINT('',#5764);
#1449=VERTEX_POINT('',#5768);
#1450=VERTEX_POINT('',#5776);
#1451=VERTEX_POINT('',#5777);
#1452=VERTEX_POINT('',#5784);
#1453=VERTEX_POINT('',#5785);
#1454=VERTEX_POINT('',#5788);
#1455=VERTEX_POINT('',#5789);
#1456=VERTEX_POINT('',#5796);
#1457=VERTEX_POINT('',#5797);
#1458=VERTEX_POINT('',#5801);
#1459=VERTEX_POINT('',#5803);
#1460=VERTEX_POINT('',#5807);
#1461=VERTEX_POINT('',#5809);
#1462=VERTEX_POINT('',#5813);
#1463=VERTEX_POINT('',#5814);
#1464=VERTEX_POINT('',#5816);
#1465=VERTEX_POINT('',#5818);
#1466=VERTEX_POINT('',#5823);
#1467=VERTEX_POINT('',#5825);
#1468=VERTEX_POINT('',#5831);
#1469=VERTEX_POINT('',#5833);
#1470=VERTEX_POINT('',#5837);
#1471=VERTEX_POINT('',#5839);
#1472=VERTEX_POINT('',#5847);
#1473=VERTEX_POINT('',#5851);
#1474=VERTEX_POINT('',#5857);
#1475=VERTEX_POINT('',#5861);
#1476=VERTEX_POINT('',#5863);
#1477=VERTEX_POINT('',#5869);
#1478=VERTEX_POINT('',#5873);
#1479=VERTEX_POINT('',#5879);
#1480=VERTEX_POINT('',#5883);
#1481=VERTEX_POINT('',#5889);
#1482=VERTEX_POINT('',#5893);
#1483=VERTEX_POINT('',#5899);
#1484=VERTEX_POINT('',#5903);
#1485=VERTEX_POINT('',#5912);
#1486=VERTEX_POINT('',#5916);
#1487=VERTEX_POINT('',#5918);
#1488=VERTEX_POINT('',#5922);
#1489=VERTEX_POINT('',#5924);
#1490=VERTEX_POINT('',#5928);
#1491=VERTEX_POINT('',#5930);
#1492=VERTEX_POINT('',#5934);
#1493=VERTEX_POINT('',#5940);
#1494=VERTEX_POINT('',#5944);
#1495=VERTEX_POINT('',#5948);
#1496=VERTEX_POINT('',#5950);
#1497=VERTEX_POINT('',#5954);
#1498=VERTEX_POINT('',#5956);
#1499=VERTEX_POINT('',#5960);
#1500=VERTEX_POINT('',#5962);
#1501=VERTEX_POINT('',#5966);
#1502=VERTEX_POINT('',#5984);
#1503=VERTEX_POINT('',#5988);
#1504=VERTEX_POINT('',#5990);
#1505=VERTEX_POINT('',#5994);
#1506=VERTEX_POINT('',#5996);
#1507=VERTEX_POINT('',#6000);
#1508=VERTEX_POINT('',#6002);
#1509=VERTEX_POINT('',#6006);
#1510=VERTEX_POINT('',#6015);
#1511=VERTEX_POINT('',#6019);
#1512=VERTEX_POINT('',#6021);
#1513=VERTEX_POINT('',#6025);
#1514=VERTEX_POINT('',#6027);
#1515=VERTEX_POINT('',#6031);
#1516=VERTEX_POINT('',#6033);
#1517=VERTEX_POINT('',#6037);
#1518=VERTEX_POINT('',#6043);
#1519=VERTEX_POINT('',#6047);
#1520=VERTEX_POINT('',#6049);
#1521=VERTEX_POINT('',#6053);
#1522=VERTEX_POINT('',#6055);
#1523=VERTEX_POINT('',#6059);
#1524=VERTEX_POINT('',#6061);
#1525=VERTEX_POINT('',#6065);
#1526=VERTEX_POINT('',#6076);
#1527=VERTEX_POINT('',#6080);
#1528=VERTEX_POINT('',#6086);
#1529=VERTEX_POINT('',#6090);
#1530=VERTEX_POINT('',#6096);
#1531=VERTEX_POINT('',#6100);
#1532=VERTEX_POINT('',#6106);
#1533=VERTEX_POINT('',#6107);
#1534=VERTEX_POINT('',#6111);
#1535=VERTEX_POINT('',#6113);
#1536=VERTEX_POINT('',#6119);
#1537=VERTEX_POINT('',#6120);
#1538=VERTEX_POINT('',#6124);
#1539=VERTEX_POINT('',#6126);
#1540=VERTEX_POINT('',#6132);
#1541=VERTEX_POINT('',#6133);
#1542=VERTEX_POINT('',#6137);
#1543=VERTEX_POINT('',#6139);
#1544=VERTEX_POINT('',#6141);
#1545=VERTEX_POINT('',#6145);
#1546=VERTEX_POINT('',#6149);
#1547=VERTEX_POINT('',#6150);
#1548=VERTEX_POINT('',#6154);
#1549=VERTEX_POINT('',#6156);
#1550=VERTEX_POINT('',#6162);
#1551=VERTEX_POINT('',#6163);
#1552=VERTEX_POINT('',#6167);
#1553=VERTEX_POINT('',#6169);
#1554=VERTEX_POINT('',#6175);
#1555=VERTEX_POINT('',#6181);
#1556=VERTEX_POINT('',#6185);
#1557=VERTEX_POINT('',#6196);
#1558=VERTEX_POINT('',#6200);
#1559=VERTEX_POINT('',#6207);
#1560=VERTEX_POINT('',#6209);
#1561=VERTEX_POINT('',#6213);
#1562=VERTEX_POINT('',#6215);
#1563=VERTEX_POINT('',#6219);
#1564=VERTEX_POINT('',#6221);
#1565=VERTEX_POINT('',#6225);
#1566=VERTEX_POINT('',#6231);
#1567=VERTEX_POINT('',#6234);
#1568=VERTEX_POINT('',#6238);
#1569=VERTEX_POINT('',#6253);
#1570=VERTEX_POINT('',#6257);
#1571=VERTEX_POINT('',#6259);
#1572=VERTEX_POINT('',#6263);
#1573=VERTEX_POINT('',#6265);
#1574=VERTEX_POINT('',#6269);
#1575=VERTEX_POINT('',#6271);
#1576=VERTEX_POINT('',#6276);
#1577=VERTEX_POINT('',#6305);
#1578=VERTEX_POINT('',#6309);
#1579=VERTEX_POINT('',#6320);
#1580=VERTEX_POINT('',#6324);
#1581=VERTEX_POINT('',#6327);
#1582=VERTEX_POINT('',#6331);
#1583=VERTEX_POINT('',#6365);
#1584=VERTEX_POINT('',#6369);
#1585=VERTEX_POINT('',#6373);
#1586=VERTEX_POINT('',#6384);
#1587=VERTEX_POINT('',#6388);
#1588=VERTEX_POINT('',#6392);
#1589=VERTEX_POINT('',#6403);
#1590=VERTEX_POINT('',#6407);
#1591=VERTEX_POINT('',#6409);
#1592=VERTEX_POINT('',#6413);
#1593=VERTEX_POINT('',#6415);
#1594=VERTEX_POINT('',#6419);
#1595=VERTEX_POINT('',#6421);
#1596=VERTEX_POINT('',#6425);
#1597=VERTEX_POINT('',#6454);
#1598=VERTEX_POINT('',#6458);
#1599=VERTEX_POINT('',#6469);
#1600=VERTEX_POINT('',#6473);
#1601=VERTEX_POINT('',#6476);
#1602=VERTEX_POINT('',#6480);
#1603=VERTEX_POINT('',#6514);
#1604=VERTEX_POINT('',#6518);
#1605=VERTEX_POINT('',#6529);
#1606=VERTEX_POINT('',#6533);
#1607=VERTEX_POINT('',#6540);
#1608=VERTEX_POINT('',#6542);
#1609=VERTEX_POINT('',#6546);
#1610=VERTEX_POINT('',#6548);
#1611=VERTEX_POINT('',#6552);
#1612=VERTEX_POINT('',#6554);
#1613=VERTEX_POINT('',#6558);
#1614=VERTEX_POINT('',#6564);
#1615=VERTEX_POINT('',#6567);
#1616=VERTEX_POINT('',#6571);
#1617=VERTEX_POINT('',#6586);
#1618=VERTEX_POINT('',#6590);
#1619=VERTEX_POINT('',#6592);
#1620=VERTEX_POINT('',#6596);
#1621=VERTEX_POINT('',#6598);
#1622=VERTEX_POINT('',#6602);
#1623=VERTEX_POINT('',#6604);
#1624=VERTEX_POINT('',#6609);
#1625=VERTEX_POINT('',#6627);
#1626=VERTEX_POINT('',#6629);
#1627=VERTEX_POINT('',#6636);
#1628=VERTEX_POINT('',#6637);
#1629=VERTEX_POINT('',#6652);
#1630=VERTEX_POINT('',#6653);
#1631=VERTEX_POINT('',#6660);
#1632=VERTEX_POINT('',#6661);
#1633=VERTEX_POINT('',#6663);
#1634=VERTEX_POINT('',#6665);
#1635=VERTEX_POINT('',#6669);
#1636=VERTEX_POINT('',#6671);
#1637=VERTEX_POINT('',#6672);
#1638=VERTEX_POINT('',#6674);
#1639=VERTEX_POINT('',#6676);
#1640=VERTEX_POINT('',#6678);
#1641=VERTEX_POINT('',#6680);
#1642=VERTEX_POINT('',#6682);
#1643=VERTEX_POINT('',#6684);
#1644=VERTEX_POINT('',#6686);
#1645=VERTEX_POINT('',#6688);
#1646=VERTEX_POINT('',#6690);
#1647=VERTEX_POINT('',#6692);
#1648=VERTEX_POINT('',#6694);
#1649=VERTEX_POINT('',#6696);
#1650=VERTEX_POINT('',#6698);
#1651=VERTEX_POINT('',#6700);
#1652=VERTEX_POINT('',#6702);
#1653=VERTEX_POINT('',#6704);
#1654=VERTEX_POINT('',#6706);
#1655=VERTEX_POINT('',#6708);
#1656=VERTEX_POINT('',#6710);
#1657=VERTEX_POINT('',#6712);
#1658=VERTEX_POINT('',#6714);
#1659=VERTEX_POINT('',#6716);
#1660=VERTEX_POINT('',#6718);
#1661=VERTEX_POINT('',#6720);
#1662=VERTEX_POINT('',#6722);
#1663=VERTEX_POINT('',#6724);
#1664=VERTEX_POINT('',#6729);
#1665=VERTEX_POINT('',#6731);
#1666=VERTEX_POINT('',#6735);
#1667=VERTEX_POINT('',#6737);
#1668=VERTEX_POINT('',#6741);
#1669=VERTEX_POINT('',#6743);
#1670=VERTEX_POINT('',#6745);
#1671=VERTEX_POINT('',#6747);
#1672=VERTEX_POINT('',#6749);
#1673=VERTEX_POINT('',#6751);
#1674=VERTEX_POINT('',#6757);
#1675=VERTEX_POINT('',#6759);
#1676=VERTEX_POINT('',#6763);
#1677=VERTEX_POINT('',#6765);
#1678=VERTEX_POINT('',#6767);
#1679=VERTEX_POINT('',#6769);
#1680=VERTEX_POINT('',#6771);
#1681=VERTEX_POINT('',#6773);
#1682=VERTEX_POINT('',#6779);
#1683=VERTEX_POINT('',#6781);
#1684=VERTEX_POINT('',#6783);
#1685=VERTEX_POINT('',#6785);
#1686=VERTEX_POINT('',#6787);
#1687=VERTEX_POINT('',#6789);
#1688=VERTEX_POINT('',#6791);
#1689=VERTEX_POINT('',#6797);
#1690=VERTEX_POINT('',#6801);
#1691=VERTEX_POINT('',#6803);
#1692=VERTEX_POINT('',#6807);
#1693=VERTEX_POINT('',#6811);
#1694=VERTEX_POINT('',#6816);
#1695=VERTEX_POINT('',#6818);
#1696=VERTEX_POINT('',#6822);
#1697=VERTEX_POINT('',#6823);
#1698=VERTEX_POINT('',#6825);
#1699=VERTEX_POINT('',#6827);
#1700=VERTEX_POINT('',#6831);
#1701=VERTEX_POINT('',#6833);
#1702=VERTEX_POINT('',#6837);
#1703=VERTEX_POINT('',#6838);
#1704=VERTEX_POINT('',#6840);
#1705=VERTEX_POINT('',#6842);
#1706=VERTEX_POINT('',#6844);
#1707=VERTEX_POINT('',#6848);
#1708=VERTEX_POINT('',#6850);
#1709=VERTEX_POINT('',#6854);
#1710=VERTEX_POINT('',#6855);
#1711=VERTEX_POINT('',#6860);
#1712=VERTEX_POINT('',#6864);
#1713=VERTEX_POINT('',#6865);
#1714=VERTEX_POINT('',#6870);
#1715=VERTEX_POINT('',#6875);
#1716=VERTEX_POINT('',#6877);
#1717=VERTEX_POINT('',#6879);
#1718=VERTEX_POINT('',#6885);
#1719=VERTEX_POINT('',#6894);
#1720=VERTEX_POINT('',#6899);
#1721=VERTEX_POINT('',#6901);
#1722=VERTEX_POINT('',#6905);
#1723=VERTEX_POINT('',#6909);
#1724=VERTEX_POINT('',#6914);
#1725=VERTEX_POINT('',#6916);
#1726=VERTEX_POINT('',#6920);
#1727=VERTEX_POINT('',#6924);
#1728=VERTEX_POINT('',#6929);
#1729=VERTEX_POINT('',#6931);
#1730=VERTEX_POINT('',#6939);
#1731=VERTEX_POINT('',#6943);
#1732=VERTEX_POINT('',#6967);
#1733=VERTEX_POINT('',#6969);
#1734=VERTEX_POINT('',#6973);
#1735=VERTEX_POINT('',#6975);
#1736=VERTEX_POINT('',#6987);
#1737=VERTEX_POINT('',#7007);
#1738=VERTEX_POINT('',#7009);
#1739=VERTEX_POINT('',#7013);
#1740=VERTEX_POINT('',#7015);
#1741=VERTEX_POINT('',#7027);
#1742=VERTEX_POINT('',#7047);
#1743=VERTEX_POINT('',#7051);
#1744=VERTEX_POINT('',#7053);
#1745=VERTEX_POINT('',#7065);
#1746=VERTEX_POINT('',#7081);
#1747=VERTEX_POINT('',#7085);
#1748=VERTEX_POINT('',#7087);
#1749=VERTEX_POINT('',#7099);
#1750=VERTEX_POINT('',#7108);
#1751=VERTEX_POINT('',#7109);
#1752=VERTEX_POINT('',#7114);
#1753=VERTEX_POINT('',#7118);
#1754=VERTEX_POINT('',#7149);
#1755=VERTEX_POINT('',#7151);
#1756=EDGE_CURVE('',#1373,#1373,#1155,.T.);
#1757=EDGE_CURVE('',#1374,#1374,#1156,.T.);
#1758=EDGE_CURVE('',#1375,#1375,#1157,.T.);
#1759=EDGE_CURVE('',#1376,#1376,#1158,.T.);
#1760=EDGE_CURVE('',#1377,#1377,#1159,.T.);
#1761=EDGE_CURVE('',#1378,#1378,#1160,.T.);
#1762=EDGE_CURVE('',#1374,#1377,#248,.T.);
#1763=EDGE_CURVE('',#1379,#1379,#1161,.T.);
#1764=EDGE_CURVE('',#1379,#1378,#249,.T.);
#1765=EDGE_CURVE('',#1380,#1381,#1162,.T.);
#1766=EDGE_CURVE('',#1381,#1380,#1163,.T.);
#1767=EDGE_CURVE('',#1381,#1376,#250,.T.);
#1768=EDGE_CURVE('',#1382,#1382,#1164,.T.);
#1769=EDGE_CURVE('',#1382,#1383,#251,.T.);
#1770=EDGE_CURVE('',#1383,#1384,#1165,.T.);
#1771=EDGE_CURVE('',#1385,#1384,#50,.T.);
#1772=EDGE_CURVE('',#1386,#1385,#1166,.T.);
#1773=EDGE_CURVE('',#1387,#1386,#51,.T.);
#1774=EDGE_CURVE('',#1387,#1388,#1167,.T.);
#1775=EDGE_CURVE('',#1389,#1388,#52,.T.);
#1776=EDGE_CURVE('',#1390,#1389,#1168,.T.);
#1777=EDGE_CURVE('',#1391,#1390,#53,.T.);
#1778=EDGE_CURVE('',#1391,#1392,#1169,.T.);
#1779=EDGE_CURVE('',#1393,#1392,#54,.T.);
#1780=EDGE_CURVE('',#1394,#1393,#1170,.T.);
#1781=EDGE_CURVE('',#1395,#1394,#55,.T.);
#1782=EDGE_CURVE('',#1395,#1396,#1171,.T.);
#1783=EDGE_CURVE('',#1397,#1396,#56,.T.);
#1784=EDGE_CURVE('',#1398,#1397,#1172,.T.);
#1785=EDGE_CURVE('',#1399,#1398,#57,.T.);
#1786=EDGE_CURVE('',#1399,#1400,#1173,.T.);
#1787=EDGE_CURVE('',#1401,#1400,#58,.T.);
#1788=EDGE_CURVE('',#1402,#1401,#1174,.T.);
#1789=EDGE_CURVE('',#1403,#1402,#59,.T.);
#1790=EDGE_CURVE('',#1403,#1383,#1175,.T.);
#1791=EDGE_CURVE('',#1404,#1405,#1176,.T.);
#1792=EDGE_CURVE('',#1406,#1404,#60,.T.);
#1793=EDGE_CURVE('',#1407,#1406,#1177,.T.);
#1794=EDGE_CURVE('',#1408,#1407,#61,.T.);
#1795=EDGE_CURVE('',#1409,#1408,#1178,.T.);
#1796=EDGE_CURVE('',#1410,#1409,#62,.T.);
#1797=EDGE_CURVE('',#1411,#1410,#1179,.T.);
#1798=EDGE_CURVE('',#1412,#1411,#63,.T.);
#1799=EDGE_CURVE('',#1413,#1412,#1180,.T.);
#1800=EDGE_CURVE('',#1414,#1413,#64,.T.);
#1801=EDGE_CURVE('',#1415,#1414,#1181,.T.);
#1802=EDGE_CURVE('',#1416,#1415,#65,.T.);
#1803=EDGE_CURVE('',#1417,#1416,#1182,.T.);
#1804=EDGE_CURVE('',#1418,#1417,#66,.T.);
#1805=EDGE_CURVE('',#1419,#1418,#1183,.T.);
#1806=EDGE_CURVE('',#1420,#1419,#67,.T.);
#1807=EDGE_CURVE('',#1421,#1420,#1184,.T.);
#1808=EDGE_CURVE('',#1422,#1421,#68,.T.);
#1809=EDGE_CURVE('',#1423,#1422,#1185,.T.);
#1810=EDGE_CURVE('',#1424,#1423,#69,.T.);
#1811=EDGE_CURVE('',#1405,#1424,#1186,.T.);
#1812=EDGE_CURVE('',#1405,#1425,#252,.T.);
#1813=EDGE_CURVE('',#1425,#1425,#1187,.T.);
#1814=EDGE_CURVE('',#1426,#1427,#1188,.T.);
#1815=EDGE_CURVE('',#1427,#1426,#1189,.T.);
#1816=EDGE_CURVE('',#1427,#1428,#253,.T.);
#1817=EDGE_CURVE('',#1429,#1428,#1190,.T.);
#1818=EDGE_CURVE('',#1428,#1429,#1191,.T.);
#1819=EDGE_CURVE('',#1430,#1430,#1192,.T.);
#1820=EDGE_CURVE('',#1430,#1431,#254,.T.);
#1821=EDGE_CURVE('',#1431,#1431,#1193,.T.);
#1822=EDGE_CURVE('',#1432,#1432,#1194,.T.);
#1823=EDGE_CURVE('',#1433,#1433,#1195,.T.);
#1824=EDGE_CURVE('',#1434,#1434,#1196,.T.);
#1825=EDGE_CURVE('',#1375,#1435,#255,.T.);
#1826=EDGE_CURVE('',#1435,#1435,#1197,.T.);
#1827=EDGE_CURVE('',#1388,#1436,#256,.T.);
#1828=EDGE_CURVE('',#1437,#1387,#257,.T.);
#1829=EDGE_CURVE('',#1438,#1437,#1198,.T.);
#1830=EDGE_CURVE('',#1384,#1438,#258,.T.);
#1831=EDGE_CURVE('',#1383,#1439,#259,.T.);
#1832=EDGE_CURVE('',#1439,#1440,#1199,.T.);
#1833=EDGE_CURVE('',#1440,#1439,#1200,.T.);
#1834=EDGE_CURVE('',#1441,#1403,#260,.T.);
#1835=EDGE_CURVE('',#1442,#1441,#1201,.T.);
#1836=EDGE_CURVE('',#1400,#1442,#261,.T.);
#1837=EDGE_CURVE('',#1443,#1399,#262,.T.);
#1838=EDGE_CURVE('',#1444,#1443,#1202,.T.);
#1839=EDGE_CURVE('',#1396,#1444,#263,.T.);
#1840=EDGE_CURVE('',#1445,#1395,#264,.T.);
#1841=EDGE_CURVE('',#1446,#1445,#1203,.T.);
#1842=EDGE_CURVE('',#1392,#1446,#265,.T.);
#1843=EDGE_CURVE('',#1447,#1391,#266,.T.);
#1844=EDGE_CURVE('',#1436,#1447,#1204,.T.);
#1845=EDGE_CURVE('',#1448,#1448,#1205,.T.);
#1846=EDGE_CURVE('',#1448,#1434,#267,.T.);
#1847=EDGE_CURVE('',#1449,#1449,#1206,.T.);
#1848=EDGE_CURVE('',#1449,#1432,#268,.T.);
#1849=EDGE_CURVE('',#1425,#1382,#269,.T.);
#1850=EDGE_CURVE('',#1431,#1427,#270,.T.);
#1851=EDGE_CURVE('',#1450,#1451,#1207,.T.);
#1852=EDGE_CURVE('',#1451,#1450,#1208,.T.);
#1853=EDGE_CURVE('',#1451,#1430,#271,.T.);
#1854=EDGE_CURVE('',#1433,#1451,#272,.T.);
#1855=EDGE_CURVE('',#1452,#1453,#1209,.T.);
#1856=EDGE_CURVE('',#1453,#1452,#1210,.T.);
#1857=EDGE_CURVE('',#1454,#1455,#1211,.T.);
#1858=EDGE_CURVE('',#1455,#1454,#1212,.T.);
#1859=EDGE_CURVE('',#1439,#1453,#273,.T.);
#1860=EDGE_CURVE('',#1456,#1457,#1213,.T.);
#1861=EDGE_CURVE('',#1457,#1456,#1214,.T.);
#1862=EDGE_CURVE('',#1373,#1458,#274,.T.);
#1863=EDGE_CURVE('',#1458,#1459,#1215,.T.);
#1864=EDGE_CURVE('',#1459,#1458,#1216,.T.);
#1865=EDGE_CURVE('',#1458,#1460,#275,.T.);
#1866=EDGE_CURVE('',#1461,#1460,#1217,.T.);
#1867=EDGE_CURVE('',#1460,#1461,#1218,.T.);
#1868=EDGE_CURVE('',#1462,#1463,#1219,.T.);
#1869=EDGE_CURVE('',#1463,#1464,#276,.T.);
#1870=EDGE_CURVE('',#1465,#1464,#1220,.T.);
#1871=EDGE_CURVE('',#1464,#1465,#1221,.T.);
#1872=EDGE_CURVE('',#1463,#1462,#1222,.T.);
#1873=EDGE_CURVE('',#1464,#1466,#277,.T.);
#1874=EDGE_CURVE('',#1467,#1466,#1223,.T.);
#1875=EDGE_CURVE('',#1466,#1467,#1224,.T.);
#1876=EDGE_CURVE('',#1466,#1455,#278,.T.);
#1877=EDGE_CURVE('',#1460,#1468,#279,.T.);
#1878=EDGE_CURVE('',#1469,#1468,#1225,.T.);
#1879=EDGE_CURVE('',#1468,#1469,#1226,.T.);
#1880=EDGE_CURVE('',#1468,#1470,#280,.T.);
#1881=EDGE_CURVE('',#1471,#1470,#1227,.T.);
#1882=EDGE_CURVE('',#1470,#1471,#1228,.T.);
#1883=EDGE_CURVE('',#1470,#1463,#281,.T.);
#1884=EDGE_CURVE('',#1457,#1381,#282,.T.);
#1885=EDGE_CURVE('',#1414,#1472,#70,.T.);
#1886=EDGE_CURVE('',#1473,#1472,#1229,.T.);
#1887=EDGE_CURVE('',#1473,#1415,#71,.F.);
#1888=EDGE_CURVE('',#1474,#1412,#72,.T.);
#1889=EDGE_CURVE('',#1475,#1474,#1230,.T.);
#1890=EDGE_CURVE('',#1476,#1475,#1231,.T.);
#1891=EDGE_CURVE('',#1413,#1476,#73,.T.);
#1892=EDGE_CURVE('',#1410,#1477,#74,.T.);
#1893=EDGE_CURVE('',#1478,#1477,#1232,.T.);
#1894=EDGE_CURVE('',#1478,#1411,#75,.F.);
#1895=EDGE_CURVE('',#1479,#1408,#76,.T.);
#1896=EDGE_CURVE('',#1480,#1479,#1233,.T.);
#1897=EDGE_CURVE('',#1409,#1480,#77,.T.);
#1898=EDGE_CURVE('',#1406,#1481,#78,.T.);
#1899=EDGE_CURVE('',#1482,#1481,#1234,.T.);
#1900=EDGE_CURVE('',#1482,#1407,#79,.F.);
#1901=EDGE_CURVE('',#1447,#1483,#80,.F.);
#1902=EDGE_CURVE('',#1484,#1483,#1235,.T.);
#1903=EDGE_CURVE('',#1484,#1436,#81,.F.);
#1904=EDGE_CURVE('',#1401,#1482,#82,.F.);
#1905=EDGE_CURVE('',#1485,#1442,#83,.F.);
#1906=EDGE_CURVE('',#1486,#1485,#283,.T.);
#1907=EDGE_CURVE('',#1487,#1486,#84,.T.);
#1908=EDGE_CURVE('',#1488,#1487,#284,.T.);
#1909=EDGE_CURVE('',#1489,#1488,#85,.F.);
#1910=EDGE_CURVE('',#1490,#1489,#285,.T.);
#1911=EDGE_CURVE('',#1491,#1490,#86,.F.);
#1912=EDGE_CURVE('',#1492,#1491,#286,.T.);
#1913=EDGE_CURVE('',#1479,#1492,#87,.F.);
#1914=EDGE_CURVE('',#1404,#1493,#88,.T.);
#1915=EDGE_CURVE('',#1494,#1493,#89,.F.);
#1916=EDGE_CURVE('',#1495,#1494,#287,.T.);
#1917=EDGE_CURVE('',#1496,#1495,#90,.F.);
#1918=EDGE_CURVE('',#1497,#1496,#288,.T.);
#1919=EDGE_CURVE('',#1498,#1497,#91,.T.);
#1920=EDGE_CURVE('',#1499,#1498,#289,.T.);
#1921=EDGE_CURVE('',#1500,#1499,#92,.T.);
#1922=EDGE_CURVE('',#1501,#1500,#290,.T.);
#1923=EDGE_CURVE('',#1441,#1501,#93,.F.);
#1924=EDGE_CURVE('',#1481,#1402,#94,.F.);
#1925=EDGE_CURVE('',#1485,#1501,#1236,.T.);
#1926=EDGE_CURVE('',#1393,#1473,#95,.F.);
#1927=EDGE_CURVE('',#1472,#1394,#96,.F.);
#1928=EDGE_CURVE('',#1502,#1476,#97,.F.);
#1929=EDGE_CURVE('',#1503,#1502,#291,.T.);
#1930=EDGE_CURVE('',#1504,#1503,#98,.F.);
#1931=EDGE_CURVE('',#1505,#1504,#292,.T.);
#1932=EDGE_CURVE('',#1506,#1505,#99,.T.);
#1933=EDGE_CURVE('',#1507,#1506,#293,.T.);
#1934=EDGE_CURVE('',#1508,#1507,#100,.T.);
#1935=EDGE_CURVE('',#1509,#1508,#294,.T.);
#1936=EDGE_CURVE('',#1445,#1509,#101,.F.);
#1937=EDGE_CURVE('',#1397,#1478,#102,.F.);
#1938=EDGE_CURVE('',#1510,#1444,#103,.F.);
#1939=EDGE_CURVE('',#1511,#1510,#295,.T.);
#1940=EDGE_CURVE('',#1512,#1511,#104,.T.);
#1941=EDGE_CURVE('',#1513,#1512,#296,.T.);
#1942=EDGE_CURVE('',#1514,#1513,#105,.F.);
#1943=EDGE_CURVE('',#1515,#1514,#297,.T.);
#1944=EDGE_CURVE('',#1516,#1515,#106,.F.);
#1945=EDGE_CURVE('',#1517,#1516,#298,.T.);
#1946=EDGE_CURVE('',#1474,#1517,#107,.F.);
#1947=EDGE_CURVE('',#1518,#1480,#108,.F.);
#1948=EDGE_CURVE('',#1519,#1518,#299,.T.);
#1949=EDGE_CURVE('',#1520,#1519,#109,.F.);
#1950=EDGE_CURVE('',#1521,#1520,#300,.T.);
#1951=EDGE_CURVE('',#1522,#1521,#110,.T.);
#1952=EDGE_CURVE('',#1523,#1522,#301,.T.);
#1953=EDGE_CURVE('',#1524,#1523,#111,.T.);
#1954=EDGE_CURVE('',#1525,#1524,#302,.T.);
#1955=EDGE_CURVE('',#1443,#1525,#112,.F.);
#1956=EDGE_CURVE('',#1477,#1398,#113,.F.);
#1957=EDGE_CURVE('',#1510,#1525,#1237,.T.);
#1958=EDGE_CURVE('',#1437,#1526,#114,.F.);
#1959=EDGE_CURVE('',#1527,#1526,#1238,.T.);
#1960=EDGE_CURVE('',#1527,#1438,#115,.F.);
#1961=EDGE_CURVE('',#1528,#1416,#116,.T.);
#1962=EDGE_CURVE('',#1529,#1528,#1239,.T.);
#1963=EDGE_CURVE('',#1417,#1529,#117,.T.);
#1964=EDGE_CURVE('',#1530,#1420,#118,.T.);
#1965=EDGE_CURVE('',#1531,#1530,#1240,.T.);
#1966=EDGE_CURVE('',#1421,#1531,#119,.T.);
#1967=EDGE_CURVE('',#1532,#1533,#120,.T.);
#1968=EDGE_CURVE('',#1534,#1532,#1241,.T.);
#1969=EDGE_CURVE('',#1535,#1534,#121,.T.);
#1970=EDGE_CURVE('',#1533,#1535,#1242,.T.);
#1971=EDGE_CURVE('',#1536,#1537,#122,.T.);
#1972=EDGE_CURVE('',#1538,#1536,#1243,.T.);
#1973=EDGE_CURVE('',#1539,#1538,#123,.T.);
#1974=EDGE_CURVE('',#1537,#1539,#1244,.T.);
#1975=EDGE_CURVE('',#1540,#1541,#124,.T.);
#1976=EDGE_CURVE('',#1542,#1540,#1245,.T.);
#1977=EDGE_CURVE('',#1543,#1542,#1246,.T.);
#1978=EDGE_CURVE('',#1544,#1543,#125,.T.);
#1979=EDGE_CURVE('',#1545,#1544,#1247,.T.);
#1980=EDGE_CURVE('',#1541,#1545,#1248,.T.);
#1981=EDGE_CURVE('',#1546,#1547,#126,.T.);
#1982=EDGE_CURVE('',#1548,#1546,#1249,.T.);
#1983=EDGE_CURVE('',#1549,#1548,#127,.T.);
#1984=EDGE_CURVE('',#1547,#1549,#1250,.T.);
#1985=EDGE_CURVE('',#1550,#1551,#128,.T.);
#1986=EDGE_CURVE('',#1552,#1550,#1251,.T.);
#1987=EDGE_CURVE('',#1553,#1552,#129,.T.);
#1988=EDGE_CURVE('',#1551,#1553,#1252,.T.);
#1989=EDGE_CURVE('',#1554,#1424,#130,.T.);
#1990=EDGE_CURVE('',#1493,#1554,#1253,.T.);
#1991=EDGE_CURVE('',#1555,#1549,#131,.T.);
#1992=EDGE_CURVE('',#1549,#1556,#303,.T.);
#1993=EDGE_CURVE('',#1555,#1556,#30,.T.);
#1994=EDGE_CURVE('',#1557,#1548,#304,.T.);
#1995=EDGE_CURVE('',#1557,#1549,#305,.T.);
#1996=EDGE_CURVE('',#1558,#1419,#132,.F.);
#1997=EDGE_CURVE('',#1389,#1558,#133,.F.);
#1998=EDGE_CURVE('',#1559,#1484,#306,.T.);
#1999=EDGE_CURVE('',#1560,#1559,#134,.T.);
#2000=EDGE_CURVE('',#1561,#1560,#307,.T.);
#2001=EDGE_CURVE('',#1562,#1561,#135,.F.);
#2002=EDGE_CURVE('',#1563,#1562,#308,.T.);
#2003=EDGE_CURVE('',#1564,#1563,#136,.F.);
#2004=EDGE_CURVE('',#1565,#1564,#309,.T.);
#2005=EDGE_CURVE('',#1530,#1565,#137,.F.);
#2006=EDGE_CURVE('',#1566,#1533,#310,.T.);
#2007=EDGE_CURVE('',#1556,#1566,#1254,.T.);
#2008=EDGE_CURVE('',#1567,#1557,#1255,.T.);
#2009=EDGE_CURVE('',#1533,#1567,#311,.T.);
#2010=EDGE_CURVE('',#1533,#1568,#138,.T.);
#2011=EDGE_CURVE('',#1566,#1568,#31,.T.);
#2012=EDGE_CURVE('',#1532,#1567,#312,.T.);
#2013=EDGE_CURVE('',#1569,#1529,#139,.F.);
#2014=EDGE_CURVE('',#1570,#1569,#313,.T.);
#2015=EDGE_CURVE('',#1571,#1570,#140,.F.);
#2016=EDGE_CURVE('',#1572,#1571,#314,.T.);
#2017=EDGE_CURVE('',#1573,#1572,#141,.T.);
#2018=EDGE_CURVE('',#1574,#1573,#315,.T.);
#2019=EDGE_CURVE('',#1575,#1574,#142,.T.);
#2020=EDGE_CURVE('',#1483,#1575,#316,.T.);
#2021=EDGE_CURVE('',#1576,#1390,#143,.F.);
#2022=EDGE_CURVE('',#1418,#1576,#144,.T.);
#2023=EDGE_CURVE('',#1558,#1576,#1256,.T.);
#2024=EDGE_CURVE('',#1563,#1571,#1257,.T.);
#2025=EDGE_CURVE('',#1562,#1572,#1258,.T.);
#2026=EDGE_CURVE('',#1573,#1561,#1259,.T.);
#2027=EDGE_CURVE('',#1570,#1564,#1260,.T.);
#2028=EDGE_CURVE('',#1565,#1569,#1261,.T.);
#2029=EDGE_CURVE('',#1574,#1560,#1262,.T.);
#2030=EDGE_CURVE('',#1555,#1568,#1263,.T.);
#2031=EDGE_CURVE('',#1532,#1548,#1264,.T.);
#2032=EDGE_CURVE('',#1575,#1559,#1265,.T.);
#2033=EDGE_CURVE('',#1577,#1539,#145,.T.);
#2034=EDGE_CURVE('',#1539,#1578,#317,.T.);
#2035=EDGE_CURVE('',#1577,#1578,#32,.T.);
#2036=EDGE_CURVE('',#1579,#1538,#318,.T.);
#2037=EDGE_CURVE('',#1579,#1539,#319,.T.);
#2038=EDGE_CURVE('',#1580,#1552,#320,.T.);
#2039=EDGE_CURVE('',#1578,#1580,#1266,.T.);
#2040=EDGE_CURVE('',#1581,#1579,#1267,.T.);
#2041=EDGE_CURVE('',#1552,#1581,#321,.T.);
#2042=EDGE_CURVE('',#1552,#1582,#146,.T.);
#2043=EDGE_CURVE('',#1580,#1582,#33,.T.);
#2044=EDGE_CURVE('',#1553,#1581,#322,.T.);
#2045=EDGE_CURVE('',#1490,#1496,#1268,.T.);
#2046=EDGE_CURVE('',#1489,#1497,#1269,.T.);
#2047=EDGE_CURVE('',#1498,#1488,#1270,.T.);
#2048=EDGE_CURVE('',#1495,#1491,#1271,.T.);
#2049=EDGE_CURVE('',#1492,#1494,#1272,.T.);
#2050=EDGE_CURVE('',#1499,#1487,#1273,.T.);
#2051=EDGE_CURVE('',#1577,#1582,#1274,.T.);
#2052=EDGE_CURVE('',#1553,#1538,#1275,.T.);
#2053=EDGE_CURVE('',#1500,#1486,#1276,.T.);
#2054=EDGE_CURVE('',#1543,#1583,#323,.T.);
#2055=EDGE_CURVE('',#1544,#1583,#324,.T.);
#2056=EDGE_CURVE('',#1543,#1584,#147,.T.);
#2057=EDGE_CURVE('',#1585,#1584,#34,.T.);
#2058=EDGE_CURVE('',#1585,#1543,#325,.T.);
#2059=EDGE_CURVE('',#1586,#1534,#326,.T.);
#2060=EDGE_CURVE('',#1586,#1535,#327,.T.);
#2061=EDGE_CURVE('',#1587,#1535,#148,.T.);
#2062=EDGE_CURVE('',#1535,#1588,#328,.T.);
#2063=EDGE_CURVE('',#1587,#1588,#35,.T.);
#2064=EDGE_CURVE('',#1589,#1446,#149,.F.);
#2065=EDGE_CURVE('',#1590,#1589,#329,.T.);
#2066=EDGE_CURVE('',#1591,#1590,#150,.T.);
#2067=EDGE_CURVE('',#1592,#1591,#330,.T.);
#2068=EDGE_CURVE('',#1593,#1592,#151,.F.);
#2069=EDGE_CURVE('',#1594,#1593,#331,.T.);
#2070=EDGE_CURVE('',#1595,#1594,#152,.F.);
#2071=EDGE_CURVE('',#1596,#1595,#332,.T.);
#2072=EDGE_CURVE('',#1528,#1596,#153,.F.);
#2073=EDGE_CURVE('',#1594,#1504,#1277,.T.);
#2074=EDGE_CURVE('',#1593,#1505,#1278,.T.);
#2075=EDGE_CURVE('',#1506,#1592,#1279,.T.);
#2076=EDGE_CURVE('',#1503,#1595,#1280,.T.);
#2077=EDGE_CURVE('',#1596,#1502,#1281,.T.);
#2078=EDGE_CURVE('',#1589,#1509,#1282,.T.);
#2079=EDGE_CURVE('',#1507,#1591,#1283,.T.);
#2080=EDGE_CURVE('',#1588,#1585,#1284,.T.);
#2081=EDGE_CURVE('',#1583,#1586,#1285,.T.);
#2082=EDGE_CURVE('',#1587,#1584,#1286,.T.);
#2083=EDGE_CURVE('',#1544,#1534,#1287,.T.);
#2084=EDGE_CURVE('',#1508,#1590,#1288,.T.);
#2085=EDGE_CURVE('',#1597,#1540,#154,.T.);
#2086=EDGE_CURVE('',#1540,#1598,#333,.T.);
#2087=EDGE_CURVE('',#1597,#1598,#36,.T.);
#2088=EDGE_CURVE('',#1599,#1541,#334,.T.);
#2089=EDGE_CURVE('',#1599,#1540,#335,.T.);
#2090=EDGE_CURVE('',#1600,#1537,#336,.T.);
#2091=EDGE_CURVE('',#1598,#1600,#1289,.T.);
#2092=EDGE_CURVE('',#1601,#1599,#1290,.T.);
#2093=EDGE_CURVE('',#1537,#1601,#337,.T.);
#2094=EDGE_CURVE('',#1537,#1602,#155,.T.);
#2095=EDGE_CURVE('',#1600,#1602,#37,.T.);
#2096=EDGE_CURVE('',#1536,#1601,#338,.T.);
#2097=EDGE_CURVE('',#1515,#1520,#1291,.T.);
#2098=EDGE_CURVE('',#1514,#1521,#1292,.T.);
#2099=EDGE_CURVE('',#1522,#1513,#1293,.T.);
#2100=EDGE_CURVE('',#1519,#1516,#1294,.T.);
#2101=EDGE_CURVE('',#1517,#1518,#1295,.T.);
#2102=EDGE_CURVE('',#1523,#1512,#1296,.T.);
#2103=EDGE_CURVE('',#1597,#1602,#1297,.T.);
#2104=EDGE_CURVE('',#1536,#1541,#1298,.T.);
#2105=EDGE_CURVE('',#1524,#1511,#1299,.T.);
#2106=EDGE_CURVE('',#1603,#1550,#156,.T.);
#2107=EDGE_CURVE('',#1550,#1604,#339,.T.);
#2108=EDGE_CURVE('',#1603,#1604,#38,.T.);
#2109=EDGE_CURVE('',#1605,#1551,#340,.T.);
#2110=EDGE_CURVE('',#1605,#1550,#341,.T.);
#2111=EDGE_CURVE('',#1606,#1423,#157,.F.);
#2112=EDGE_CURVE('',#1385,#1606,#158,.F.);
#2113=EDGE_CURVE('',#1607,#1527,#342,.T.);
#2114=EDGE_CURVE('',#1608,#1607,#159,.T.);
#2115=EDGE_CURVE('',#1609,#1608,#343,.T.);
#2116=EDGE_CURVE('',#1610,#1609,#160,.F.);
#2117=EDGE_CURVE('',#1611,#1610,#344,.T.);
#2118=EDGE_CURVE('',#1612,#1611,#161,.F.);
#2119=EDGE_CURVE('',#1613,#1612,#345,.T.);
#2120=EDGE_CURVE('',#1554,#1613,#162,.F.);
#2121=EDGE_CURVE('',#1614,#1547,#346,.T.);
#2122=EDGE_CURVE('',#1604,#1614,#1300,.T.);
#2123=EDGE_CURVE('',#1615,#1605,#1301,.T.);
#2124=EDGE_CURVE('',#1547,#1615,#347,.T.);
#2125=EDGE_CURVE('',#1547,#1616,#163,.T.);
#2126=EDGE_CURVE('',#1614,#1616,#39,.T.);
#2127=EDGE_CURVE('',#1546,#1615,#348,.T.);
#2128=EDGE_CURVE('',#1617,#1531,#164,.F.);
#2129=EDGE_CURVE('',#1618,#1617,#349,.T.);
#2130=EDGE_CURVE('',#1619,#1618,#165,.F.);
#2131=EDGE_CURVE('',#1620,#1619,#350,.T.);
#2132=EDGE_CURVE('',#1621,#1620,#166,.T.);
#2133=EDGE_CURVE('',#1622,#1621,#351,.T.);
#2134=EDGE_CURVE('',#1623,#1622,#167,.T.);
#2135=EDGE_CURVE('',#1526,#1623,#352,.T.);
#2136=EDGE_CURVE('',#1624,#1386,#168,.F.);
#2137=EDGE_CURVE('',#1422,#1624,#169,.T.);
#2138=EDGE_CURVE('',#1606,#1624,#1302,.T.);
#2139=EDGE_CURVE('',#1611,#1619,#1303,.T.);
#2140=EDGE_CURVE('',#1610,#1620,#1304,.T.);
#2141=EDGE_CURVE('',#1621,#1609,#1305,.T.);
#2142=EDGE_CURVE('',#1618,#1612,#1306,.T.);
#2143=EDGE_CURVE('',#1613,#1617,#1307,.T.);
#2144=EDGE_CURVE('',#1475,#1625,#353,.T.);
#2145=EDGE_CURVE('',#1625,#1626,#1308,.T.);
#2146=EDGE_CURVE('',#1626,#1625,#1309,.T.);
#2147=EDGE_CURVE('',#1622,#1608,#1310,.T.);
#2148=EDGE_CURVE('',#1627,#1628,#1311,.T.);
#2149=EDGE_CURVE('',#1628,#1627,#1312,.T.);
#2150=EDGE_CURVE('',#1628,#1545,#354,.T.);
#2151=EDGE_CURVE('',#1546,#1551,#1313,.T.);
#2152=EDGE_CURVE('',#1603,#1616,#1314,.T.);
#2153=EDGE_CURVE('',#1625,#1628,#355,.T.);
#2154=EDGE_CURVE('',#1623,#1607,#1315,.T.);
#2155=EDGE_CURVE('',#1629,#1630,#1316,.T.);
#2156=EDGE_CURVE('',#1630,#1629,#1317,.T.);
#2157=EDGE_CURVE('',#1630,#1429,#356,.T.);
#2158=EDGE_CURVE('',#1542,#1630,#357,.T.);
#2159=EDGE_CURVE('',#1631,#1632,#358,.T.);
#2160=EDGE_CURVE('',#1632,#1633,#1318,.T.);
#2161=EDGE_CURVE('',#1633,#1634,#359,.T.);
#2162=EDGE_CURVE('',#1634,#1631,#1319,.T.);
#2163=EDGE_CURVE('',#1635,#1635,#1320,.T.);
#2164=EDGE_CURVE('',#1636,#1637,#360,.T.);
#2165=EDGE_CURVE('',#1637,#1638,#1321,.T.);
#2166=EDGE_CURVE('',#1638,#1639,#361,.T.);
#2167=EDGE_CURVE('',#1639,#1640,#362,.T.);
#2168=EDGE_CURVE('',#1640,#1641,#1322,.T.);
#2169=EDGE_CURVE('',#1641,#1642,#363,.T.);
#2170=EDGE_CURVE('',#1642,#1643,#364,.T.);
#2171=EDGE_CURVE('',#1643,#1644,#1323,.T.);
#2172=EDGE_CURVE('',#1644,#1645,#365,.T.);
#2173=EDGE_CURVE('',#1645,#1646,#366,.T.);
#2174=EDGE_CURVE('',#1647,#1646,#1324,.T.);
#2175=EDGE_CURVE('',#1647,#1648,#367,.T.);
#2176=EDGE_CURVE('',#1648,#1649,#368,.T.);
#2177=EDGE_CURVE('',#1649,#1650,#1325,.T.);
#2178=EDGE_CURVE('',#1650,#1651,#369,.T.);
#2179=EDGE_CURVE('',#1651,#1652,#370,.T.);
#2180=EDGE_CURVE('',#1653,#1652,#1326,.T.);
#2181=EDGE_CURVE('',#1653,#1654,#371,.T.);
#2182=EDGE_CURVE('',#1654,#1655,#372,.T.);
#2183=EDGE_CURVE('',#1655,#1656,#1327,.T.);
#2184=EDGE_CURVE('',#1656,#1657,#373,.T.);
#2185=EDGE_CURVE('',#1657,#1658,#374,.T.);
#2186=EDGE_CURVE('',#1659,#1658,#1328,.T.);
#2187=EDGE_CURVE('',#1659,#1660,#375,.T.);
#2188=EDGE_CURVE('',#1660,#1661,#376,.T.);
#2189=EDGE_CURVE('',#1661,#1662,#1329,.T.);
#2190=EDGE_CURVE('',#1662,#1663,#377,.T.);
#2191=EDGE_CURVE('',#1663,#1631,#378,.T.);
#2192=EDGE_CURVE('',#1634,#1636,#379,.T.);
#2193=EDGE_CURVE('',#1658,#1664,#380,.T.);
#2194=EDGE_CURVE('',#1664,#1665,#1330,.T.);
#2195=EDGE_CURVE('',#1665,#1659,#381,.T.);
#2196=EDGE_CURVE('',#1652,#1666,#382,.T.);
#2197=EDGE_CURVE('',#1666,#1667,#1331,.T.);
#2198=EDGE_CURVE('',#1667,#1653,#383,.T.);
#2199=EDGE_CURVE('',#1668,#1667,#384,.T.);
#2200=EDGE_CURVE('',#1669,#1668,#385,.T.);
#2201=EDGE_CURVE('',#1670,#1669,#386,.T.);
#2202=EDGE_CURVE('',#1671,#1670,#387,.T.);
#2203=EDGE_CURVE('',#1672,#1671,#388,.T.);
#2204=EDGE_CURVE('',#1673,#1672,#170,.T.);
#2205=EDGE_CURVE('',#1654,#1673,#389,.T.);
#2206=EDGE_CURVE('',#1646,#1674,#390,.T.);
#2207=EDGE_CURVE('',#1674,#1675,#1332,.T.);
#2208=EDGE_CURVE('',#1675,#1647,#391,.T.);
#2209=EDGE_CURVE('',#1676,#1675,#392,.T.);
#2210=EDGE_CURVE('',#1677,#1676,#393,.T.);
#2211=EDGE_CURVE('',#1678,#1677,#394,.T.);
#2212=EDGE_CURVE('',#1679,#1678,#395,.T.);
#2213=EDGE_CURVE('',#1680,#1679,#396,.T.);
#2214=EDGE_CURVE('',#1681,#1680,#171,.T.);
#2215=EDGE_CURVE('',#1648,#1681,#397,.T.);
#2216=EDGE_CURVE('',#1682,#1641,#398,.T.);
#2217=EDGE_CURVE('',#1683,#1682,#399,.T.);
#2218=EDGE_CURVE('',#1684,#1683,#400,.T.);
#2219=EDGE_CURVE('',#1685,#1684,#401,.T.);
#2220=EDGE_CURVE('',#1686,#1685,#402,.T.);
#2221=EDGE_CURVE('',#1687,#1686,#403,.T.);
#2222=EDGE_CURVE('',#1688,#1687,#172,.T.);
#2223=EDGE_CURVE('',#1642,#1688,#404,.T.);
#2224=EDGE_CURVE('',#1640,#1689,#405,.T.);
#2225=EDGE_CURVE('',#1682,#1689,#1333,.T.);
#2226=EDGE_CURVE('',#1690,#1686,#1334,.T.);
#2227=EDGE_CURVE('',#1690,#1691,#406,.T.);
#2228=EDGE_CURVE('',#1691,#1687,#1335,.T.);
#2229=EDGE_CURVE('',#1685,#1692,#1336,.T.);
#2230=EDGE_CURVE('',#1692,#1690,#407,.T.);
#2231=EDGE_CURVE('',#1639,#1693,#408,.T.);
#2232=EDGE_CURVE('',#1691,#1693,#173,.T.);
#2233=EDGE_CURVE('',#1694,#1692,#409,.T.);
#2234=EDGE_CURVE('',#1695,#1694,#410,.T.);
#2235=EDGE_CURVE('',#1689,#1695,#411,.T.);
#2236=EDGE_CURVE('',#1696,#1697,#412,.T.);
#2237=EDGE_CURVE('',#1697,#1698,#1337,.T.);
#2238=EDGE_CURVE('',#1698,#1699,#413,.T.);
#2239=EDGE_CURVE('',#1699,#1696,#1338,.T.);
#2240=EDGE_CURVE('',#1699,#1700,#414,.T.);
#2241=EDGE_CURVE('',#1701,#1700,#1339,.T.);
#2242=EDGE_CURVE('',#1701,#1696,#415,.T.);
#2243=EDGE_CURVE('',#1702,#1703,#416,.T.);
#2244=EDGE_CURVE('',#1703,#1704,#1340,.T.);
#2245=EDGE_CURVE('',#1704,#1705,#1341,.T.);
#2246=EDGE_CURVE('',#1705,#1706,#417,.T.);
#2247=EDGE_CURVE('',#1706,#1702,#1342,.T.);
#2248=EDGE_CURVE('',#1706,#1707,#418,.T.);
#2249=EDGE_CURVE('',#1708,#1707,#1343,.T.);
#2250=EDGE_CURVE('',#1708,#1702,#419,.T.);
#2251=EDGE_CURVE('',#1709,#1710,#420,.T.);
#2252=EDGE_CURVE('',#1710,#1672,#1344,.T.);
#2253=EDGE_CURVE('',#1671,#1709,#1345,.T.);
#2254=EDGE_CURVE('',#1711,#1670,#1346,.T.);
#2255=EDGE_CURVE('',#1711,#1709,#421,.T.);
#2256=EDGE_CURVE('',#1712,#1713,#422,.T.);
#2257=EDGE_CURVE('',#1713,#1680,#1347,.T.);
#2258=EDGE_CURVE('',#1679,#1712,#1348,.T.);
#2259=EDGE_CURVE('',#1645,#1714,#423,.T.);
#2260=EDGE_CURVE('',#1713,#1714,#174,.T.);
#2261=EDGE_CURVE('',#1715,#1712,#424,.T.);
#2262=EDGE_CURVE('',#1716,#1715,#425,.T.);
#2263=EDGE_CURVE('',#1717,#1716,#426,.T.);
#2264=EDGE_CURVE('',#1674,#1717,#427,.T.);
#2265=EDGE_CURVE('',#1715,#1678,#1349,.T.);
#2266=EDGE_CURVE('',#1718,#1718,#1350,.T.);
#2267=EDGE_CURVE('',#1718,#1635,#428,.T.);
#2268=EDGE_CURVE('',#1683,#1695,#1351,.T.);
#2269=EDGE_CURVE('',#1684,#1694,#1352,.T.);
#2270=EDGE_CURVE('',#1663,#1719,#429,.T.);
#2271=EDGE_CURVE('',#1697,#1719,#175,.T.);
#2272=EDGE_CURVE('',#1720,#1701,#430,.T.);
#2273=EDGE_CURVE('',#1721,#1720,#431,.T.);
#2274=EDGE_CURVE('',#1632,#1721,#432,.T.);
#2275=EDGE_CURVE('',#1700,#1722,#433,.T.);
#2276=EDGE_CURVE('',#1720,#1722,#1353,.T.);
#2277=EDGE_CURVE('',#1657,#1723,#434,.T.);
#2278=EDGE_CURVE('',#1703,#1723,#176,.T.);
#2279=EDGE_CURVE('',#1724,#1708,#435,.T.);
#2280=EDGE_CURVE('',#1725,#1724,#436,.T.);
#2281=EDGE_CURVE('',#1664,#1725,#437,.T.);
#2282=EDGE_CURVE('',#1707,#1726,#438,.T.);
#2283=EDGE_CURVE('',#1724,#1726,#1354,.T.);
#2284=EDGE_CURVE('',#1651,#1727,#439,.T.);
#2285=EDGE_CURVE('',#1710,#1727,#177,.T.);
#2286=EDGE_CURVE('',#1728,#1711,#440,.T.);
#2287=EDGE_CURVE('',#1729,#1728,#441,.T.);
#2288=EDGE_CURVE('',#1666,#1729,#442,.T.);
#2289=EDGE_CURVE('',#1728,#1669,#1355,.T.);
#2290=EDGE_CURVE('',#1716,#1677,#1356,.T.);
#2291=EDGE_CURVE('',#1722,#1730,#443,.T.);
#2292=EDGE_CURVE('',#1721,#1730,#1357,.T.);
#2293=EDGE_CURVE('',#1726,#1731,#444,.T.);
#2294=EDGE_CURVE('',#1725,#1731,#1358,.T.);
#2295=EDGE_CURVE('',#1729,#1668,#1359,.T.);
#2296=EDGE_CURVE('',#1717,#1676,#1360,.T.);
#2297=EDGE_CURVE('',#1730,#1633,#445,.T.);
#2298=EDGE_CURVE('',#1731,#1665,#446,.T.);
#2299=EDGE_CURVE('',#1637,#1638,#40,.T.);
#2300=EDGE_CURVE('',#1636,#1732,#447,.T.);
#2301=EDGE_CURVE('',#1733,#1732,#178,.T.);
#2302=EDGE_CURVE('',#1734,#1733,#448,.T.);
#2303=EDGE_CURVE('',#1735,#1734,#41,.T.);
#2304=EDGE_CURVE('',#1736,#1735,#449,.T.);
#2305=EDGE_CURVE('',#1693,#1736,#179,.T.);
#2306=EDGE_CURVE('',#1732,#1698,#180,.T.);
#2307=EDGE_CURVE('',#1661,#1662,#42,.T.);
#2308=EDGE_CURVE('',#1660,#1737,#450,.T.);
#2309=EDGE_CURVE('',#1738,#1737,#181,.T.);
#2310=EDGE_CURVE('',#1739,#1738,#451,.T.);
#2311=EDGE_CURVE('',#1740,#1739,#43,.T.);
#2312=EDGE_CURVE('',#1741,#1740,#452,.T.);
#2313=EDGE_CURVE('',#1719,#1741,#182,.T.);
#2314=EDGE_CURVE('',#1737,#1705,#183,.T.);
#2315=EDGE_CURVE('',#1655,#1656,#44,.T.);
#2316=EDGE_CURVE('',#1742,#1673,#184,.T.);
#2317=EDGE_CURVE('',#1743,#1742,#453,.T.);
#2318=EDGE_CURVE('',#1744,#1743,#45,.T.);
#2319=EDGE_CURVE('',#1745,#1744,#454,.T.);
#2320=EDGE_CURVE('',#1723,#1745,#185,.T.);
#2321=EDGE_CURVE('',#1649,#1650,#46,.T.);
#2322=EDGE_CURVE('',#1746,#1681,#186,.T.);
#2323=EDGE_CURVE('',#1747,#1746,#455,.T.);
#2324=EDGE_CURVE('',#1748,#1747,#47,.T.);
#2325=EDGE_CURVE('',#1749,#1748,#456,.T.);
#2326=EDGE_CURVE('',#1727,#1749,#187,.T.);
#2327=EDGE_CURVE('',#1750,#1751,#1361,.T.);
#2328=EDGE_CURVE('',#1751,#1704,#457,.T.);
#2329=EDGE_CURVE('',#1742,#1745,#1362,.T.);
#2330=EDGE_CURVE('',#1746,#1749,#1363,.T.);
#2331=EDGE_CURVE('',#1714,#1752,#188,.T.);
#2332=EDGE_CURVE('',#1753,#1752,#1364,.T.);
#2333=EDGE_CURVE('',#1753,#1688,#189,.T.);
#2334=EDGE_CURVE('',#1733,#1736,#1365,.T.);
#2335=EDGE_CURVE('',#1738,#1741,#1366,.T.);
#2336=EDGE_CURVE('',#1751,#1750,#1367,.T.);
#2337=EDGE_CURVE('',#1747,#1748,#1368,.T.);
#2338=EDGE_CURVE('',#1743,#1744,#1369,.T.);
#2339=EDGE_CURVE('',#1739,#1740,#1370,.T.);
#2340=EDGE_CURVE('',#1734,#1735,#1371,.T.);
#2341=EDGE_CURVE('',#1643,#1644,#48,.T.);
#2342=EDGE_CURVE('',#1754,#1753,#458,.T.);
#2343=EDGE_CURVE('',#1755,#1754,#49,.T.);
#2344=EDGE_CURVE('',#1752,#1755,#459,.T.);
#2345=EDGE_CURVE('',#1754,#1755,#1372,.T.);
#2346=ORIENTED_EDGE('',*,*,#1756,.F.);
#2347=ORIENTED_EDGE('',*,*,#1757,.F.);
#2348=ORIENTED_EDGE('',*,*,#1758,.F.);
#2349=ORIENTED_EDGE('',*,*,#1759,.F.);
#2350=ORIENTED_EDGE('',*,*,#1760,.T.);
#2351=ORIENTED_EDGE('',*,*,#1761,.F.);
#2352=ORIENTED_EDGE('',*,*,#1757,.T.);
#2353=ORIENTED_EDGE('',*,*,#1762,.T.);
#2354=ORIENTED_EDGE('',*,*,#1760,.F.);
#2355=ORIENTED_EDGE('',*,*,#1762,.F.);
#2356=ORIENTED_EDGE('',*,*,#1763,.T.);
#2357=ORIENTED_EDGE('',*,*,#1764,.T.);
#2358=ORIENTED_EDGE('',*,*,#1761,.T.);
#2359=ORIENTED_EDGE('',*,*,#1764,.F.);
#2360=ORIENTED_EDGE('',*,*,#1765,.F.);
#2361=ORIENTED_EDGE('',*,*,#1766,.F.);
#2362=ORIENTED_EDGE('',*,*,#1767,.T.);
#2363=ORIENTED_EDGE('',*,*,#1759,.T.);
#2364=ORIENTED_EDGE('',*,*,#1767,.F.);
#2365=ORIENTED_EDGE('',*,*,#1768,.F.);
#2366=ORIENTED_EDGE('',*,*,#1769,.T.);
#2367=ORIENTED_EDGE('',*,*,#1770,.T.);
#2368=ORIENTED_EDGE('',*,*,#1771,.F.);
#2369=ORIENTED_EDGE('',*,*,#1772,.F.);
#2370=ORIENTED_EDGE('',*,*,#1773,.F.);
#2371=ORIENTED_EDGE('',*,*,#1774,.T.);
#2372=ORIENTED_EDGE('',*,*,#1775,.F.);
#2373=ORIENTED_EDGE('',*,*,#1776,.F.);
#2374=ORIENTED_EDGE('',*,*,#1777,.F.);
#2375=ORIENTED_EDGE('',*,*,#1778,.T.);
#2376=ORIENTED_EDGE('',*,*,#1779,.F.);
#2377=ORIENTED_EDGE('',*,*,#1780,.F.);
#2378=ORIENTED_EDGE('',*,*,#1781,.F.);
#2379=ORIENTED_EDGE('',*,*,#1782,.T.);
#2380=ORIENTED_EDGE('',*,*,#1783,.F.);
#2381=ORIENTED_EDGE('',*,*,#1784,.F.);
#2382=ORIENTED_EDGE('',*,*,#1785,.F.);
#2383=ORIENTED_EDGE('',*,*,#1786,.T.);
#2384=ORIENTED_EDGE('',*,*,#1787,.F.);
#2385=ORIENTED_EDGE('',*,*,#1788,.F.);
#2386=ORIENTED_EDGE('',*,*,#1789,.F.);
#2387=ORIENTED_EDGE('',*,*,#1790,.T.);
#2388=ORIENTED_EDGE('',*,*,#1769,.F.);
#2389=ORIENTED_EDGE('',*,*,#1791,.F.);
#2390=ORIENTED_EDGE('',*,*,#1792,.F.);
#2391=ORIENTED_EDGE('',*,*,#1793,.F.);
#2392=ORIENTED_EDGE('',*,*,#1794,.F.);
#2393=ORIENTED_EDGE('',*,*,#1795,.F.);
#2394=ORIENTED_EDGE('',*,*,#1796,.F.);
#2395=ORIENTED_EDGE('',*,*,#1797,.F.);
#2396=ORIENTED_EDGE('',*,*,#1798,.F.);
#2397=ORIENTED_EDGE('',*,*,#1799,.F.);
#2398=ORIENTED_EDGE('',*,*,#1800,.F.);
#2399=ORIENTED_EDGE('',*,*,#1801,.F.);
#2400=ORIENTED_EDGE('',*,*,#1802,.F.);
#2401=ORIENTED_EDGE('',*,*,#1803,.F.);
#2402=ORIENTED_EDGE('',*,*,#1804,.F.);
#2403=ORIENTED_EDGE('',*,*,#1805,.F.);
#2404=ORIENTED_EDGE('',*,*,#1806,.F.);
#2405=ORIENTED_EDGE('',*,*,#1807,.F.);
#2406=ORIENTED_EDGE('',*,*,#1808,.F.);
#2407=ORIENTED_EDGE('',*,*,#1809,.F.);
#2408=ORIENTED_EDGE('',*,*,#1810,.F.);
#2409=ORIENTED_EDGE('',*,*,#1811,.F.);
#2410=ORIENTED_EDGE('',*,*,#1812,.T.);
#2411=ORIENTED_EDGE('',*,*,#1813,.F.);
#2412=ORIENTED_EDGE('',*,*,#1812,.F.);
#2413=ORIENTED_EDGE('',*,*,#1814,.F.);
#2414=ORIENTED_EDGE('',*,*,#1815,.F.);
#2415=ORIENTED_EDGE('',*,*,#1816,.T.);
#2416=ORIENTED_EDGE('',*,*,#1817,.F.);
#2417=ORIENTED_EDGE('',*,*,#1818,.F.);
#2418=ORIENTED_EDGE('',*,*,#1816,.F.);
#2419=ORIENTED_EDGE('',*,*,#1819,.F.);
#2420=ORIENTED_EDGE('',*,*,#1820,.T.);
#2421=ORIENTED_EDGE('',*,*,#1821,.F.);
#2422=ORIENTED_EDGE('',*,*,#1820,.F.);
#2423=ORIENTED_EDGE('',*,*,#1822,.F.);
#2424=ORIENTED_EDGE('',*,*,#1823,.F.);
#2425=ORIENTED_EDGE('',*,*,#1824,.F.);
#2426=ORIENTED_EDGE('',*,*,#1763,.F.);
#2427=ORIENTED_EDGE('',*,*,#1758,.T.);
#2428=ORIENTED_EDGE('',*,*,#1825,.T.);
#2429=ORIENTED_EDGE('',*,*,#1826,.F.);
#2430=ORIENTED_EDGE('',*,*,#1825,.F.);
#2431=ORIENTED_EDGE('',*,*,#1827,.F.);
#2432=ORIENTED_EDGE('',*,*,#1774,.F.);
#2433=ORIENTED_EDGE('',*,*,#1828,.F.);
#2434=ORIENTED_EDGE('',*,*,#1829,.F.);
#2435=ORIENTED_EDGE('',*,*,#1830,.F.);
#2436=ORIENTED_EDGE('',*,*,#1770,.F.);
#2437=ORIENTED_EDGE('',*,*,#1831,.T.);
#2438=ORIENTED_EDGE('',*,*,#1832,.T.);
#2439=ORIENTED_EDGE('',*,*,#1833,.T.);
#2440=ORIENTED_EDGE('',*,*,#1831,.F.);
#2441=ORIENTED_EDGE('',*,*,#1790,.F.);
#2442=ORIENTED_EDGE('',*,*,#1834,.F.);
#2443=ORIENTED_EDGE('',*,*,#1835,.F.);
#2444=ORIENTED_EDGE('',*,*,#1836,.F.);
#2445=ORIENTED_EDGE('',*,*,#1786,.F.);
#2446=ORIENTED_EDGE('',*,*,#1837,.F.);
#2447=ORIENTED_EDGE('',*,*,#1838,.F.);
#2448=ORIENTED_EDGE('',*,*,#1839,.F.);
#2449=ORIENTED_EDGE('',*,*,#1782,.F.);
#2450=ORIENTED_EDGE('',*,*,#1840,.F.);
#2451=ORIENTED_EDGE('',*,*,#1841,.F.);
#2452=ORIENTED_EDGE('',*,*,#1842,.F.);
#2453=ORIENTED_EDGE('',*,*,#1778,.F.);
#2454=ORIENTED_EDGE('',*,*,#1843,.F.);
#2455=ORIENTED_EDGE('',*,*,#1844,.F.);
#2456=ORIENTED_EDGE('',*,*,#1845,.F.);
#2457=ORIENTED_EDGE('',*,*,#1846,.T.);
#2458=ORIENTED_EDGE('',*,*,#1824,.T.);
#2459=ORIENTED_EDGE('',*,*,#1846,.F.);
#2460=ORIENTED_EDGE('',*,*,#1847,.F.);
#2461=ORIENTED_EDGE('',*,*,#1848,.T.);
#2462=ORIENTED_EDGE('',*,*,#1822,.T.);
#2463=ORIENTED_EDGE('',*,*,#1848,.F.);
#2464=ORIENTED_EDGE('',*,*,#1813,.T.);
#2465=ORIENTED_EDGE('',*,*,#1849,.T.);
#2466=ORIENTED_EDGE('',*,*,#1768,.T.);
#2467=ORIENTED_EDGE('',*,*,#1849,.F.);
#2468=ORIENTED_EDGE('',*,*,#1821,.T.);
#2469=ORIENTED_EDGE('',*,*,#1850,.T.);
#2470=ORIENTED_EDGE('',*,*,#1815,.T.);
#2471=ORIENTED_EDGE('',*,*,#1814,.T.);
#2472=ORIENTED_EDGE('',*,*,#1850,.F.);
#2473=ORIENTED_EDGE('',*,*,#1851,.F.);
#2474=ORIENTED_EDGE('',*,*,#1852,.F.);
#2475=ORIENTED_EDGE('',*,*,#1853,.T.);
#2476=ORIENTED_EDGE('',*,*,#1819,.T.);
#2477=ORIENTED_EDGE('',*,*,#1853,.F.);
#2478=ORIENTED_EDGE('',*,*,#1823,.T.);
#2479=ORIENTED_EDGE('',*,*,#1854,.T.);
#2480=ORIENTED_EDGE('',*,*,#1852,.T.);
#2481=ORIENTED_EDGE('',*,*,#1851,.T.);
#2482=ORIENTED_EDGE('',*,*,#1854,.F.);
#2483=ORIENTED_EDGE('',*,*,#1855,.F.);
#2484=ORIENTED_EDGE('',*,*,#1856,.F.);
#2485=ORIENTED_EDGE('',*,*,#1857,.T.);
#2486=ORIENTED_EDGE('',*,*,#1858,.T.);
#2487=ORIENTED_EDGE('',*,*,#1833,.F.);
#2488=ORIENTED_EDGE('',*,*,#1832,.F.);
#2489=ORIENTED_EDGE('',*,*,#1859,.T.);
#2490=ORIENTED_EDGE('',*,*,#1856,.T.);
#2491=ORIENTED_EDGE('',*,*,#1855,.T.);
#2492=ORIENTED_EDGE('',*,*,#1859,.F.);
#2493=ORIENTED_EDGE('',*,*,#1847,.T.);
#2494=ORIENTED_EDGE('',*,*,#1826,.T.);
#2495=ORIENTED_EDGE('',*,*,#1845,.T.);
#2496=ORIENTED_EDGE('',*,*,#1860,.F.);
#2497=ORIENTED_EDGE('',*,*,#1861,.F.);
#2498=ORIENTED_EDGE('',*,*,#1756,.T.);
#2499=ORIENTED_EDGE('',*,*,#1862,.T.);
#2500=ORIENTED_EDGE('',*,*,#1863,.T.);
#2501=ORIENTED_EDGE('',*,*,#1864,.T.);
#2502=ORIENTED_EDGE('',*,*,#1862,.F.);
#2503=ORIENTED_EDGE('',*,*,#1864,.F.);
#2504=ORIENTED_EDGE('',*,*,#1863,.F.);
#2505=ORIENTED_EDGE('',*,*,#1865,.T.);
#2506=ORIENTED_EDGE('',*,*,#1866,.F.);
#2507=ORIENTED_EDGE('',*,*,#1867,.F.);
#2508=ORIENTED_EDGE('',*,*,#1865,.F.);
#2509=ORIENTED_EDGE('',*,*,#1868,.T.);
#2510=ORIENTED_EDGE('',*,*,#1869,.T.);
#2511=ORIENTED_EDGE('',*,*,#1870,.F.);
#2512=ORIENTED_EDGE('',*,*,#1871,.F.);
#2513=ORIENTED_EDGE('',*,*,#1869,.F.);
#2514=ORIENTED_EDGE('',*,*,#1872,.T.);
#2515=ORIENTED_EDGE('',*,*,#1870,.T.);
#2516=ORIENTED_EDGE('',*,*,#1873,.T.);
#2517=ORIENTED_EDGE('',*,*,#1874,.F.);
#2518=ORIENTED_EDGE('',*,*,#1875,.F.);
#2519=ORIENTED_EDGE('',*,*,#1873,.F.);
#2520=ORIENTED_EDGE('',*,*,#1871,.T.);
#2521=ORIENTED_EDGE('',*,*,#1874,.T.);
#2522=ORIENTED_EDGE('',*,*,#1876,.T.);
#2523=ORIENTED_EDGE('',*,*,#1857,.F.);
#2524=ORIENTED_EDGE('',*,*,#1858,.F.);
#2525=ORIENTED_EDGE('',*,*,#1876,.F.);
#2526=ORIENTED_EDGE('',*,*,#1875,.T.);
#2527=ORIENTED_EDGE('',*,*,#1866,.T.);
#2528=ORIENTED_EDGE('',*,*,#1877,.T.);
#2529=ORIENTED_EDGE('',*,*,#1878,.F.);
#2530=ORIENTED_EDGE('',*,*,#1879,.F.);
#2531=ORIENTED_EDGE('',*,*,#1877,.F.);
#2532=ORIENTED_EDGE('',*,*,#1867,.T.);
#2533=ORIENTED_EDGE('',*,*,#1878,.T.);
#2534=ORIENTED_EDGE('',*,*,#1880,.T.);
#2535=ORIENTED_EDGE('',*,*,#1881,.F.);
#2536=ORIENTED_EDGE('',*,*,#1882,.F.);
#2537=ORIENTED_EDGE('',*,*,#1880,.F.);
#2538=ORIENTED_EDGE('',*,*,#1879,.T.);
#2539=ORIENTED_EDGE('',*,*,#1881,.T.);
#2540=ORIENTED_EDGE('',*,*,#1883,.T.);
#2541=ORIENTED_EDGE('',*,*,#1868,.F.);
#2542=ORIENTED_EDGE('',*,*,#1872,.F.);
#2543=ORIENTED_EDGE('',*,*,#1883,.F.);
#2544=ORIENTED_EDGE('',*,*,#1882,.T.);
#2545=ORIENTED_EDGE('',*,*,#1860,.T.);
#2546=ORIENTED_EDGE('',*,*,#1884,.T.);
#2547=ORIENTED_EDGE('',*,*,#1766,.T.);
#2548=ORIENTED_EDGE('',*,*,#1765,.T.);
#2549=ORIENTED_EDGE('',*,*,#1884,.F.);
#2550=ORIENTED_EDGE('',*,*,#1861,.T.);
#2551=ORIENTED_EDGE('',*,*,#1801,.T.);
#2552=ORIENTED_EDGE('',*,*,#1885,.T.);
#2553=ORIENTED_EDGE('',*,*,#1886,.F.);
#2554=ORIENTED_EDGE('',*,*,#1887,.T.);
#2555=ORIENTED_EDGE('',*,*,#1799,.T.);
#2556=ORIENTED_EDGE('',*,*,#1888,.F.);
#2557=ORIENTED_EDGE('',*,*,#1889,.F.);
#2558=ORIENTED_EDGE('',*,*,#1890,.F.);
#2559=ORIENTED_EDGE('',*,*,#1891,.F.);
#2560=ORIENTED_EDGE('',*,*,#1797,.T.);
#2561=ORIENTED_EDGE('',*,*,#1892,.T.);
#2562=ORIENTED_EDGE('',*,*,#1893,.F.);
#2563=ORIENTED_EDGE('',*,*,#1894,.T.);
#2564=ORIENTED_EDGE('',*,*,#1795,.T.);
#2565=ORIENTED_EDGE('',*,*,#1895,.F.);
#2566=ORIENTED_EDGE('',*,*,#1896,.F.);
#2567=ORIENTED_EDGE('',*,*,#1897,.F.);
#2568=ORIENTED_EDGE('',*,*,#1793,.T.);
#2569=ORIENTED_EDGE('',*,*,#1898,.T.);
#2570=ORIENTED_EDGE('',*,*,#1899,.F.);
#2571=ORIENTED_EDGE('',*,*,#1900,.T.);
#2572=ORIENTED_EDGE('',*,*,#1844,.T.);
#2573=ORIENTED_EDGE('',*,*,#1901,.T.);
#2574=ORIENTED_EDGE('',*,*,#1902,.F.);
#2575=ORIENTED_EDGE('',*,*,#1903,.T.);
#2576=ORIENTED_EDGE('',*,*,#1794,.T.);
#2577=ORIENTED_EDGE('',*,*,#1900,.F.);
#2578=ORIENTED_EDGE('',*,*,#1904,.F.);
#2579=ORIENTED_EDGE('',*,*,#1787,.T.);
#2580=ORIENTED_EDGE('',*,*,#1836,.T.);
#2581=ORIENTED_EDGE('',*,*,#1905,.F.);
#2582=ORIENTED_EDGE('',*,*,#1906,.F.);
#2583=ORIENTED_EDGE('',*,*,#1907,.F.);
#2584=ORIENTED_EDGE('',*,*,#1908,.F.);
#2585=ORIENTED_EDGE('',*,*,#1909,.F.);
#2586=ORIENTED_EDGE('',*,*,#1910,.F.);
#2587=ORIENTED_EDGE('',*,*,#1911,.F.);
#2588=ORIENTED_EDGE('',*,*,#1912,.F.);
#2589=ORIENTED_EDGE('',*,*,#1913,.F.);
#2590=ORIENTED_EDGE('',*,*,#1895,.T.);
#2591=ORIENTED_EDGE('',*,*,#1792,.T.);
#2592=ORIENTED_EDGE('',*,*,#1914,.T.);
#2593=ORIENTED_EDGE('',*,*,#1915,.F.);
#2594=ORIENTED_EDGE('',*,*,#1916,.F.);
#2595=ORIENTED_EDGE('',*,*,#1917,.F.);
#2596=ORIENTED_EDGE('',*,*,#1918,.F.);
#2597=ORIENTED_EDGE('',*,*,#1919,.F.);
#2598=ORIENTED_EDGE('',*,*,#1920,.F.);
#2599=ORIENTED_EDGE('',*,*,#1921,.F.);
#2600=ORIENTED_EDGE('',*,*,#1922,.F.);
#2601=ORIENTED_EDGE('',*,*,#1923,.F.);
#2602=ORIENTED_EDGE('',*,*,#1834,.T.);
#2603=ORIENTED_EDGE('',*,*,#1789,.T.);
#2604=ORIENTED_EDGE('',*,*,#1924,.F.);
#2605=ORIENTED_EDGE('',*,*,#1898,.F.);
#2606=ORIENTED_EDGE('',*,*,#1835,.T.);
#2607=ORIENTED_EDGE('',*,*,#1923,.T.);
#2608=ORIENTED_EDGE('',*,*,#1925,.F.);
#2609=ORIENTED_EDGE('',*,*,#1905,.T.);
#2610=ORIENTED_EDGE('',*,*,#1780,.T.);
#2611=ORIENTED_EDGE('',*,*,#1926,.T.);
#2612=ORIENTED_EDGE('',*,*,#1886,.T.);
#2613=ORIENTED_EDGE('',*,*,#1927,.T.);
#2614=ORIENTED_EDGE('',*,*,#1800,.T.);
#2615=ORIENTED_EDGE('',*,*,#1891,.T.);
#2616=ORIENTED_EDGE('',*,*,#1928,.F.);
#2617=ORIENTED_EDGE('',*,*,#1929,.F.);
#2618=ORIENTED_EDGE('',*,*,#1930,.F.);
#2619=ORIENTED_EDGE('',*,*,#1931,.F.);
#2620=ORIENTED_EDGE('',*,*,#1932,.F.);
#2621=ORIENTED_EDGE('',*,*,#1933,.F.);
#2622=ORIENTED_EDGE('',*,*,#1934,.F.);
#2623=ORIENTED_EDGE('',*,*,#1935,.F.);
#2624=ORIENTED_EDGE('',*,*,#1936,.F.);
#2625=ORIENTED_EDGE('',*,*,#1840,.T.);
#2626=ORIENTED_EDGE('',*,*,#1781,.T.);
#2627=ORIENTED_EDGE('',*,*,#1927,.F.);
#2628=ORIENTED_EDGE('',*,*,#1885,.F.);
#2629=ORIENTED_EDGE('',*,*,#1798,.T.);
#2630=ORIENTED_EDGE('',*,*,#1894,.F.);
#2631=ORIENTED_EDGE('',*,*,#1937,.F.);
#2632=ORIENTED_EDGE('',*,*,#1783,.T.);
#2633=ORIENTED_EDGE('',*,*,#1839,.T.);
#2634=ORIENTED_EDGE('',*,*,#1938,.F.);
#2635=ORIENTED_EDGE('',*,*,#1939,.F.);
#2636=ORIENTED_EDGE('',*,*,#1940,.F.);
#2637=ORIENTED_EDGE('',*,*,#1941,.F.);
#2638=ORIENTED_EDGE('',*,*,#1942,.F.);
#2639=ORIENTED_EDGE('',*,*,#1943,.F.);
#2640=ORIENTED_EDGE('',*,*,#1944,.F.);
#2641=ORIENTED_EDGE('',*,*,#1945,.F.);
#2642=ORIENTED_EDGE('',*,*,#1946,.F.);
#2643=ORIENTED_EDGE('',*,*,#1888,.T.);
#2644=ORIENTED_EDGE('',*,*,#1796,.T.);
#2645=ORIENTED_EDGE('',*,*,#1897,.T.);
#2646=ORIENTED_EDGE('',*,*,#1947,.F.);
#2647=ORIENTED_EDGE('',*,*,#1948,.F.);
#2648=ORIENTED_EDGE('',*,*,#1949,.F.);
#2649=ORIENTED_EDGE('',*,*,#1950,.F.);
#2650=ORIENTED_EDGE('',*,*,#1951,.F.);
#2651=ORIENTED_EDGE('',*,*,#1952,.F.);
#2652=ORIENTED_EDGE('',*,*,#1953,.F.);
#2653=ORIENTED_EDGE('',*,*,#1954,.F.);
#2654=ORIENTED_EDGE('',*,*,#1955,.F.);
#2655=ORIENTED_EDGE('',*,*,#1837,.T.);
#2656=ORIENTED_EDGE('',*,*,#1785,.T.);
#2657=ORIENTED_EDGE('',*,*,#1956,.F.);
#2658=ORIENTED_EDGE('',*,*,#1892,.F.);
#2659=ORIENTED_EDGE('',*,*,#1838,.T.);
#2660=ORIENTED_EDGE('',*,*,#1955,.T.);
#2661=ORIENTED_EDGE('',*,*,#1957,.F.);
#2662=ORIENTED_EDGE('',*,*,#1938,.T.);
#2663=ORIENTED_EDGE('',*,*,#1829,.T.);
#2664=ORIENTED_EDGE('',*,*,#1958,.T.);
#2665=ORIENTED_EDGE('',*,*,#1959,.F.);
#2666=ORIENTED_EDGE('',*,*,#1960,.T.);
#2667=ORIENTED_EDGE('',*,*,#1803,.T.);
#2668=ORIENTED_EDGE('',*,*,#1961,.F.);
#2669=ORIENTED_EDGE('',*,*,#1962,.F.);
#2670=ORIENTED_EDGE('',*,*,#1963,.F.);
#2671=ORIENTED_EDGE('',*,*,#1807,.T.);
#2672=ORIENTED_EDGE('',*,*,#1964,.F.);
#2673=ORIENTED_EDGE('',*,*,#1965,.F.);
#2674=ORIENTED_EDGE('',*,*,#1966,.F.);
#2675=ORIENTED_EDGE('',*,*,#1967,.F.);
#2676=ORIENTED_EDGE('',*,*,#1968,.F.);
#2677=ORIENTED_EDGE('',*,*,#1969,.F.);
#2678=ORIENTED_EDGE('',*,*,#1970,.F.);
#2679=ORIENTED_EDGE('',*,*,#1971,.F.);
#2680=ORIENTED_EDGE('',*,*,#1972,.F.);
#2681=ORIENTED_EDGE('',*,*,#1973,.F.);
#2682=ORIENTED_EDGE('',*,*,#1974,.F.);
#2683=ORIENTED_EDGE('',*,*,#1975,.F.);
#2684=ORIENTED_EDGE('',*,*,#1976,.F.);
#2685=ORIENTED_EDGE('',*,*,#1977,.F.);
#2686=ORIENTED_EDGE('',*,*,#1978,.F.);
#2687=ORIENTED_EDGE('',*,*,#1979,.F.);
#2688=ORIENTED_EDGE('',*,*,#1980,.F.);
#2689=ORIENTED_EDGE('',*,*,#1981,.F.);
#2690=ORIENTED_EDGE('',*,*,#1982,.F.);
#2691=ORIENTED_EDGE('',*,*,#1983,.F.);
#2692=ORIENTED_EDGE('',*,*,#1984,.F.);
#2693=ORIENTED_EDGE('',*,*,#1985,.F.);
#2694=ORIENTED_EDGE('',*,*,#1986,.F.);
#2695=ORIENTED_EDGE('',*,*,#1987,.F.);
#2696=ORIENTED_EDGE('',*,*,#1988,.F.);
#2697=ORIENTED_EDGE('',*,*,#1791,.T.);
#2698=ORIENTED_EDGE('',*,*,#1811,.T.);
#2699=ORIENTED_EDGE('',*,*,#1989,.F.);
#2700=ORIENTED_EDGE('',*,*,#1990,.F.);
#2701=ORIENTED_EDGE('',*,*,#1914,.F.);
#2702=ORIENTED_EDGE('',*,*,#1991,.T.);
#2703=ORIENTED_EDGE('',*,*,#1992,.T.);
#2704=ORIENTED_EDGE('',*,*,#1993,.F.);
#2705=ORIENTED_EDGE('',*,*,#1983,.T.);
#2706=ORIENTED_EDGE('',*,*,#1994,.F.);
#2707=ORIENTED_EDGE('',*,*,#1995,.T.);
#2708=ORIENTED_EDGE('',*,*,#1806,.T.);
#2709=ORIENTED_EDGE('',*,*,#1996,.F.);
#2710=ORIENTED_EDGE('',*,*,#1997,.F.);
#2711=ORIENTED_EDGE('',*,*,#1775,.T.);
#2712=ORIENTED_EDGE('',*,*,#1827,.T.);
#2713=ORIENTED_EDGE('',*,*,#1903,.F.);
#2714=ORIENTED_EDGE('',*,*,#1998,.F.);
#2715=ORIENTED_EDGE('',*,*,#1999,.F.);
#2716=ORIENTED_EDGE('',*,*,#2000,.F.);
#2717=ORIENTED_EDGE('',*,*,#2001,.F.);
#2718=ORIENTED_EDGE('',*,*,#2002,.F.);
#2719=ORIENTED_EDGE('',*,*,#2003,.F.);
#2720=ORIENTED_EDGE('',*,*,#2004,.F.);
#2721=ORIENTED_EDGE('',*,*,#2005,.F.);
#2722=ORIENTED_EDGE('',*,*,#1964,.T.);
#2723=ORIENTED_EDGE('',*,*,#2006,.F.);
#2724=ORIENTED_EDGE('',*,*,#2007,.F.);
#2725=ORIENTED_EDGE('',*,*,#1992,.F.);
#2726=ORIENTED_EDGE('',*,*,#1995,.F.);
#2727=ORIENTED_EDGE('',*,*,#2008,.F.);
#2728=ORIENTED_EDGE('',*,*,#2009,.F.);
#2729=ORIENTED_EDGE('',*,*,#2010,.T.);
#2730=ORIENTED_EDGE('',*,*,#2011,.F.);
#2731=ORIENTED_EDGE('',*,*,#2006,.T.);
#2732=ORIENTED_EDGE('',*,*,#1967,.T.);
#2733=ORIENTED_EDGE('',*,*,#2009,.T.);
#2734=ORIENTED_EDGE('',*,*,#2012,.F.);
#2735=ORIENTED_EDGE('',*,*,#1804,.T.);
#2736=ORIENTED_EDGE('',*,*,#1963,.T.);
#2737=ORIENTED_EDGE('',*,*,#2013,.F.);
#2738=ORIENTED_EDGE('',*,*,#2014,.F.);
#2739=ORIENTED_EDGE('',*,*,#2015,.F.);
#2740=ORIENTED_EDGE('',*,*,#2016,.F.);
#2741=ORIENTED_EDGE('',*,*,#2017,.F.);
#2742=ORIENTED_EDGE('',*,*,#2018,.F.);
#2743=ORIENTED_EDGE('',*,*,#2019,.F.);
#2744=ORIENTED_EDGE('',*,*,#2020,.F.);
#2745=ORIENTED_EDGE('',*,*,#1901,.F.);
#2746=ORIENTED_EDGE('',*,*,#1843,.T.);
#2747=ORIENTED_EDGE('',*,*,#1777,.T.);
#2748=ORIENTED_EDGE('',*,*,#2021,.F.);
#2749=ORIENTED_EDGE('',*,*,#2022,.F.);
#2750=ORIENTED_EDGE('',*,*,#1805,.T.);
#2751=ORIENTED_EDGE('',*,*,#2022,.T.);
#2752=ORIENTED_EDGE('',*,*,#2023,.F.);
#2753=ORIENTED_EDGE('',*,*,#1996,.T.);
#2754=ORIENTED_EDGE('',*,*,#2016,.T.);
#2755=ORIENTED_EDGE('',*,*,#2024,.F.);
#2756=ORIENTED_EDGE('',*,*,#2002,.T.);
#2757=ORIENTED_EDGE('',*,*,#2025,.T.);
#2758=ORIENTED_EDGE('',*,*,#2025,.F.);
#2759=ORIENTED_EDGE('',*,*,#2001,.T.);
#2760=ORIENTED_EDGE('',*,*,#2026,.F.);
#2761=ORIENTED_EDGE('',*,*,#2017,.T.);
#2762=ORIENTED_EDGE('',*,*,#2015,.T.);
#2763=ORIENTED_EDGE('',*,*,#2027,.T.);
#2764=ORIENTED_EDGE('',*,*,#2003,.T.);
#2765=ORIENTED_EDGE('',*,*,#2024,.T.);
#2766=ORIENTED_EDGE('',*,*,#2028,.F.);
#2767=ORIENTED_EDGE('',*,*,#2004,.T.);
#2768=ORIENTED_EDGE('',*,*,#2027,.F.);
#2769=ORIENTED_EDGE('',*,*,#2014,.T.);
#2770=ORIENTED_EDGE('',*,*,#2026,.T.);
#2771=ORIENTED_EDGE('',*,*,#2000,.T.);
#2772=ORIENTED_EDGE('',*,*,#2029,.F.);
#2773=ORIENTED_EDGE('',*,*,#2018,.T.);
#2774=ORIENTED_EDGE('',*,*,#2007,.T.);
#2775=ORIENTED_EDGE('',*,*,#2011,.T.);
#2776=ORIENTED_EDGE('',*,*,#2030,.F.);
#2777=ORIENTED_EDGE('',*,*,#1993,.T.);
#2778=ORIENTED_EDGE('',*,*,#2008,.T.);
#2779=ORIENTED_EDGE('',*,*,#1994,.T.);
#2780=ORIENTED_EDGE('',*,*,#2031,.F.);
#2781=ORIENTED_EDGE('',*,*,#2012,.T.);
#2782=ORIENTED_EDGE('',*,*,#1999,.T.);
#2783=ORIENTED_EDGE('',*,*,#2032,.F.);
#2784=ORIENTED_EDGE('',*,*,#2019,.T.);
#2785=ORIENTED_EDGE('',*,*,#2029,.T.);
#2786=ORIENTED_EDGE('',*,*,#1998,.T.);
#2787=ORIENTED_EDGE('',*,*,#1902,.T.);
#2788=ORIENTED_EDGE('',*,*,#2020,.T.);
#2789=ORIENTED_EDGE('',*,*,#2032,.T.);
#2790=ORIENTED_EDGE('',*,*,#1776,.T.);
#2791=ORIENTED_EDGE('',*,*,#1997,.T.);
#2792=ORIENTED_EDGE('',*,*,#2023,.T.);
#2793=ORIENTED_EDGE('',*,*,#2021,.T.);
#2794=ORIENTED_EDGE('',*,*,#2033,.T.);
#2795=ORIENTED_EDGE('',*,*,#2034,.T.);
#2796=ORIENTED_EDGE('',*,*,#2035,.F.);
#2797=ORIENTED_EDGE('',*,*,#1973,.T.);
#2798=ORIENTED_EDGE('',*,*,#2036,.F.);
#2799=ORIENTED_EDGE('',*,*,#2037,.T.);
#2800=ORIENTED_EDGE('',*,*,#2038,.F.);
#2801=ORIENTED_EDGE('',*,*,#2039,.F.);
#2802=ORIENTED_EDGE('',*,*,#2034,.F.);
#2803=ORIENTED_EDGE('',*,*,#2037,.F.);
#2804=ORIENTED_EDGE('',*,*,#2040,.F.);
#2805=ORIENTED_EDGE('',*,*,#2041,.F.);
#2806=ORIENTED_EDGE('',*,*,#2042,.T.);
#2807=ORIENTED_EDGE('',*,*,#2043,.F.);
#2808=ORIENTED_EDGE('',*,*,#2038,.T.);
#2809=ORIENTED_EDGE('',*,*,#1987,.T.);
#2810=ORIENTED_EDGE('',*,*,#2041,.T.);
#2811=ORIENTED_EDGE('',*,*,#2044,.F.);
#2812=ORIENTED_EDGE('',*,*,#1918,.T.);
#2813=ORIENTED_EDGE('',*,*,#2045,.F.);
#2814=ORIENTED_EDGE('',*,*,#1910,.T.);
#2815=ORIENTED_EDGE('',*,*,#2046,.T.);
#2816=ORIENTED_EDGE('',*,*,#2046,.F.);
#2817=ORIENTED_EDGE('',*,*,#1909,.T.);
#2818=ORIENTED_EDGE('',*,*,#2047,.F.);
#2819=ORIENTED_EDGE('',*,*,#1919,.T.);
#2820=ORIENTED_EDGE('',*,*,#1917,.T.);
#2821=ORIENTED_EDGE('',*,*,#2048,.T.);
#2822=ORIENTED_EDGE('',*,*,#1911,.T.);
#2823=ORIENTED_EDGE('',*,*,#2045,.T.);
#2824=ORIENTED_EDGE('',*,*,#2049,.F.);
#2825=ORIENTED_EDGE('',*,*,#1912,.T.);
#2826=ORIENTED_EDGE('',*,*,#2048,.F.);
#2827=ORIENTED_EDGE('',*,*,#1916,.T.);
#2828=ORIENTED_EDGE('',*,*,#2047,.T.);
#2829=ORIENTED_EDGE('',*,*,#1908,.T.);
#2830=ORIENTED_EDGE('',*,*,#2050,.F.);
#2831=ORIENTED_EDGE('',*,*,#1920,.T.);
#2832=ORIENTED_EDGE('',*,*,#2039,.T.);
#2833=ORIENTED_EDGE('',*,*,#2043,.T.);
#2834=ORIENTED_EDGE('',*,*,#2051,.F.);
#2835=ORIENTED_EDGE('',*,*,#2035,.T.);
#2836=ORIENTED_EDGE('',*,*,#2040,.T.);
#2837=ORIENTED_EDGE('',*,*,#2036,.T.);
#2838=ORIENTED_EDGE('',*,*,#2052,.F.);
#2839=ORIENTED_EDGE('',*,*,#2044,.T.);
#2840=ORIENTED_EDGE('',*,*,#1907,.T.);
#2841=ORIENTED_EDGE('',*,*,#2053,.F.);
#2842=ORIENTED_EDGE('',*,*,#1921,.T.);
#2843=ORIENTED_EDGE('',*,*,#2050,.T.);
#2844=ORIENTED_EDGE('',*,*,#1906,.T.);
#2845=ORIENTED_EDGE('',*,*,#1925,.T.);
#2846=ORIENTED_EDGE('',*,*,#1922,.T.);
#2847=ORIENTED_EDGE('',*,*,#2053,.T.);
#2848=ORIENTED_EDGE('',*,*,#1788,.T.);
#2849=ORIENTED_EDGE('',*,*,#1904,.T.);
#2850=ORIENTED_EDGE('',*,*,#1899,.T.);
#2851=ORIENTED_EDGE('',*,*,#1924,.T.);
#2852=ORIENTED_EDGE('',*,*,#1978,.T.);
#2853=ORIENTED_EDGE('',*,*,#2054,.T.);
#2854=ORIENTED_EDGE('',*,*,#2055,.F.);
#2855=ORIENTED_EDGE('',*,*,#2056,.T.);
#2856=ORIENTED_EDGE('',*,*,#2057,.F.);
#2857=ORIENTED_EDGE('',*,*,#2058,.T.);
#2858=ORIENTED_EDGE('',*,*,#1969,.T.);
#2859=ORIENTED_EDGE('',*,*,#2059,.F.);
#2860=ORIENTED_EDGE('',*,*,#2060,.T.);
#2861=ORIENTED_EDGE('',*,*,#2061,.T.);
#2862=ORIENTED_EDGE('',*,*,#2062,.T.);
#2863=ORIENTED_EDGE('',*,*,#2063,.F.);
#2864=ORIENTED_EDGE('',*,*,#1802,.T.);
#2865=ORIENTED_EDGE('',*,*,#1887,.F.);
#2866=ORIENTED_EDGE('',*,*,#1926,.F.);
#2867=ORIENTED_EDGE('',*,*,#1779,.T.);
#2868=ORIENTED_EDGE('',*,*,#1842,.T.);
#2869=ORIENTED_EDGE('',*,*,#2064,.F.);
#2870=ORIENTED_EDGE('',*,*,#2065,.F.);
#2871=ORIENTED_EDGE('',*,*,#2066,.F.);
#2872=ORIENTED_EDGE('',*,*,#2067,.F.);
#2873=ORIENTED_EDGE('',*,*,#2068,.F.);
#2874=ORIENTED_EDGE('',*,*,#2069,.F.);
#2875=ORIENTED_EDGE('',*,*,#2070,.F.);
#2876=ORIENTED_EDGE('',*,*,#2071,.F.);
#2877=ORIENTED_EDGE('',*,*,#2072,.F.);
#2878=ORIENTED_EDGE('',*,*,#1961,.T.);
#2879=ORIENTED_EDGE('',*,*,#1931,.T.);
#2880=ORIENTED_EDGE('',*,*,#2073,.F.);
#2881=ORIENTED_EDGE('',*,*,#2069,.T.);
#2882=ORIENTED_EDGE('',*,*,#2074,.T.);
#2883=ORIENTED_EDGE('',*,*,#2074,.F.);
#2884=ORIENTED_EDGE('',*,*,#2068,.T.);
#2885=ORIENTED_EDGE('',*,*,#2075,.F.);
#2886=ORIENTED_EDGE('',*,*,#1932,.T.);
#2887=ORIENTED_EDGE('',*,*,#1930,.T.);
#2888=ORIENTED_EDGE('',*,*,#2076,.T.);
#2889=ORIENTED_EDGE('',*,*,#2070,.T.);
#2890=ORIENTED_EDGE('',*,*,#2073,.T.);
#2891=ORIENTED_EDGE('',*,*,#2077,.F.);
#2892=ORIENTED_EDGE('',*,*,#2071,.T.);
#2893=ORIENTED_EDGE('',*,*,#2076,.F.);
#2894=ORIENTED_EDGE('',*,*,#1929,.T.);
#2895=ORIENTED_EDGE('',*,*,#1841,.T.);
#2896=ORIENTED_EDGE('',*,*,#1936,.T.);
#2897=ORIENTED_EDGE('',*,*,#2078,.F.);
#2898=ORIENTED_EDGE('',*,*,#2064,.T.);
#2899=ORIENTED_EDGE('',*,*,#2075,.T.);
#2900=ORIENTED_EDGE('',*,*,#2067,.T.);
#2901=ORIENTED_EDGE('',*,*,#2079,.F.);
#2902=ORIENTED_EDGE('',*,*,#1933,.T.);
#2903=ORIENTED_EDGE('',*,*,#2058,.F.);
#2904=ORIENTED_EDGE('',*,*,#2080,.F.);
#2905=ORIENTED_EDGE('',*,*,#2062,.F.);
#2906=ORIENTED_EDGE('',*,*,#2060,.F.);
#2907=ORIENTED_EDGE('',*,*,#2081,.F.);
#2908=ORIENTED_EDGE('',*,*,#2054,.F.);
#2909=ORIENTED_EDGE('',*,*,#2080,.T.);
#2910=ORIENTED_EDGE('',*,*,#2057,.T.);
#2911=ORIENTED_EDGE('',*,*,#2082,.F.);
#2912=ORIENTED_EDGE('',*,*,#2063,.T.);
#2913=ORIENTED_EDGE('',*,*,#2081,.T.);
#2914=ORIENTED_EDGE('',*,*,#2059,.T.);
#2915=ORIENTED_EDGE('',*,*,#2083,.F.);
#2916=ORIENTED_EDGE('',*,*,#2055,.T.);
#2917=ORIENTED_EDGE('',*,*,#2066,.T.);
#2918=ORIENTED_EDGE('',*,*,#2084,.F.);
#2919=ORIENTED_EDGE('',*,*,#1934,.T.);
#2920=ORIENTED_EDGE('',*,*,#2079,.T.);
#2921=ORIENTED_EDGE('',*,*,#2065,.T.);
#2922=ORIENTED_EDGE('',*,*,#2078,.T.);
#2923=ORIENTED_EDGE('',*,*,#1935,.T.);
#2924=ORIENTED_EDGE('',*,*,#2084,.T.);
#2925=ORIENTED_EDGE('',*,*,#2085,.T.);
#2926=ORIENTED_EDGE('',*,*,#2086,.T.);
#2927=ORIENTED_EDGE('',*,*,#2087,.F.);
#2928=ORIENTED_EDGE('',*,*,#1975,.T.);
#2929=ORIENTED_EDGE('',*,*,#2088,.F.);
#2930=ORIENTED_EDGE('',*,*,#2089,.T.);
#2931=ORIENTED_EDGE('',*,*,#2090,.F.);
#2932=ORIENTED_EDGE('',*,*,#2091,.F.);
#2933=ORIENTED_EDGE('',*,*,#2086,.F.);
#2934=ORIENTED_EDGE('',*,*,#2089,.F.);
#2935=ORIENTED_EDGE('',*,*,#2092,.F.);
#2936=ORIENTED_EDGE('',*,*,#2093,.F.);
#2937=ORIENTED_EDGE('',*,*,#2094,.T.);
#2938=ORIENTED_EDGE('',*,*,#2095,.F.);
#2939=ORIENTED_EDGE('',*,*,#2090,.T.);
#2940=ORIENTED_EDGE('',*,*,#1971,.T.);
#2941=ORIENTED_EDGE('',*,*,#2093,.T.);
#2942=ORIENTED_EDGE('',*,*,#2096,.F.);
#2943=ORIENTED_EDGE('',*,*,#1950,.T.);
#2944=ORIENTED_EDGE('',*,*,#2097,.F.);
#2945=ORIENTED_EDGE('',*,*,#1943,.T.);
#2946=ORIENTED_EDGE('',*,*,#2098,.T.);
#2947=ORIENTED_EDGE('',*,*,#2098,.F.);
#2948=ORIENTED_EDGE('',*,*,#1942,.T.);
#2949=ORIENTED_EDGE('',*,*,#2099,.F.);
#2950=ORIENTED_EDGE('',*,*,#1951,.T.);
#2951=ORIENTED_EDGE('',*,*,#1949,.T.);
#2952=ORIENTED_EDGE('',*,*,#2100,.T.);
#2953=ORIENTED_EDGE('',*,*,#1944,.T.);
#2954=ORIENTED_EDGE('',*,*,#2097,.T.);
#2955=ORIENTED_EDGE('',*,*,#2101,.F.);
#2956=ORIENTED_EDGE('',*,*,#1945,.T.);
#2957=ORIENTED_EDGE('',*,*,#2100,.F.);
#2958=ORIENTED_EDGE('',*,*,#1948,.T.);
#2959=ORIENTED_EDGE('',*,*,#2099,.T.);
#2960=ORIENTED_EDGE('',*,*,#1941,.T.);
#2961=ORIENTED_EDGE('',*,*,#2102,.F.);
#2962=ORIENTED_EDGE('',*,*,#1952,.T.);
#2963=ORIENTED_EDGE('',*,*,#2091,.T.);
#2964=ORIENTED_EDGE('',*,*,#2095,.T.);
#2965=ORIENTED_EDGE('',*,*,#2103,.F.);
#2966=ORIENTED_EDGE('',*,*,#2087,.T.);
#2967=ORIENTED_EDGE('',*,*,#2092,.T.);
#2968=ORIENTED_EDGE('',*,*,#2088,.T.);
#2969=ORIENTED_EDGE('',*,*,#2104,.F.);
#2970=ORIENTED_EDGE('',*,*,#2096,.T.);
#2971=ORIENTED_EDGE('',*,*,#1940,.T.);
#2972=ORIENTED_EDGE('',*,*,#2105,.F.);
#2973=ORIENTED_EDGE('',*,*,#1953,.T.);
#2974=ORIENTED_EDGE('',*,*,#2102,.T.);
#2975=ORIENTED_EDGE('',*,*,#1939,.T.);
#2976=ORIENTED_EDGE('',*,*,#1957,.T.);
#2977=ORIENTED_EDGE('',*,*,#1954,.T.);
#2978=ORIENTED_EDGE('',*,*,#2105,.T.);
#2979=ORIENTED_EDGE('',*,*,#1784,.T.);
#2980=ORIENTED_EDGE('',*,*,#1937,.T.);
#2981=ORIENTED_EDGE('',*,*,#1893,.T.);
#2982=ORIENTED_EDGE('',*,*,#1956,.T.);
#2983=ORIENTED_EDGE('',*,*,#2106,.T.);
#2984=ORIENTED_EDGE('',*,*,#2107,.T.);
#2985=ORIENTED_EDGE('',*,*,#2108,.F.);
#2986=ORIENTED_EDGE('',*,*,#1985,.T.);
#2987=ORIENTED_EDGE('',*,*,#2109,.F.);
#2988=ORIENTED_EDGE('',*,*,#2110,.T.);
#2989=ORIENTED_EDGE('',*,*,#1810,.T.);
#2990=ORIENTED_EDGE('',*,*,#2111,.F.);
#2991=ORIENTED_EDGE('',*,*,#2112,.F.);
#2992=ORIENTED_EDGE('',*,*,#1771,.T.);
#2993=ORIENTED_EDGE('',*,*,#1830,.T.);
#2994=ORIENTED_EDGE('',*,*,#1960,.F.);
#2995=ORIENTED_EDGE('',*,*,#2113,.F.);
#2996=ORIENTED_EDGE('',*,*,#2114,.F.);
#2997=ORIENTED_EDGE('',*,*,#2115,.F.);
#2998=ORIENTED_EDGE('',*,*,#2116,.F.);
#2999=ORIENTED_EDGE('',*,*,#2117,.F.);
#3000=ORIENTED_EDGE('',*,*,#2118,.F.);
#3001=ORIENTED_EDGE('',*,*,#2119,.F.);
#3002=ORIENTED_EDGE('',*,*,#2120,.F.);
#3003=ORIENTED_EDGE('',*,*,#1989,.T.);
#3004=ORIENTED_EDGE('',*,*,#2121,.F.);
#3005=ORIENTED_EDGE('',*,*,#2122,.F.);
#3006=ORIENTED_EDGE('',*,*,#2107,.F.);
#3007=ORIENTED_EDGE('',*,*,#2110,.F.);
#3008=ORIENTED_EDGE('',*,*,#2123,.F.);
#3009=ORIENTED_EDGE('',*,*,#2124,.F.);
#3010=ORIENTED_EDGE('',*,*,#2125,.T.);
#3011=ORIENTED_EDGE('',*,*,#2126,.F.);
#3012=ORIENTED_EDGE('',*,*,#2121,.T.);
#3013=ORIENTED_EDGE('',*,*,#1981,.T.);
#3014=ORIENTED_EDGE('',*,*,#2124,.T.);
#3015=ORIENTED_EDGE('',*,*,#2127,.F.);
#3016=ORIENTED_EDGE('',*,*,#1808,.T.);
#3017=ORIENTED_EDGE('',*,*,#1966,.T.);
#3018=ORIENTED_EDGE('',*,*,#2128,.F.);
#3019=ORIENTED_EDGE('',*,*,#2129,.F.);
#3020=ORIENTED_EDGE('',*,*,#2130,.F.);
#3021=ORIENTED_EDGE('',*,*,#2131,.F.);
#3022=ORIENTED_EDGE('',*,*,#2132,.F.);
#3023=ORIENTED_EDGE('',*,*,#2133,.F.);
#3024=ORIENTED_EDGE('',*,*,#2134,.F.);
#3025=ORIENTED_EDGE('',*,*,#2135,.F.);
#3026=ORIENTED_EDGE('',*,*,#1958,.F.);
#3027=ORIENTED_EDGE('',*,*,#1828,.T.);
#3028=ORIENTED_EDGE('',*,*,#1773,.T.);
#3029=ORIENTED_EDGE('',*,*,#2136,.F.);
#3030=ORIENTED_EDGE('',*,*,#2137,.F.);
#3031=ORIENTED_EDGE('',*,*,#1809,.T.);
#3032=ORIENTED_EDGE('',*,*,#2137,.T.);
#3033=ORIENTED_EDGE('',*,*,#2138,.F.);
#3034=ORIENTED_EDGE('',*,*,#2111,.T.);
#3035=ORIENTED_EDGE('',*,*,#2131,.T.);
#3036=ORIENTED_EDGE('',*,*,#2139,.F.);
#3037=ORIENTED_EDGE('',*,*,#2117,.T.);
#3038=ORIENTED_EDGE('',*,*,#2140,.T.);
#3039=ORIENTED_EDGE('',*,*,#2140,.F.);
#3040=ORIENTED_EDGE('',*,*,#2116,.T.);
#3041=ORIENTED_EDGE('',*,*,#2141,.F.);
#3042=ORIENTED_EDGE('',*,*,#2132,.T.);
#3043=ORIENTED_EDGE('',*,*,#2130,.T.);
#3044=ORIENTED_EDGE('',*,*,#2142,.T.);
#3045=ORIENTED_EDGE('',*,*,#2118,.T.);
#3046=ORIENTED_EDGE('',*,*,#2139,.T.);
#3047=ORIENTED_EDGE('',*,*,#2120,.T.);
#3048=ORIENTED_EDGE('',*,*,#2143,.T.);
#3049=ORIENTED_EDGE('',*,*,#2128,.T.);
#3050=ORIENTED_EDGE('',*,*,#1965,.T.);
#3051=ORIENTED_EDGE('',*,*,#2005,.T.);
#3052=ORIENTED_EDGE('',*,*,#2028,.T.);
#3053=ORIENTED_EDGE('',*,*,#2013,.T.);
#3054=ORIENTED_EDGE('',*,*,#1962,.T.);
#3055=ORIENTED_EDGE('',*,*,#2072,.T.);
#3056=ORIENTED_EDGE('',*,*,#2077,.T.);
#3057=ORIENTED_EDGE('',*,*,#1928,.T.);
#3058=ORIENTED_EDGE('',*,*,#1890,.T.);
#3059=ORIENTED_EDGE('',*,*,#2144,.T.);
#3060=ORIENTED_EDGE('',*,*,#2145,.T.);
#3061=ORIENTED_EDGE('',*,*,#2146,.T.);
#3062=ORIENTED_EDGE('',*,*,#2144,.F.);
#3063=ORIENTED_EDGE('',*,*,#1889,.T.);
#3064=ORIENTED_EDGE('',*,*,#1946,.T.);
#3065=ORIENTED_EDGE('',*,*,#2101,.T.);
#3066=ORIENTED_EDGE('',*,*,#1947,.T.);
#3067=ORIENTED_EDGE('',*,*,#1896,.T.);
#3068=ORIENTED_EDGE('',*,*,#1913,.T.);
#3069=ORIENTED_EDGE('',*,*,#2049,.T.);
#3070=ORIENTED_EDGE('',*,*,#1915,.T.);
#3071=ORIENTED_EDGE('',*,*,#1990,.T.);
#3072=ORIENTED_EDGE('',*,*,#2143,.F.);
#3073=ORIENTED_EDGE('',*,*,#2119,.T.);
#3074=ORIENTED_EDGE('',*,*,#2142,.F.);
#3075=ORIENTED_EDGE('',*,*,#2129,.T.);
#3076=ORIENTED_EDGE('',*,*,#2141,.T.);
#3077=ORIENTED_EDGE('',*,*,#2115,.T.);
#3078=ORIENTED_EDGE('',*,*,#2147,.F.);
#3079=ORIENTED_EDGE('',*,*,#2133,.T.);
#3080=ORIENTED_EDGE('',*,*,#2148,.F.);
#3081=ORIENTED_EDGE('',*,*,#2149,.F.);
#3082=ORIENTED_EDGE('',*,*,#2150,.T.);
#3083=ORIENTED_EDGE('',*,*,#1979,.T.);
#3084=ORIENTED_EDGE('',*,*,#2083,.T.);
#3085=ORIENTED_EDGE('',*,*,#1968,.T.);
#3086=ORIENTED_EDGE('',*,*,#2031,.T.);
#3087=ORIENTED_EDGE('',*,*,#1982,.T.);
#3088=ORIENTED_EDGE('',*,*,#2151,.T.);
#3089=ORIENTED_EDGE('',*,*,#1988,.T.);
#3090=ORIENTED_EDGE('',*,*,#2052,.T.);
#3091=ORIENTED_EDGE('',*,*,#1972,.T.);
#3092=ORIENTED_EDGE('',*,*,#2104,.T.);
#3093=ORIENTED_EDGE('',*,*,#1980,.T.);
#3094=ORIENTED_EDGE('',*,*,#2150,.F.);
#3095=ORIENTED_EDGE('',*,*,#2122,.T.);
#3096=ORIENTED_EDGE('',*,*,#2126,.T.);
#3097=ORIENTED_EDGE('',*,*,#2152,.F.);
#3098=ORIENTED_EDGE('',*,*,#2108,.T.);
#3099=ORIENTED_EDGE('',*,*,#2123,.T.);
#3100=ORIENTED_EDGE('',*,*,#2109,.T.);
#3101=ORIENTED_EDGE('',*,*,#2151,.F.);
#3102=ORIENTED_EDGE('',*,*,#2127,.T.);
#3103=ORIENTED_EDGE('',*,*,#2146,.F.);
#3104=ORIENTED_EDGE('',*,*,#2145,.F.);
#3105=ORIENTED_EDGE('',*,*,#2153,.T.);
#3106=ORIENTED_EDGE('',*,*,#2149,.T.);
#3107=ORIENTED_EDGE('',*,*,#2148,.T.);
#3108=ORIENTED_EDGE('',*,*,#2153,.F.);
#3109=ORIENTED_EDGE('',*,*,#2114,.T.);
#3110=ORIENTED_EDGE('',*,*,#2154,.F.);
#3111=ORIENTED_EDGE('',*,*,#2134,.T.);
#3112=ORIENTED_EDGE('',*,*,#2147,.T.);
#3113=ORIENTED_EDGE('',*,*,#2113,.T.);
#3114=ORIENTED_EDGE('',*,*,#1959,.T.);
#3115=ORIENTED_EDGE('',*,*,#2135,.T.);
#3116=ORIENTED_EDGE('',*,*,#2154,.T.);
#3117=ORIENTED_EDGE('',*,*,#1772,.T.);
#3118=ORIENTED_EDGE('',*,*,#2112,.T.);
#3119=ORIENTED_EDGE('',*,*,#2138,.T.);
#3120=ORIENTED_EDGE('',*,*,#2136,.T.);
#3121=ORIENTED_EDGE('',*,*,#2155,.F.);
#3122=ORIENTED_EDGE('',*,*,#2156,.F.);
#3123=ORIENTED_EDGE('',*,*,#2157,.T.);
#3124=ORIENTED_EDGE('',*,*,#1817,.T.);
#3125=ORIENTED_EDGE('',*,*,#1818,.T.);
#3126=ORIENTED_EDGE('',*,*,#2157,.F.);
#3127=ORIENTED_EDGE('',*,*,#2152,.T.);
#3128=ORIENTED_EDGE('',*,*,#2125,.F.);
#3129=ORIENTED_EDGE('',*,*,#1984,.T.);
#3130=ORIENTED_EDGE('',*,*,#1991,.F.);
#3131=ORIENTED_EDGE('',*,*,#2030,.T.);
#3132=ORIENTED_EDGE('',*,*,#2010,.F.);
#3133=ORIENTED_EDGE('',*,*,#1970,.T.);
#3134=ORIENTED_EDGE('',*,*,#2061,.F.);
#3135=ORIENTED_EDGE('',*,*,#2082,.T.);
#3136=ORIENTED_EDGE('',*,*,#2056,.F.);
#3137=ORIENTED_EDGE('',*,*,#1977,.T.);
#3138=ORIENTED_EDGE('',*,*,#2158,.T.);
#3139=ORIENTED_EDGE('',*,*,#2156,.T.);
#3140=ORIENTED_EDGE('',*,*,#2155,.T.);
#3141=ORIENTED_EDGE('',*,*,#2158,.F.);
#3142=ORIENTED_EDGE('',*,*,#1976,.T.);
#3143=ORIENTED_EDGE('',*,*,#2085,.F.);
#3144=ORIENTED_EDGE('',*,*,#2103,.T.);
#3145=ORIENTED_EDGE('',*,*,#2094,.F.);
#3146=ORIENTED_EDGE('',*,*,#1974,.T.);
#3147=ORIENTED_EDGE('',*,*,#2033,.F.);
#3148=ORIENTED_EDGE('',*,*,#2051,.T.);
#3149=ORIENTED_EDGE('',*,*,#2042,.F.);
#3150=ORIENTED_EDGE('',*,*,#1986,.T.);
#3151=ORIENTED_EDGE('',*,*,#2106,.F.);
#3152=ORIENTED_EDGE('',*,*,#2159,.T.);
#3153=ORIENTED_EDGE('',*,*,#2160,.T.);
#3154=ORIENTED_EDGE('',*,*,#2161,.T.);
#3155=ORIENTED_EDGE('',*,*,#2162,.T.);
#3156=ORIENTED_EDGE('',*,*,#2163,.F.);
#3157=ORIENTED_EDGE('',*,*,#2164,.T.);
#3158=ORIENTED_EDGE('',*,*,#2165,.T.);
#3159=ORIENTED_EDGE('',*,*,#2166,.T.);
#3160=ORIENTED_EDGE('',*,*,#2167,.T.);
#3161=ORIENTED_EDGE('',*,*,#2168,.T.);
#3162=ORIENTED_EDGE('',*,*,#2169,.T.);
#3163=ORIENTED_EDGE('',*,*,#2170,.T.);
#3164=ORIENTED_EDGE('',*,*,#2171,.T.);
#3165=ORIENTED_EDGE('',*,*,#2172,.T.);
#3166=ORIENTED_EDGE('',*,*,#2173,.T.);
#3167=ORIENTED_EDGE('',*,*,#2174,.F.);
#3168=ORIENTED_EDGE('',*,*,#2175,.T.);
#3169=ORIENTED_EDGE('',*,*,#2176,.T.);
#3170=ORIENTED_EDGE('',*,*,#2177,.T.);
#3171=ORIENTED_EDGE('',*,*,#2178,.T.);
#3172=ORIENTED_EDGE('',*,*,#2179,.T.);
#3173=ORIENTED_EDGE('',*,*,#2180,.F.);
#3174=ORIENTED_EDGE('',*,*,#2181,.T.);
#3175=ORIENTED_EDGE('',*,*,#2182,.T.);
#3176=ORIENTED_EDGE('',*,*,#2183,.T.);
#3177=ORIENTED_EDGE('',*,*,#2184,.T.);
#3178=ORIENTED_EDGE('',*,*,#2185,.T.);
#3179=ORIENTED_EDGE('',*,*,#2186,.F.);
#3180=ORIENTED_EDGE('',*,*,#2187,.T.);
#3181=ORIENTED_EDGE('',*,*,#2188,.T.);
#3182=ORIENTED_EDGE('',*,*,#2189,.T.);
#3183=ORIENTED_EDGE('',*,*,#2190,.T.);
#3184=ORIENTED_EDGE('',*,*,#2191,.T.);
#3185=ORIENTED_EDGE('',*,*,#2162,.F.);
#3186=ORIENTED_EDGE('',*,*,#2192,.T.);
#3187=ORIENTED_EDGE('',*,*,#2193,.T.);
#3188=ORIENTED_EDGE('',*,*,#2194,.T.);
#3189=ORIENTED_EDGE('',*,*,#2195,.T.);
#3190=ORIENTED_EDGE('',*,*,#2186,.T.);
#3191=ORIENTED_EDGE('',*,*,#2196,.T.);
#3192=ORIENTED_EDGE('',*,*,#2197,.T.);
#3193=ORIENTED_EDGE('',*,*,#2198,.T.);
#3194=ORIENTED_EDGE('',*,*,#2180,.T.);
#3195=ORIENTED_EDGE('',*,*,#2198,.F.);
#3196=ORIENTED_EDGE('',*,*,#2199,.F.);
#3197=ORIENTED_EDGE('',*,*,#2200,.F.);
#3198=ORIENTED_EDGE('',*,*,#2201,.F.);
#3199=ORIENTED_EDGE('',*,*,#2202,.F.);
#3200=ORIENTED_EDGE('',*,*,#2203,.F.);
#3201=ORIENTED_EDGE('',*,*,#2204,.F.);
#3202=ORIENTED_EDGE('',*,*,#2205,.F.);
#3203=ORIENTED_EDGE('',*,*,#2181,.F.);
#3204=ORIENTED_EDGE('',*,*,#2206,.T.);
#3205=ORIENTED_EDGE('',*,*,#2207,.T.);
#3206=ORIENTED_EDGE('',*,*,#2208,.T.);
#3207=ORIENTED_EDGE('',*,*,#2174,.T.);
#3208=ORIENTED_EDGE('',*,*,#2208,.F.);
#3209=ORIENTED_EDGE('',*,*,#2209,.F.);
#3210=ORIENTED_EDGE('',*,*,#2210,.F.);
#3211=ORIENTED_EDGE('',*,*,#2211,.F.);
#3212=ORIENTED_EDGE('',*,*,#2212,.F.);
#3213=ORIENTED_EDGE('',*,*,#2213,.F.);
#3214=ORIENTED_EDGE('',*,*,#2214,.F.);
#3215=ORIENTED_EDGE('',*,*,#2215,.F.);
#3216=ORIENTED_EDGE('',*,*,#2175,.F.);
#3217=ORIENTED_EDGE('',*,*,#2216,.F.);
#3218=ORIENTED_EDGE('',*,*,#2217,.F.);
#3219=ORIENTED_EDGE('',*,*,#2218,.F.);
#3220=ORIENTED_EDGE('',*,*,#2219,.F.);
#3221=ORIENTED_EDGE('',*,*,#2220,.F.);
#3222=ORIENTED_EDGE('',*,*,#2221,.F.);
#3223=ORIENTED_EDGE('',*,*,#2222,.F.);
#3224=ORIENTED_EDGE('',*,*,#2223,.F.);
#3225=ORIENTED_EDGE('',*,*,#2169,.F.);
#3226=ORIENTED_EDGE('',*,*,#2168,.F.);
#3227=ORIENTED_EDGE('',*,*,#2224,.T.);
#3228=ORIENTED_EDGE('',*,*,#2225,.F.);
#3229=ORIENTED_EDGE('',*,*,#2216,.T.);
#3230=ORIENTED_EDGE('',*,*,#2226,.F.);
#3231=ORIENTED_EDGE('',*,*,#2227,.T.);
#3232=ORIENTED_EDGE('',*,*,#2228,.T.);
#3233=ORIENTED_EDGE('',*,*,#2221,.T.);
#3234=ORIENTED_EDGE('',*,*,#2220,.T.);
#3235=ORIENTED_EDGE('',*,*,#2229,.T.);
#3236=ORIENTED_EDGE('',*,*,#2230,.T.);
#3237=ORIENTED_EDGE('',*,*,#2226,.T.);
#3238=ORIENTED_EDGE('',*,*,#2167,.F.);
#3239=ORIENTED_EDGE('',*,*,#2231,.T.);
#3240=ORIENTED_EDGE('',*,*,#2232,.F.);
#3241=ORIENTED_EDGE('',*,*,#2227,.F.);
#3242=ORIENTED_EDGE('',*,*,#2230,.F.);
#3243=ORIENTED_EDGE('',*,*,#2233,.F.);
#3244=ORIENTED_EDGE('',*,*,#2234,.F.);
#3245=ORIENTED_EDGE('',*,*,#2235,.F.);
#3246=ORIENTED_EDGE('',*,*,#2224,.F.);
#3247=ORIENTED_EDGE('',*,*,#2236,.T.);
#3248=ORIENTED_EDGE('',*,*,#2237,.T.);
#3249=ORIENTED_EDGE('',*,*,#2238,.T.);
#3250=ORIENTED_EDGE('',*,*,#2239,.T.);
#3251=ORIENTED_EDGE('',*,*,#2239,.F.);
#3252=ORIENTED_EDGE('',*,*,#2240,.T.);
#3253=ORIENTED_EDGE('',*,*,#2241,.F.);
#3254=ORIENTED_EDGE('',*,*,#2242,.T.);
#3255=ORIENTED_EDGE('',*,*,#2243,.T.);
#3256=ORIENTED_EDGE('',*,*,#2244,.T.);
#3257=ORIENTED_EDGE('',*,*,#2245,.T.);
#3258=ORIENTED_EDGE('',*,*,#2246,.T.);
#3259=ORIENTED_EDGE('',*,*,#2247,.T.);
#3260=ORIENTED_EDGE('',*,*,#2247,.F.);
#3261=ORIENTED_EDGE('',*,*,#2248,.T.);
#3262=ORIENTED_EDGE('',*,*,#2249,.F.);
#3263=ORIENTED_EDGE('',*,*,#2250,.T.);
#3264=ORIENTED_EDGE('',*,*,#2251,.T.);
#3265=ORIENTED_EDGE('',*,*,#2252,.T.);
#3266=ORIENTED_EDGE('',*,*,#2203,.T.);
#3267=ORIENTED_EDGE('',*,*,#2253,.T.);
#3268=ORIENTED_EDGE('',*,*,#2253,.F.);
#3269=ORIENTED_EDGE('',*,*,#2202,.T.);
#3270=ORIENTED_EDGE('',*,*,#2254,.F.);
#3271=ORIENTED_EDGE('',*,*,#2255,.T.);
#3272=ORIENTED_EDGE('',*,*,#2256,.T.);
#3273=ORIENTED_EDGE('',*,*,#2257,.T.);
#3274=ORIENTED_EDGE('',*,*,#2213,.T.);
#3275=ORIENTED_EDGE('',*,*,#2258,.T.);
#3276=ORIENTED_EDGE('',*,*,#2206,.F.);
#3277=ORIENTED_EDGE('',*,*,#2173,.F.);
#3278=ORIENTED_EDGE('',*,*,#2259,.T.);
#3279=ORIENTED_EDGE('',*,*,#2260,.F.);
#3280=ORIENTED_EDGE('',*,*,#2256,.F.);
#3281=ORIENTED_EDGE('',*,*,#2261,.F.);
#3282=ORIENTED_EDGE('',*,*,#2262,.F.);
#3283=ORIENTED_EDGE('',*,*,#2263,.F.);
#3284=ORIENTED_EDGE('',*,*,#2264,.F.);
#3285=ORIENTED_EDGE('',*,*,#2258,.F.);
#3286=ORIENTED_EDGE('',*,*,#2212,.T.);
#3287=ORIENTED_EDGE('',*,*,#2265,.F.);
#3288=ORIENTED_EDGE('',*,*,#2261,.T.);
#3289=ORIENTED_EDGE('',*,*,#2266,.F.);
#3290=ORIENTED_EDGE('',*,*,#2267,.T.);
#3291=ORIENTED_EDGE('',*,*,#2163,.T.);
#3292=ORIENTED_EDGE('',*,*,#2267,.F.);
#3293=ORIENTED_EDGE('',*,*,#2217,.T.);
#3294=ORIENTED_EDGE('',*,*,#2225,.T.);
#3295=ORIENTED_EDGE('',*,*,#2235,.T.);
#3296=ORIENTED_EDGE('',*,*,#2268,.F.);
#3297=ORIENTED_EDGE('',*,*,#2268,.T.);
#3298=ORIENTED_EDGE('',*,*,#2234,.T.);
#3299=ORIENTED_EDGE('',*,*,#2269,.F.);
#3300=ORIENTED_EDGE('',*,*,#2218,.T.);
#3301=ORIENTED_EDGE('',*,*,#2269,.T.);
#3302=ORIENTED_EDGE('',*,*,#2233,.T.);
#3303=ORIENTED_EDGE('',*,*,#2229,.F.);
#3304=ORIENTED_EDGE('',*,*,#2219,.T.);
#3305=ORIENTED_EDGE('',*,*,#2159,.F.);
#3306=ORIENTED_EDGE('',*,*,#2191,.F.);
#3307=ORIENTED_EDGE('',*,*,#2270,.T.);
#3308=ORIENTED_EDGE('',*,*,#2271,.F.);
#3309=ORIENTED_EDGE('',*,*,#2236,.F.);
#3310=ORIENTED_EDGE('',*,*,#2242,.F.);
#3311=ORIENTED_EDGE('',*,*,#2272,.F.);
#3312=ORIENTED_EDGE('',*,*,#2273,.F.);
#3313=ORIENTED_EDGE('',*,*,#2274,.F.);
#3314=ORIENTED_EDGE('',*,*,#2241,.T.);
#3315=ORIENTED_EDGE('',*,*,#2275,.T.);
#3316=ORIENTED_EDGE('',*,*,#2276,.F.);
#3317=ORIENTED_EDGE('',*,*,#2272,.T.);
#3318=ORIENTED_EDGE('',*,*,#2193,.F.);
#3319=ORIENTED_EDGE('',*,*,#2185,.F.);
#3320=ORIENTED_EDGE('',*,*,#2277,.T.);
#3321=ORIENTED_EDGE('',*,*,#2278,.F.);
#3322=ORIENTED_EDGE('',*,*,#2243,.F.);
#3323=ORIENTED_EDGE('',*,*,#2250,.F.);
#3324=ORIENTED_EDGE('',*,*,#2279,.F.);
#3325=ORIENTED_EDGE('',*,*,#2280,.F.);
#3326=ORIENTED_EDGE('',*,*,#2281,.F.);
#3327=ORIENTED_EDGE('',*,*,#2249,.T.);
#3328=ORIENTED_EDGE('',*,*,#2282,.T.);
#3329=ORIENTED_EDGE('',*,*,#2283,.F.);
#3330=ORIENTED_EDGE('',*,*,#2279,.T.);
#3331=ORIENTED_EDGE('',*,*,#2196,.F.);
#3332=ORIENTED_EDGE('',*,*,#2179,.F.);
#3333=ORIENTED_EDGE('',*,*,#2284,.T.);
#3334=ORIENTED_EDGE('',*,*,#2285,.F.);
#3335=ORIENTED_EDGE('',*,*,#2251,.F.);
#3336=ORIENTED_EDGE('',*,*,#2255,.F.);
#3337=ORIENTED_EDGE('',*,*,#2286,.F.);
#3338=ORIENTED_EDGE('',*,*,#2287,.F.);
#3339=ORIENTED_EDGE('',*,*,#2288,.F.);
#3340=ORIENTED_EDGE('',*,*,#2254,.T.);
#3341=ORIENTED_EDGE('',*,*,#2201,.T.);
#3342=ORIENTED_EDGE('',*,*,#2289,.F.);
#3343=ORIENTED_EDGE('',*,*,#2286,.T.);
#3344=ORIENTED_EDGE('',*,*,#2265,.T.);
#3345=ORIENTED_EDGE('',*,*,#2211,.T.);
#3346=ORIENTED_EDGE('',*,*,#2290,.F.);
#3347=ORIENTED_EDGE('',*,*,#2262,.T.);
#3348=ORIENTED_EDGE('',*,*,#2276,.T.);
#3349=ORIENTED_EDGE('',*,*,#2291,.T.);
#3350=ORIENTED_EDGE('',*,*,#2292,.F.);
#3351=ORIENTED_EDGE('',*,*,#2273,.T.);
#3352=ORIENTED_EDGE('',*,*,#2283,.T.);
#3353=ORIENTED_EDGE('',*,*,#2293,.T.);
#3354=ORIENTED_EDGE('',*,*,#2294,.F.);
#3355=ORIENTED_EDGE('',*,*,#2280,.T.);
#3356=ORIENTED_EDGE('',*,*,#2289,.T.);
#3357=ORIENTED_EDGE('',*,*,#2200,.T.);
#3358=ORIENTED_EDGE('',*,*,#2295,.F.);
#3359=ORIENTED_EDGE('',*,*,#2287,.T.);
#3360=ORIENTED_EDGE('',*,*,#2290,.T.);
#3361=ORIENTED_EDGE('',*,*,#2210,.T.);
#3362=ORIENTED_EDGE('',*,*,#2296,.F.);
#3363=ORIENTED_EDGE('',*,*,#2263,.T.);
#3364=ORIENTED_EDGE('',*,*,#2292,.T.);
#3365=ORIENTED_EDGE('',*,*,#2297,.T.);
#3366=ORIENTED_EDGE('',*,*,#2160,.F.);
#3367=ORIENTED_EDGE('',*,*,#2274,.T.);
#3368=ORIENTED_EDGE('',*,*,#2294,.T.);
#3369=ORIENTED_EDGE('',*,*,#2298,.T.);
#3370=ORIENTED_EDGE('',*,*,#2194,.F.);
#3371=ORIENTED_EDGE('',*,*,#2281,.T.);
#3372=ORIENTED_EDGE('',*,*,#2295,.T.);
#3373=ORIENTED_EDGE('',*,*,#2199,.T.);
#3374=ORIENTED_EDGE('',*,*,#2197,.F.);
#3375=ORIENTED_EDGE('',*,*,#2288,.T.);
#3376=ORIENTED_EDGE('',*,*,#2296,.T.);
#3377=ORIENTED_EDGE('',*,*,#2209,.T.);
#3378=ORIENTED_EDGE('',*,*,#2207,.F.);
#3379=ORIENTED_EDGE('',*,*,#2264,.T.);
#3380=ORIENTED_EDGE('',*,*,#2166,.F.);
#3381=ORIENTED_EDGE('',*,*,#2299,.F.);
#3382=ORIENTED_EDGE('',*,*,#2164,.F.);
#3383=ORIENTED_EDGE('',*,*,#2300,.T.);
#3384=ORIENTED_EDGE('',*,*,#2301,.F.);
#3385=ORIENTED_EDGE('',*,*,#2302,.F.);
#3386=ORIENTED_EDGE('',*,*,#2303,.F.);
#3387=ORIENTED_EDGE('',*,*,#2304,.F.);
#3388=ORIENTED_EDGE('',*,*,#2305,.F.);
#3389=ORIENTED_EDGE('',*,*,#2231,.F.);
#3390=ORIENTED_EDGE('',*,*,#2192,.F.);
#3391=ORIENTED_EDGE('',*,*,#2161,.F.);
#3392=ORIENTED_EDGE('',*,*,#2297,.F.);
#3393=ORIENTED_EDGE('',*,*,#2291,.F.);
#3394=ORIENTED_EDGE('',*,*,#2275,.F.);
#3395=ORIENTED_EDGE('',*,*,#2240,.F.);
#3396=ORIENTED_EDGE('',*,*,#2238,.F.);
#3397=ORIENTED_EDGE('',*,*,#2306,.F.);
#3398=ORIENTED_EDGE('',*,*,#2300,.F.);
#3399=ORIENTED_EDGE('',*,*,#2190,.F.);
#3400=ORIENTED_EDGE('',*,*,#2307,.F.);
#3401=ORIENTED_EDGE('',*,*,#2188,.F.);
#3402=ORIENTED_EDGE('',*,*,#2308,.T.);
#3403=ORIENTED_EDGE('',*,*,#2309,.F.);
#3404=ORIENTED_EDGE('',*,*,#2310,.F.);
#3405=ORIENTED_EDGE('',*,*,#2311,.F.);
#3406=ORIENTED_EDGE('',*,*,#2312,.F.);
#3407=ORIENTED_EDGE('',*,*,#2313,.F.);
#3408=ORIENTED_EDGE('',*,*,#2270,.F.);
#3409=ORIENTED_EDGE('',*,*,#2187,.F.);
#3410=ORIENTED_EDGE('',*,*,#2195,.F.);
#3411=ORIENTED_EDGE('',*,*,#2298,.F.);
#3412=ORIENTED_EDGE('',*,*,#2293,.F.);
#3413=ORIENTED_EDGE('',*,*,#2282,.F.);
#3414=ORIENTED_EDGE('',*,*,#2248,.F.);
#3415=ORIENTED_EDGE('',*,*,#2246,.F.);
#3416=ORIENTED_EDGE('',*,*,#2314,.F.);
#3417=ORIENTED_EDGE('',*,*,#2308,.F.);
#3418=ORIENTED_EDGE('',*,*,#2184,.F.);
#3419=ORIENTED_EDGE('',*,*,#2315,.F.);
#3420=ORIENTED_EDGE('',*,*,#2182,.F.);
#3421=ORIENTED_EDGE('',*,*,#2205,.T.);
#3422=ORIENTED_EDGE('',*,*,#2316,.F.);
#3423=ORIENTED_EDGE('',*,*,#2317,.F.);
#3424=ORIENTED_EDGE('',*,*,#2318,.F.);
#3425=ORIENTED_EDGE('',*,*,#2319,.F.);
#3426=ORIENTED_EDGE('',*,*,#2320,.F.);
#3427=ORIENTED_EDGE('',*,*,#2277,.F.);
#3428=ORIENTED_EDGE('',*,*,#2178,.F.);
#3429=ORIENTED_EDGE('',*,*,#2321,.F.);
#3430=ORIENTED_EDGE('',*,*,#2176,.F.);
#3431=ORIENTED_EDGE('',*,*,#2215,.T.);
#3432=ORIENTED_EDGE('',*,*,#2322,.F.);
#3433=ORIENTED_EDGE('',*,*,#2323,.F.);
#3434=ORIENTED_EDGE('',*,*,#2324,.F.);
#3435=ORIENTED_EDGE('',*,*,#2325,.F.);
#3436=ORIENTED_EDGE('',*,*,#2326,.F.);
#3437=ORIENTED_EDGE('',*,*,#2284,.F.);
#3438=ORIENTED_EDGE('',*,*,#2321,.T.);
#3439=ORIENTED_EDGE('',*,*,#2177,.F.);
#3440=ORIENTED_EDGE('',*,*,#2315,.T.);
#3441=ORIENTED_EDGE('',*,*,#2183,.F.);
#3442=ORIENTED_EDGE('',*,*,#2307,.T.);
#3443=ORIENTED_EDGE('',*,*,#2189,.F.);
#3444=ORIENTED_EDGE('',*,*,#2327,.T.);
#3445=ORIENTED_EDGE('',*,*,#2328,.T.);
#3446=ORIENTED_EDGE('',*,*,#2244,.F.);
#3447=ORIENTED_EDGE('',*,*,#2278,.T.);
#3448=ORIENTED_EDGE('',*,*,#2320,.T.);
#3449=ORIENTED_EDGE('',*,*,#2329,.F.);
#3450=ORIENTED_EDGE('',*,*,#2316,.T.);
#3451=ORIENTED_EDGE('',*,*,#2204,.T.);
#3452=ORIENTED_EDGE('',*,*,#2252,.F.);
#3453=ORIENTED_EDGE('',*,*,#2285,.T.);
#3454=ORIENTED_EDGE('',*,*,#2326,.T.);
#3455=ORIENTED_EDGE('',*,*,#2330,.F.);
#3456=ORIENTED_EDGE('',*,*,#2322,.T.);
#3457=ORIENTED_EDGE('',*,*,#2214,.T.);
#3458=ORIENTED_EDGE('',*,*,#2257,.F.);
#3459=ORIENTED_EDGE('',*,*,#2260,.T.);
#3460=ORIENTED_EDGE('',*,*,#2331,.T.);
#3461=ORIENTED_EDGE('',*,*,#2332,.F.);
#3462=ORIENTED_EDGE('',*,*,#2333,.T.);
#3463=ORIENTED_EDGE('',*,*,#2222,.T.);
#3464=ORIENTED_EDGE('',*,*,#2228,.F.);
#3465=ORIENTED_EDGE('',*,*,#2232,.T.);
#3466=ORIENTED_EDGE('',*,*,#2305,.T.);
#3467=ORIENTED_EDGE('',*,*,#2334,.F.);
#3468=ORIENTED_EDGE('',*,*,#2301,.T.);
#3469=ORIENTED_EDGE('',*,*,#2306,.T.);
#3470=ORIENTED_EDGE('',*,*,#2237,.F.);
#3471=ORIENTED_EDGE('',*,*,#2271,.T.);
#3472=ORIENTED_EDGE('',*,*,#2313,.T.);
#3473=ORIENTED_EDGE('',*,*,#2335,.F.);
#3474=ORIENTED_EDGE('',*,*,#2309,.T.);
#3475=ORIENTED_EDGE('',*,*,#2314,.T.);
#3476=ORIENTED_EDGE('',*,*,#2245,.F.);
#3477=ORIENTED_EDGE('',*,*,#2328,.F.);
#3478=ORIENTED_EDGE('',*,*,#2336,.T.);
#3479=ORIENTED_EDGE('',*,*,#2324,.T.);
#3480=ORIENTED_EDGE('',*,*,#2337,.T.);
#3481=ORIENTED_EDGE('',*,*,#2318,.T.);
#3482=ORIENTED_EDGE('',*,*,#2338,.T.);
#3483=ORIENTED_EDGE('',*,*,#2311,.T.);
#3484=ORIENTED_EDGE('',*,*,#2339,.T.);
#3485=ORIENTED_EDGE('',*,*,#2303,.T.);
#3486=ORIENTED_EDGE('',*,*,#2340,.T.);
#3487=ORIENTED_EDGE('',*,*,#2325,.T.);
#3488=ORIENTED_EDGE('',*,*,#2337,.F.);
#3489=ORIENTED_EDGE('',*,*,#2323,.T.);
#3490=ORIENTED_EDGE('',*,*,#2330,.T.);
#3491=ORIENTED_EDGE('',*,*,#2319,.T.);
#3492=ORIENTED_EDGE('',*,*,#2338,.F.);
#3493=ORIENTED_EDGE('',*,*,#2317,.T.);
#3494=ORIENTED_EDGE('',*,*,#2329,.T.);
#3495=ORIENTED_EDGE('',*,*,#2312,.T.);
#3496=ORIENTED_EDGE('',*,*,#2339,.F.);
#3497=ORIENTED_EDGE('',*,*,#2310,.T.);
#3498=ORIENTED_EDGE('',*,*,#2335,.T.);
#3499=ORIENTED_EDGE('',*,*,#2304,.T.);
#3500=ORIENTED_EDGE('',*,*,#2340,.F.);
#3501=ORIENTED_EDGE('',*,*,#2302,.T.);
#3502=ORIENTED_EDGE('',*,*,#2334,.T.);
#3503=ORIENTED_EDGE('',*,*,#2331,.F.);
#3504=ORIENTED_EDGE('',*,*,#2259,.F.);
#3505=ORIENTED_EDGE('',*,*,#2172,.F.);
#3506=ORIENTED_EDGE('',*,*,#2341,.F.);
#3507=ORIENTED_EDGE('',*,*,#2170,.F.);
#3508=ORIENTED_EDGE('',*,*,#2223,.T.);
#3509=ORIENTED_EDGE('',*,*,#2333,.F.);
#3510=ORIENTED_EDGE('',*,*,#2342,.F.);
#3511=ORIENTED_EDGE('',*,*,#2343,.F.);
#3512=ORIENTED_EDGE('',*,*,#2344,.F.);
#3513=ORIENTED_EDGE('',*,*,#2343,.T.);
#3514=ORIENTED_EDGE('',*,*,#2345,.T.);
#3515=ORIENTED_EDGE('',*,*,#2341,.T.);
#3516=ORIENTED_EDGE('',*,*,#2171,.F.);
#3517=ORIENTED_EDGE('',*,*,#2266,.T.);
#3518=ORIENTED_EDGE('',*,*,#2327,.F.);
#3519=ORIENTED_EDGE('',*,*,#2336,.F.);
#3520=ORIENTED_EDGE('',*,*,#2344,.T.);
#3521=ORIENTED_EDGE('',*,*,#2345,.F.);
#3522=ORIENTED_EDGE('',*,*,#2342,.T.);
#3523=ORIENTED_EDGE('',*,*,#2332,.T.);
#3524=ORIENTED_EDGE('',*,*,#2299,.T.);
#3525=ORIENTED_EDGE('',*,*,#2165,.F.);
#3526=PLANE('',#4051);
#3527=PLANE('',#4053);
#3528=PLANE('',#4056);
#3529=PLANE('',#4058);
#3530=PLANE('',#4101);
#3531=PLANE('',#4104);
#3532=PLANE('',#4126);
#3533=PLANE('',#4132);
#3534=PLANE('',#4133);
#3535=PLANE('',#4172);
#3536=PLANE('',#4173);
#3537=PLANE('',#4177);
#3538=PLANE('',#4178);
#3539=PLANE('',#4179);
#3540=PLANE('',#4207);
#3541=PLANE('',#4208);
#3542=PLANE('',#4209);
#3543=PLANE('',#4210);
#3544=PLANE('',#4213);
#3545=PLANE('',#4214);
#3546=PLANE('',#4215);
#3547=PLANE('',#4235);
#3548=PLANE('',#4237);
#3549=PLANE('',#4238);
#3550=PLANE('',#4239);
#3551=PLANE('',#4242);
#3552=PLANE('',#4243);
#3553=PLANE('',#4261);
#3554=PLANE('',#4263);
#3555=PLANE('',#4264);
#3556=PLANE('',#4265);
#3557=PLANE('',#4266);
#3558=PLANE('',#4267);
#3559=PLANE('',#4281);
#3560=PLANE('',#4290);
#3561=PLANE('',#4291);
#3562=PLANE('',#4292);
#3563=PLANE('',#4293);
#3564=PLANE('',#4296);
#3565=PLANE('',#4297);
#3566=PLANE('',#4315);
#3567=PLANE('',#4317);
#3568=PLANE('',#4318);
#3569=PLANE('',#4319);
#3570=PLANE('',#4320);
#3571=PLANE('',#4323);
#3572=PLANE('',#4324);
#3573=PLANE('',#4325);
#3574=PLANE('',#4352);
#3575=PLANE('',#4361);
#3576=PLANE('',#4376);
#3577=PLANE('',#4379);
#3578=PLANE('',#4380);
#3579=PLANE('',#4383);
#3580=PLANE('',#4388);
#3581=PLANE('',#4389);
#3582=PLANE('',#4394);
#3583=PLANE('',#4400);
#3584=PLANE('',#4405);
#3585=PLANE('',#4408);
#3586=PLANE('',#4413);
#3587=PLANE('',#4417);
#3588=PLANE('',#4418);
#3589=PLANE('',#4419);
#3590=PLANE('',#4421);
#3591=PLANE('',#4422);
#3592=PLANE('',#4424);
#3593=PLANE('',#4425);
#3594=PLANE('',#4427);
#3595=PLANE('',#4437);
#3596=PLANE('',#4438);
#3597=PLANE('',#4439);
#3598=PLANE('',#4440);
#3599=PLANE('',#4441);
#3600=PLANE('',#4442);
#3601=PLANE('',#4443);
#3602=PLANE('',#4444);
#3603=PLANE('',#4445);
#3604=PLANE('',#4446);
#3605=PLANE('',#4466);
#3606=PLANE('',#4467);
#3607=PLANE('',#4468);
#3608=PLANE('',#4469);
#3609=PLANE('',#4470);
#3610=PLANE('',#4474);
#3611=PLANE('',#4475);
#3612=STYLED_ITEM('',(#7190),#3822);
#3613=STYLED_ITEM('',(#7190),#3823);
#3614=STYLED_ITEM('',(#7190),#3824);
#3615=STYLED_ITEM('',(#7190),#3825);
#3616=STYLED_ITEM('',(#7190),#3826);
#3617=STYLED_ITEM('',(#7191),#3827);
#3618=STYLED_ITEM('',(#7192),#3828);
#3619=STYLED_ITEM('',(#7191),#3829);
#3620=STYLED_ITEM('',(#7191),#3830);
#3621=STYLED_ITEM('',(#7191),#3831);
#3622=STYLED_ITEM('',(#7191),#3832);
#3623=STYLED_ITEM('',(#7191),#3833);
#3624=STYLED_ITEM('',(#7191),#3834);
#3625=STYLED_ITEM('',(#7191),#3835);
#3626=STYLED_ITEM('',(#7191),#3836);
#3627=STYLED_ITEM('',(#7191),#3837);
#3628=STYLED_ITEM('',(#7191),#3838);
#3629=STYLED_ITEM('',(#7191),#3839);
#3630=STYLED_ITEM('',(#7191),#3840);
#3631=STYLED_ITEM('',(#7191),#3841);
#3632=STYLED_ITEM('',(#7191),#3842);
#3633=STYLED_ITEM('',(#7191),#3843);
#3634=STYLED_ITEM('',(#7191),#3844);
#3635=STYLED_ITEM('',(#7191),#3845);
#3636=STYLED_ITEM('',(#7191),#3846);
#3637=STYLED_ITEM('',(#7192),#3847);
#3638=STYLED_ITEM('',(#7193),#3848);
#3639=STYLED_ITEM('',(#7193),#3849);
#3640=STYLED_ITEM('',(#7193),#3850);
#3641=STYLED_ITEM('',(#7193),#3851);
#3642=STYLED_ITEM('',(#7193),#3852);
#3643=STYLED_ITEM('',(#7193),#3853);
#3644=STYLED_ITEM('',(#7193),#3854);
#3645=STYLED_ITEM('',(#7193),#3855);
#3646=STYLED_ITEM('',(#7194),#3856);
#3647=STYLED_ITEM('',(#7195),#3857);
#3648=STYLED_ITEM('',(#7194),#3858);
#3649=STYLED_ITEM('',(#7195),#3859);
#3650=STYLED_ITEM('',(#7194),#3860);
#3651=STYLED_ITEM('',(#7194),#3861);
#3652=STYLED_ITEM('',(#7196),#3862);
#3653=STYLED_ITEM('',(#7196),#3863);
#3654=STYLED_ITEM('',(#7194),#3864);
#3655=STYLED_ITEM('',(#7194),#3865);
#3656=STYLED_ITEM('',(#7196),#3866);
#3657=STYLED_ITEM('',(#7196),#3867);
#3658=STYLED_ITEM('',(#7196),#3868);
#3659=STYLED_ITEM('',(#7194),#3869);
#3660=STYLED_ITEM('',(#7194),#3870);
#3661=STYLED_ITEM('',(#7195),#3871);
#3662=STYLED_ITEM('',(#7195),#3872);
#3663=STYLED_ITEM('',(#7195),#3873);
#3664=STYLED_ITEM('',(#7195),#3874);
#3665=STYLED_ITEM('',(#7195),#3875);
#3666=STYLED_ITEM('',(#7195),#3876);
#3667=STYLED_ITEM('',(#7195),#3877);
#3668=STYLED_ITEM('',(#7195),#3878);
#3669=STYLED_ITEM('',(#7196),#3879);
#3670=STYLED_ITEM('',(#7196),#3880);
#3671=STYLED_ITEM('',(#7196),#3881);
#3672=STYLED_ITEM('',(#7196),#3882);
#3673=STYLED_ITEM('',(#7196),#3883);
#3674=STYLED_ITEM('',(#7196),#3884);
#3675=STYLED_ITEM('',(#7196),#3885);
#3676=STYLED_ITEM('',(#7194),#3886);
#3677=STYLED_ITEM('',(#7196),#3887);
#3678=STYLED_ITEM('',(#7194),#3888);
#3679=STYLED_ITEM('',(#7196),#3889);
#3680=STYLED_ITEM('',(#7194),#3890);
#3681=STYLED_ITEM('',(#7194),#3891);
#3682=STYLED_ITEM('',(#7196),#3892);
#3683=STYLED_ITEM('',(#7196),#3893);
#3684=STYLED_ITEM('',(#7194),#3894);
#3685=STYLED_ITEM('',(#7196),#3895);
#3686=STYLED_ITEM('',(#7194),#3896);
#3687=STYLED_ITEM('',(#7196),#3897);
#3688=STYLED_ITEM('',(#7196),#3898);
#3689=STYLED_ITEM('',(#7196),#3899);
#3690=STYLED_ITEM('',(#7196),#3900);
#3691=STYLED_ITEM('',(#7196),#3901);
#3692=STYLED_ITEM('',(#7196),#3902);
#3693=STYLED_ITEM('',(#7194),#3903);
#3694=STYLED_ITEM('',(#7196),#3904);
#3695=STYLED_ITEM('',(#7194),#3905);
#3696=STYLED_ITEM('',(#7194),#3906);
#3697=STYLED_ITEM('',(#7196),#3907);
#3698=STYLED_ITEM('',(#7196),#3908);
#3699=STYLED_ITEM('',(#7194),#3909);
#3700=STYLED_ITEM('',(#7196),#3910);
#3701=STYLED_ITEM('',(#7194),#3911);
#3702=STYLED_ITEM('',(#7196),#3912);
#3703=STYLED_ITEM('',(#7196),#3913);
#3704=STYLED_ITEM('',(#7196),#3914);
#3705=STYLED_ITEM('',(#7196),#3915);
#3706=STYLED_ITEM('',(#7196),#3916);
#3707=STYLED_ITEM('',(#7196),#3917);
#3708=STYLED_ITEM('',(#7194),#3918);
#3709=STYLED_ITEM('',(#7196),#3919);
#3710=STYLED_ITEM('',(#7194),#3920);
#3711=STYLED_ITEM('',(#7194),#3921);
#3712=STYLED_ITEM('',(#7194),#3922);
#3713=STYLED_ITEM('',(#7196),#3923);
#3714=STYLED_ITEM('',(#7196),#3924);
#3715=STYLED_ITEM('',(#7196),#3925);
#3716=STYLED_ITEM('',(#7194),#3926);
#3717=STYLED_ITEM('',(#7196),#3927);
#3718=STYLED_ITEM('',(#7196),#3928);
#3719=STYLED_ITEM('',(#7196),#3929);
#3720=STYLED_ITEM('',(#7196),#3930);
#3721=STYLED_ITEM('',(#7196),#3931);
#3722=STYLED_ITEM('',(#7196),#3932);
#3723=STYLED_ITEM('',(#7196),#3933);
#3724=STYLED_ITEM('',(#7194),#3934);
#3725=STYLED_ITEM('',(#7196),#3935);
#3726=STYLED_ITEM('',(#7194),#3936);
#3727=STYLED_ITEM('',(#7194),#3937);
#3728=STYLED_ITEM('',(#7196),#3938);
#3729=STYLED_ITEM('',(#7196),#3939);
#3730=STYLED_ITEM('',(#7194),#3940);
#3731=STYLED_ITEM('',(#7196),#3941);
#3732=STYLED_ITEM('',(#7194),#3942);
#3733=STYLED_ITEM('',(#7196),#3943);
#3734=STYLED_ITEM('',(#7196),#3944);
#3735=STYLED_ITEM('',(#7196),#3945);
#3736=STYLED_ITEM('',(#7196),#3946);
#3737=STYLED_ITEM('',(#7196),#3947);
#3738=STYLED_ITEM('',(#7196),#3948);
#3739=STYLED_ITEM('',(#7196),#3949);
#3740=STYLED_ITEM('',(#7194),#3950);
#3741=STYLED_ITEM('',(#7196),#3951);
#3742=STYLED_ITEM('',(#7194),#3952);
#3743=STYLED_ITEM('',(#7196),#3953);
#3744=STYLED_ITEM('',(#7194),#3954);
#3745=STYLED_ITEM('',(#7194),#3955);
#3746=STYLED_ITEM('',(#7194),#3956);
#3747=STYLED_ITEM('',(#7194),#3957);
#3748=STYLED_ITEM('',(#7196),#3958);
#3749=STYLED_ITEM('',(#7196),#3959);
#3750=STYLED_ITEM('',(#7194),#3960);
#3751=STYLED_ITEM('',(#7194),#3961);
#3752=STYLED_ITEM('',(#7196),#3962);
#3753=STYLED_ITEM('',(#7194),#3963);
#3754=STYLED_ITEM('',(#7194),#3964);
#3755=STYLED_ITEM('',(#7196),#3965);
#3756=STYLED_ITEM('',(#7193),#3966);
#3757=STYLED_ITEM('',(#7193),#3967);
#3758=STYLED_ITEM('',(#7193),#3968);
#3759=STYLED_ITEM('',(#7193),#3969);
#3760=STYLED_ITEM('',(#7193),#3970);
#3761=STYLED_ITEM('',(#7193),#3971);
#3762=STYLED_ITEM('',(#7193),#3972);
#3763=STYLED_ITEM('',(#7193),#3973);
#3764=STYLED_ITEM('',(#7193),#3974);
#3765=STYLED_ITEM('',(#7193),#3975);
#3766=STYLED_ITEM('',(#7193),#3976);
#3767=STYLED_ITEM('',(#7193),#3977);
#3768=STYLED_ITEM('',(#7193),#3978);
#3769=STYLED_ITEM('',(#7193),#3979);
#3770=STYLED_ITEM('',(#7193),#3980);
#3771=STYLED_ITEM('',(#7193),#3981);
#3772=STYLED_ITEM('',(#7193),#3982);
#3773=STYLED_ITEM('',(#7193),#3983);
#3774=STYLED_ITEM('',(#7193),#3984);
#3775=STYLED_ITEM('',(#7193),#3985);
#3776=STYLED_ITEM('',(#7193),#3986);
#3777=STYLED_ITEM('',(#7193),#3987);
#3778=STYLED_ITEM('',(#7193),#3988);
#3779=STYLED_ITEM('',(#7193),#3989);
#3780=STYLED_ITEM('',(#7193),#3990);
#3781=STYLED_ITEM('',(#7193),#3991);
#3782=STYLED_ITEM('',(#7193),#3992);
#3783=STYLED_ITEM('',(#7193),#3993);
#3784=STYLED_ITEM('',(#7193),#3994);
#3785=STYLED_ITEM('',(#7193),#3995);
#3786=STYLED_ITEM('',(#7193),#3996);
#3787=STYLED_ITEM('',(#7193),#3997);
#3788=STYLED_ITEM('',(#7193),#3998);
#3789=STYLED_ITEM('',(#7193),#3999);
#3790=STYLED_ITEM('',(#7193),#4000);
#3791=STYLED_ITEM('',(#7193),#4001);
#3792=STYLED_ITEM('',(#7193),#4002);
#3793=STYLED_ITEM('',(#7193),#4003);
#3794=STYLED_ITEM('',(#7193),#4004);
#3795=STYLED_ITEM('',(#7193),#4005);
#3796=STYLED_ITEM('',(#7193),#4006);
#3797=STYLED_ITEM('',(#7193),#4007);
#3798=STYLED_ITEM('',(#7193),#4008);
#3799=STYLED_ITEM('',(#7193),#4009);
#3800=STYLED_ITEM('',(#7193),#4010);
#3801=STYLED_ITEM('',(#7193),#4011);
#3802=STYLED_ITEM('',(#7193),#4012);
#3803=STYLED_ITEM('',(#7193),#4013);
#3804=STYLED_ITEM('',(#7193),#4014);
#3805=STYLED_ITEM('',(#7193),#4015);
#3806=STYLED_ITEM('',(#7193),#4016);
#3807=STYLED_ITEM('',(#7193),#4017);
#3808=STYLED_ITEM('',(#7193),#4018);
#3809=STYLED_ITEM('',(#7193),#4019);
#3810=STYLED_ITEM('',(#7193),#4020);
#3811=STYLED_ITEM('',(#7193),#4021);
#3812=STYLED_ITEM('',(#7193),#4022);
#3813=STYLED_ITEM('',(#7193),#4023);
#3814=STYLED_ITEM('',(#7193),#4024);
#3815=STYLED_ITEM('',(#7193),#4025);
#3816=STYLED_ITEM('',(#7193),#4026);
#3817=STYLED_ITEM('',(#7193),#4027);
#3818=STYLED_ITEM('',(#7193),#4028);
#3819=STYLED_ITEM('',(#7193),#4029);
#3820=STYLED_ITEM('',(#7189),#13);
#3821=STYLED_ITEM('',(#7189),#14);
#3822=ADVANCED_FACE('',(#730),#3526,.T.);
#3823=ADVANCED_FACE('',(#731,#721),#3527,.T.);
#3824=ADVANCED_FACE('',(#732),#3528,.T.);
#3825=ADVANCED_FACE('',(#733,#722),#3529,.T.);
#3826=ADVANCED_FACE('',(#734),#672,.T.);
#3827=ADVANCED_FACE('',(#735),#673,.T.);
#3828=ADVANCED_FACE('',(#736),#674,.F.);
#3829=ADVANCED_FACE('',(#737),#190,.T.);
#3830=ADVANCED_FACE('',(#738),#191,.T.);
#3831=ADVANCED_FACE('',(#739),#192,.T.);
#3832=ADVANCED_FACE('',(#740),#193,.T.);
#3833=ADVANCED_FACE('',(#741,#723),#3530,.T.);
#3834=ADVANCED_FACE('',(#742,#724),#3531,.T.);
#3835=ADVANCED_FACE('',(#743),#675,.T.);
#3836=ADVANCED_FACE('',(#744),#676,.T.);
#3837=ADVANCED_FACE('',(#745),#677,.T.);
#3838=ADVANCED_FACE('',(#746),#678,.T.);
#3839=ADVANCED_FACE('',(#747),#194,.T.);
#3840=ADVANCED_FACE('',(#748),#679,.T.);
#3841=ADVANCED_FACE('',(#749),#195,.T.);
#3842=ADVANCED_FACE('',(#750),#680,.T.);
#3843=ADVANCED_FACE('',(#751,#725),#3532,.T.);
#3844=ADVANCED_FACE('',(#752),#196,.T.);
#3845=ADVANCED_FACE('',(#753,#726),#3533,.T.);
#3846=ADVANCED_FACE('',(#754,#727),#3534,.T.);
#3847=ADVANCED_FACE('',(#755),#681,.F.);
#3848=ADVANCED_FACE('',(#756),#197,.F.);
#3849=ADVANCED_FACE('',(#757),#198,.F.);
#3850=ADVANCED_FACE('',(#758),#682,.F.);
#3851=ADVANCED_FACE('',(#759),#199,.F.);
#3852=ADVANCED_FACE('',(#760),#683,.F.);
#3853=ADVANCED_FACE('',(#761),#200,.F.);
#3854=ADVANCED_FACE('',(#762),#684,.F.);
#3855=ADVANCED_FACE('',(#763),#201,.F.);
#3856=ADVANCED_FACE('',(#764),#202,.F.);
#3857=ADVANCED_FACE('',(#765),#203,.F.);
#3858=ADVANCED_FACE('',(#766),#204,.F.);
#3859=ADVANCED_FACE('',(#767),#205,.F.);
#3860=ADVANCED_FACE('',(#768),#206,.F.);
#3861=ADVANCED_FACE('',(#769),#207,.F.);
#3862=ADVANCED_FACE('',(#770),#3535,.T.);
#3863=ADVANCED_FACE('',(#771),#3536,.T.);
#3864=ADVANCED_FACE('',(#772),#208,.F.);
#3865=ADVANCED_FACE('',(#773),#209,.F.);
#3866=ADVANCED_FACE('',(#774),#3537,.T.);
#3867=ADVANCED_FACE('',(#775),#3538,.T.);
#3868=ADVANCED_FACE('',(#776),#3539,.T.);
#3869=ADVANCED_FACE('',(#777),#210,.F.);
#3870=ADVANCED_FACE('',(#778),#211,.F.);
#3871=ADVANCED_FACE('',(#779),#212,.F.);
#3872=ADVANCED_FACE('',(#780),#213,.F.);
#3873=ADVANCED_FACE('',(#781),#214,.T.);
#3874=ADVANCED_FACE('',(#782),#215,.T.);
#3875=ADVANCED_FACE('',(#783),#216,.T.);
#3876=ADVANCED_FACE('',(#784),#217,.T.);
#3877=ADVANCED_FACE('',(#785),#218,.T.);
#3878=ADVANCED_FACE('',(#786),#219,.F.);
#3879=ADVANCED_FACE('',(#787),#3540,.T.);
#3880=ADVANCED_FACE('',(#788),#3541,.T.);
#3881=ADVANCED_FACE('',(#789),#3542,.T.);
#3882=ADVANCED_FACE('',(#790),#3543,.F.);
#3883=ADVANCED_FACE('',(#791),#3544,.T.);
#3884=ADVANCED_FACE('',(#792),#3545,.T.);
#3885=ADVANCED_FACE('',(#793),#3546,.T.);
#3886=ADVANCED_FACE('',(#794),#220,.F.);
#3887=ADVANCED_FACE('',(#795),#685,.T.);
#3888=ADVANCED_FACE('',(#796),#221,.T.);
#3889=ADVANCED_FACE('',(#797),#222,.T.);
#3890=ADVANCED_FACE('',(#798),#686,.T.);
#3891=ADVANCED_FACE('',(#799),#687,.T.);
#3892=ADVANCED_FACE('',(#800),#15,.F.);
#3893=ADVANCED_FACE('',(#801),#688,.T.);
#3894=ADVANCED_FACE('',(#802),#223,.T.);
#3895=ADVANCED_FACE('',(#803),#3547,.T.);
#3896=ADVANCED_FACE('',(#804),#224,.F.);
#3897=ADVANCED_FACE('',(#805),#3548,.T.);
#3898=ADVANCED_FACE('',(#806),#3549,.T.);
#3899=ADVANCED_FACE('',(#807),#3550,.F.);
#3900=ADVANCED_FACE('',(#808),#3551,.T.);
#3901=ADVANCED_FACE('',(#809),#3552,.T.);
#3902=ADVANCED_FACE('',(#810),#689,.T.);
#3903=ADVANCED_FACE('',(#811),#225,.T.);
#3904=ADVANCED_FACE('',(#812),#226,.T.);
#3905=ADVANCED_FACE('',(#813),#690,.T.);
#3906=ADVANCED_FACE('',(#814),#691,.T.);
#3907=ADVANCED_FACE('',(#815),#16,.F.);
#3908=ADVANCED_FACE('',(#816),#692,.T.);
#3909=ADVANCED_FACE('',(#817),#227,.T.);
#3910=ADVANCED_FACE('',(#818),#3553,.T.);
#3911=ADVANCED_FACE('',(#819),#228,.F.);
#3912=ADVANCED_FACE('',(#820),#3554,.T.);
#3913=ADVANCED_FACE('',(#821),#3555,.T.);
#3914=ADVANCED_FACE('',(#822),#3556,.T.);
#3915=ADVANCED_FACE('',(#823),#3557,.T.);
#3916=ADVANCED_FACE('',(#824),#3558,.T.);
#3917=ADVANCED_FACE('',(#825),#693,.T.);
#3918=ADVANCED_FACE('',(#826),#229,.T.);
#3919=ADVANCED_FACE('',(#827),#230,.T.);
#3920=ADVANCED_FACE('',(#828),#694,.T.);
#3921=ADVANCED_FACE('',(#829),#231,.F.);
#3922=ADVANCED_FACE('',(#830),#695,.T.);
#3923=ADVANCED_FACE('',(#831),#3559,.F.);
#3924=ADVANCED_FACE('',(#832),#17,.F.);
#3925=ADVANCED_FACE('',(#833),#696,.T.);
#3926=ADVANCED_FACE('',(#834),#232,.T.);
#3927=ADVANCED_FACE('',(#835),#3560,.T.);
#3928=ADVANCED_FACE('',(#836),#3561,.T.);
#3929=ADVANCED_FACE('',(#837),#3562,.T.);
#3930=ADVANCED_FACE('',(#838),#3563,.F.);
#3931=ADVANCED_FACE('',(#839),#3564,.T.);
#3932=ADVANCED_FACE('',(#840),#3565,.T.);
#3933=ADVANCED_FACE('',(#841),#697,.T.);
#3934=ADVANCED_FACE('',(#842),#233,.T.);
#3935=ADVANCED_FACE('',(#843),#234,.T.);
#3936=ADVANCED_FACE('',(#844),#698,.T.);
#3937=ADVANCED_FACE('',(#845),#699,.T.);
#3938=ADVANCED_FACE('',(#846),#18,.F.);
#3939=ADVANCED_FACE('',(#847),#700,.T.);
#3940=ADVANCED_FACE('',(#848),#235,.T.);
#3941=ADVANCED_FACE('',(#849),#3566,.T.);
#3942=ADVANCED_FACE('',(#850),#236,.F.);
#3943=ADVANCED_FACE('',(#851),#3567,.T.);
#3944=ADVANCED_FACE('',(#852),#3568,.T.);
#3945=ADVANCED_FACE('',(#853),#3569,.T.);
#3946=ADVANCED_FACE('',(#854),#3570,.F.);
#3947=ADVANCED_FACE('',(#855),#3571,.T.);
#3948=ADVANCED_FACE('',(#856),#3572,.T.);
#3949=ADVANCED_FACE('',(#857),#3573,.T.);
#3950=ADVANCED_FACE('',(#858),#237,.F.);
#3951=ADVANCED_FACE('',(#859),#701,.T.);
#3952=ADVANCED_FACE('',(#860),#238,.T.);
#3953=ADVANCED_FACE('',(#861),#239,.T.);
#3954=ADVANCED_FACE('',(#862),#240,.T.);
#3955=ADVANCED_FACE('',(#863),#702,.T.);
#3956=ADVANCED_FACE('',(#864),#703,.T.);
#3957=ADVANCED_FACE('',(#865),#241,.T.);
#3958=ADVANCED_FACE('',(#866),#19,.F.);
#3959=ADVANCED_FACE('',(#867),#704,.T.);
#3960=ADVANCED_FACE('',(#868),#242,.T.);
#3961=ADVANCED_FACE('',(#869),#243,.T.);
#3962=ADVANCED_FACE('',(#870),#3574,.T.);
#3963=ADVANCED_FACE('',(#871),#244,.F.);
#3964=ADVANCED_FACE('',(#872),#245,.F.);
#3965=ADVANCED_FACE('',(#873),#246,.F.);
#3966=ADVANCED_FACE('',(#874),#705,.T.);
#3967=ADVANCED_FACE('',(#875,#728),#3575,.T.);
#3968=ADVANCED_FACE('',(#876),#706,.T.);
#3969=ADVANCED_FACE('',(#877),#707,.T.);
#3970=ADVANCED_FACE('',(#878),#3576,.F.);
#3971=ADVANCED_FACE('',(#879),#708,.T.);
#3972=ADVANCED_FACE('',(#880),#3577,.F.);
#3973=ADVANCED_FACE('',(#881),#3578,.F.);
#3974=ADVANCED_FACE('',(#882),#709,.T.);
#3975=ADVANCED_FACE('',(#883),#3579,.T.);
#3976=ADVANCED_FACE('',(#884),#710,.T.);
#3977=ADVANCED_FACE('',(#885),#3580,.F.);
#3978=ADVANCED_FACE('',(#886),#3581,.T.);
#3979=ADVANCED_FACE('',(#887),#711,.T.);
#3980=ADVANCED_FACE('',(#888),#3582,.T.);
#3981=ADVANCED_FACE('',(#889),#712,.T.);
#3982=ADVANCED_FACE('',(#890),#3583,.T.);
#3983=ADVANCED_FACE('',(#891),#713,.T.);
#3984=ADVANCED_FACE('',(#892),#3584,.T.);
#3985=ADVANCED_FACE('',(#893),#3585,.F.);
#3986=ADVANCED_FACE('',(#894),#714,.T.);
#3987=ADVANCED_FACE('',(#895),#715,.T.);
#3988=ADVANCED_FACE('',(#896),#3586,.T.);
#3989=ADVANCED_FACE('',(#897),#716,.F.);
#3990=ADVANCED_FACE('',(#898),#3587,.T.);
#3991=ADVANCED_FACE('',(#899),#3588,.F.);
#3992=ADVANCED_FACE('',(#900),#3589,.T.);
#3993=ADVANCED_FACE('',(#901),#3590,.F.);
#3994=ADVANCED_FACE('',(#902),#3591,.T.);
#3995=ADVANCED_FACE('',(#903),#3592,.F.);
#3996=ADVANCED_FACE('',(#904),#3593,.T.);
#3997=ADVANCED_FACE('',(#905),#3594,.T.);
#3998=ADVANCED_FACE('',(#906),#717,.F.);
#3999=ADVANCED_FACE('',(#907),#718,.F.);
#4000=ADVANCED_FACE('',(#908),#719,.F.);
#4001=ADVANCED_FACE('',(#909),#720,.F.);
#4002=ADVANCED_FACE('',(#910),#3595,.T.);
#4003=ADVANCED_FACE('',(#911),#3596,.T.);
#4004=ADVANCED_FACE('',(#912),#3597,.T.);
#4005=ADVANCED_FACE('',(#913),#3598,.T.);
#4006=ADVANCED_FACE('',(#914),#3599,.F.);
#4007=ADVANCED_FACE('',(#915),#3600,.F.);
#4008=ADVANCED_FACE('',(#916),#3601,.F.);
#4009=ADVANCED_FACE('',(#917),#3602,.F.);
#4010=ADVANCED_FACE('',(#918),#3603,.F.);
#4011=ADVANCED_FACE('',(#919),#3604,.F.);
#4012=ADVANCED_FACE('',(#920),#20,.F.);
#4013=ADVANCED_FACE('',(#921),#21,.F.);
#4014=ADVANCED_FACE('',(#922),#22,.F.);
#4015=ADVANCED_FACE('',(#923),#247,.F.);
#4016=ADVANCED_FACE('',(#924),#23,.F.);
#4017=ADVANCED_FACE('',(#925),#24,.F.);
#4018=ADVANCED_FACE('',(#926),#25,.F.);
#4019=ADVANCED_FACE('',(#927),#26,.F.);
#4020=ADVANCED_FACE('',(#928),#3605,.T.);
#4021=ADVANCED_FACE('',(#929),#3606,.T.);
#4022=ADVANCED_FACE('',(#930),#3607,.T.);
#4023=ADVANCED_FACE('',(#931),#3608,.T.);
#4024=ADVANCED_FACE('',(#932),#3609,.F.);
#4025=ADVANCED_FACE('',(#933),#27,.F.);
#4026=ADVANCED_FACE('',(#934),#28,.F.);
#4027=ADVANCED_FACE('',(#935,#729),#3610,.T.);
#4028=ADVANCED_FACE('',(#936),#3611,.T.);
#4029=ADVANCED_FACE('',(#937),#29,.F.);
#4030=CLOSED_SHELL('',(#3822,#3823,#3824,#3825,#3826,#3827,#3828,#3829,
#3830,#3831,#3832,#3833,#3834,#3835,#3836,#3837,#3838,#3839,#3840,#3841,
#3842,#3843,#3844,#3845,#3846,#3847,#3848,#3849,#3850,#3851,#3852,#3853,
#3854,#3855,#3856,#3857,#3858,#3859,#3860,#3861,#3862,#3863,#3864,#3865,
#3866,#3867,#3868,#3869,#3870,#3871,#3872,#3873,#3874,#3875,#3876,#3877,
#3878,#3879,#3880,#3881,#3882,#3883,#3884,#3885,#3886,#3887,#3888,#3889,
#3890,#3891,#3892,#3893,#3894,#3895,#3896,#3897,#3898,#3899,#3900,#3901,
#3902,#3903,#3904,#3905,#3906,#3907,#3908,#3909,#3910,#3911,#3912,#3913,
#3914,#3915,#3916,#3917,#3918,#3919,#3920,#3921,#3922,#3923,#3924,#3925,
#3926,#3927,#3928,#3929,#3930,#3931,#3932,#3933,#3934,#3935,#3936,#3937,
#3938,#3939,#3940,#3941,#3942,#3943,#3944,#3945,#3946,#3947,#3948,#3949,
#3950,#3951,#3952,#3953,#3954,#3955,#3956,#3957,#3958,#3959,#3960,#3961,
#3962,#3963,#3964,#3965));
#4031=CLOSED_SHELL('',(#3966,#3967,#3968,#3969,#3970,#3971,#3972,#3973,
#3974,#3975,#3976,#3977,#3978,#3979,#3980,#3981,#3982,#3983,#3984,#3985,
#3986,#3987,#3988,#3989,#3990,#3991,#3992,#3993,#3994,#3995,#3996,#3997,
#3998,#3999,#4000,#4001,#4002,#4003,#4004,#4005,#4006,#4007,#4008,#4009,
#4010,#4011,#4012,#4013,#4014,#4015,#4016,#4017,#4018,#4019,#4020,#4021,
#4022,#4023,#4024,#4025,#4026,#4027,#4028,#4029));
#4032=DERIVED_UNIT_ELEMENT(#4034,1.);
#4033=DERIVED_UNIT_ELEMENT(#7175,3.);
#4034=(
MASS_UNIT()
NAMED_UNIT(*)
SI_UNIT($,.GRAM.)
);
#4035=DERIVED_UNIT((#4032,#4033));
#4036=MEASURE_REPRESENTATION_ITEM('density measure',
POSITIVE_RATIO_MEASURE(1.),#4035);
#4037=PROPERTY_DEFINITION_REPRESENTATION(#4042,#4039);
#4038=PROPERTY_DEFINITION_REPRESENTATION(#4043,#4040);
#4039=REPRESENTATION('material name',(#4041),#7172);
#4040=REPRESENTATION('density',(#4036),#7172);
#4041=DESCRIPTIVE_REPRESENTATION_ITEM('Generisch','Generisch');
#4042=PROPERTY_DEFINITION('material property','material name',#7182);
#4043=PROPERTY_DEFINITION('material property','density of part',#7182);
#4044=DATE_TIME_ROLE('creation_date');
#4045=APPLIED_DATE_AND_TIME_ASSIGNMENT(#4046,#4044,(#7182));
#4046=DATE_AND_TIME(#4047,#4048);
#4047=CALENDAR_DATE(2022,23,8);
#4048=LOCAL_TIME(9,19,58.,#4049);
#4049=COORDINATED_UNIVERSAL_TIME_OFFSET(0,0,.BEHIND.);
#4050=AXIS2_PLACEMENT_3D('placement',#5543,#4477,#4478);
#4051=AXIS2_PLACEMENT_3D('',#5544,#4479,#4480);
#4052=AXIS2_PLACEMENT_3D('',#5546,#4481,#4482);
#4053=AXIS2_PLACEMENT_3D('',#5547,#4483,#4484);
#4054=AXIS2_PLACEMENT_3D('',#5549,#4485,#4486);
#4055=AXIS2_PLACEMENT_3D('',#5551,#4487,#4488);
#4056=AXIS2_PLACEMENT_3D('',#5552,#4489,#4490);
#4057=AXIS2_PLACEMENT_3D('',#5554,#4491,#4492);
#4058=AXIS2_PLACEMENT_3D('',#5555,#4493,#4494);
#4059=AXIS2_PLACEMENT_3D('',#5557,#4495,#4496);
#4060=AXIS2_PLACEMENT_3D('',#5559,#4497,#4498);
#4061=AXIS2_PLACEMENT_3D('',#5560,#4499,#4500);
#4062=AXIS2_PLACEMENT_3D('',#5562,#4502,#4503);
#4063=AXIS2_PLACEMENT_3D('',#5564,#4504,#4505);
#4064=AXIS2_PLACEMENT_3D('',#5566,#4507,#4508);
#4065=AXIS2_PLACEMENT_3D('',#5569,#4509,#4510);
#4066=AXIS2_PLACEMENT_3D('',#5570,#4511,#4512);
#4067=AXIS2_PLACEMENT_3D('',#5572,#4514,#4515);
#4068=AXIS2_PLACEMENT_3D('',#5574,#4516,#4517);
#4069=AXIS2_PLACEMENT_3D('',#5578,#4519,#4520);
#4070=AXIS2_PLACEMENT_3D('',#5584,#4521,#4522);
#4071=AXIS2_PLACEMENT_3D('',#5590,#4523,#4524);
#4072=AXIS2_PLACEMENT_3D('',#5596,#4525,#4526);
#4073=AXIS2_PLACEMENT_3D('',#5602,#4527,#4528);
#4074=AXIS2_PLACEMENT_3D('',#5608,#4529,#4530);
#4075=AXIS2_PLACEMENT_3D('',#5614,#4531,#4532);
#4076=AXIS2_PLACEMENT_3D('',#5620,#4533,#4534);
#4077=AXIS2_PLACEMENT_3D('',#5626,#4535,#4536);
#4078=AXIS2_PLACEMENT_3D('',#5632,#4537,#4538);
#4079=AXIS2_PLACEMENT_3D('',#5637,#4539,#4540);
#4080=AXIS2_PLACEMENT_3D('',#5638,#4541,#4542);
#4081=AXIS2_PLACEMENT_3D('',#5641,#4543,#4544);
#4082=AXIS2_PLACEMENT_3D('',#5647,#4545,#4546);
#4083=AXIS2_PLACEMENT_3D('',#5653,#4547,#4548);
#4084=AXIS2_PLACEMENT_3D('',#5659,#4549,#4550);
#4085=AXIS2_PLACEMENT_3D('',#5665,#4551,#4552);
#4086=AXIS2_PLACEMENT_3D('',#5671,#4553,#4554);
#4087=AXIS2_PLACEMENT_3D('',#5677,#4555,#4556);
#4088=AXIS2_PLACEMENT_3D('',#5683,#4557,#4558);
#4089=AXIS2_PLACEMENT_3D('',#5689,#4559,#4560);
#4090=AXIS2_PLACEMENT_3D('',#5695,#4561,#4562);
#4091=AXIS2_PLACEMENT_3D('',#5700,#4563,#4564);
#4092=AXIS2_PLACEMENT_3D('',#5703,#4566,#4567);
#4093=AXIS2_PLACEMENT_3D('',#5704,#4568,#4569);
#4094=AXIS2_PLACEMENT_3D('',#5707,#4570,#4571);
#4095=AXIS2_PLACEMENT_3D('',#5708,#4572,#4573);
#4096=AXIS2_PLACEMENT_3D('',#5712,#4575,#4576);
#4097=AXIS2_PLACEMENT_3D('',#5713,#4577,#4578);
#4098=AXIS2_PLACEMENT_3D('',#5714,#4579,#4580);
#4099=AXIS2_PLACEMENT_3D('',#5716,#4581,#4582);
#4100=AXIS2_PLACEMENT_3D('',#5719,#4584,#4585);
#4101=AXIS2_PLACEMENT_3D('',#5720,#4586,#4587);
#4102=AXIS2_PLACEMENT_3D('',#5722,#4588,#4589);
#4103=AXIS2_PLACEMENT_3D('',#5724,#4590,#4591);
#4104=AXIS2_PLACEMENT_3D('',#5725,#4592,#4593);
#4105=AXIS2_PLACEMENT_3D('',#5727,#4594,#4595);
#4106=AXIS2_PLACEMENT_3D('',#5728,#4596,#4597);
#4107=AXIS2_PLACEMENT_3D('',#5731,#4599,#4600);
#4108=AXIS2_PLACEMENT_3D('',#5732,#4601,#4602);
#4109=AXIS2_PLACEMENT_3D('',#5738,#4605,#4606);
#4110=AXIS2_PLACEMENT_3D('',#5743,#4609,#4610);
#4111=AXIS2_PLACEMENT_3D('',#5744,#4611,#4612);
#4112=AXIS2_PLACEMENT_3D('',#5748,#4614,#4615);
#4113=AXIS2_PLACEMENT_3D('',#5753,#4618,#4619);
#4114=AXIS2_PLACEMENT_3D('',#5758,#4622,#4623);
#4115=AXIS2_PLACEMENT_3D('',#5762,#4626,#4627);
#4116=AXIS2_PLACEMENT_3D('',#5763,#4628,#4629);
#4117=AXIS2_PLACEMENT_3D('',#5765,#4630,#4631);
#4118=AXIS2_PLACEMENT_3D('',#5767,#4633,#4634);
#4119=AXIS2_PLACEMENT_3D('',#5769,#4635,#4636);
#4120=AXIS2_PLACEMENT_3D('',#5771,#4638,#4639);
#4121=AXIS2_PLACEMENT_3D('',#5773,#4641,#4642);
#4122=AXIS2_PLACEMENT_3D('',#5775,#4644,#4645);
#4123=AXIS2_PLACEMENT_3D('',#5778,#4646,#4647);
#4124=AXIS2_PLACEMENT_3D('',#5779,#4648,#4649);
#4125=AXIS2_PLACEMENT_3D('',#5781,#4651,#4652);
#4126=AXIS2_PLACEMENT_3D('',#5783,#4654,#4655);
#4127=AXIS2_PLACEMENT_3D('',#5786,#4656,#4657);
#4128=AXIS2_PLACEMENT_3D('',#5787,#4658,#4659);
#4129=AXIS2_PLACEMENT_3D('',#5790,#4660,#4661);
#4130=AXIS2_PLACEMENT_3D('',#5791,#4662,#4663);
#4131=AXIS2_PLACEMENT_3D('',#5792,#4664,#4665);
#4132=AXIS2_PLACEMENT_3D('',#5794,#4667,#4668);
#4133=AXIS2_PLACEMENT_3D('',#5795,#4669,#4670);
#4134=AXIS2_PLACEMENT_3D('',#5798,#4671,#4672);
#4135=AXIS2_PLACEMENT_3D('',#5799,#4673,#4674);
#4136=AXIS2_PLACEMENT_3D('',#5800,#4675,#4676);
#4137=AXIS2_PLACEMENT_3D('',#5804,#4678,#4679);
#4138=AXIS2_PLACEMENT_3D('',#5805,#4680,#4681);
#4139=AXIS2_PLACEMENT_3D('',#5806,#4682,#4683);
#4140=AXIS2_PLACEMENT_3D('',#5810,#4685,#4686);
#4141=AXIS2_PLACEMENT_3D('',#5811,#4687,#4688);
#4142=AXIS2_PLACEMENT_3D('',#5812,#4689,#4690);
#4143=AXIS2_PLACEMENT_3D('',#5815,#4691,#4692);
#4144=AXIS2_PLACEMENT_3D('',#5819,#4694,#4695);
#4145=AXIS2_PLACEMENT_3D('',#5820,#4696,#4697);
#4146=AXIS2_PLACEMENT_3D('',#5821,#4698,#4699);
#4147=AXIS2_PLACEMENT_3D('',#5822,#4700,#4701);
#4148=AXIS2_PLACEMENT_3D('',#5826,#4703,#4704);
#4149=AXIS2_PLACEMENT_3D('',#5827,#4705,#4706);
#4150=AXIS2_PLACEMENT_3D('',#5828,#4707,#4708);
#4151=AXIS2_PLACEMENT_3D('',#5830,#4710,#4711);
#4152=AXIS2_PLACEMENT_3D('',#5834,#4713,#4714);
#4153=AXIS2_PLACEMENT_3D('',#5835,#4715,#4716);
#4154=AXIS2_PLACEMENT_3D('',#5836,#4717,#4718);
#4155=AXIS2_PLACEMENT_3D('',#5840,#4720,#4721);
#4156=AXIS2_PLACEMENT_3D('',#5841,#4722,#4723);
#4157=AXIS2_PLACEMENT_3D('',#5842,#4724,#4725);
#4158=AXIS2_PLACEMENT_3D('',#5844,#4727,#4728);
#4159=AXIS2_PLACEMENT_3D('',#5846,#4730,#4731);
#4160=AXIS2_PLACEMENT_3D('',#5852,#4732,#4733);
#4161=AXIS2_PLACEMENT_3D('',#5856,#4734,#4735);
#4162=AXIS2_PLACEMENT_3D('',#5862,#4736,#4737);
#4163=AXIS2_PLACEMENT_3D('',#5864,#4738,#4739);
#4164=AXIS2_PLACEMENT_3D('',#5868,#4740,#4741);
#4165=AXIS2_PLACEMENT_3D('',#5874,#4742,#4743);
#4166=AXIS2_PLACEMENT_3D('',#5878,#4744,#4745);
#4167=AXIS2_PLACEMENT_3D('',#5884,#4746,#4747);
#4168=AXIS2_PLACEMENT_3D('',#5888,#4748,#4749);
#4169=AXIS2_PLACEMENT_3D('',#5894,#4750,#4751);
#4170=AXIS2_PLACEMENT_3D('',#5898,#4752,#4753);
#4171=AXIS2_PLACEMENT_3D('',#5904,#4754,#4755);
#4172=AXIS2_PLACEMENT_3D('',#5908,#4756,#4757);
#4173=AXIS2_PLACEMENT_3D('',#5939,#4762,#4763);
#4174=AXIS2_PLACEMENT_3D('',#5974,#4768,#4769);
#4175=AXIS2_PLACEMENT_3D('',#5975,#4770,#4771);
#4176=AXIS2_PLACEMENT_3D('',#5976,#4772,#4773);
#4177=AXIS2_PLACEMENT_3D('',#5983,#4774,#4775);
#4178=AXIS2_PLACEMENT_3D('',#6011,#4780,#4781);
#4179=AXIS2_PLACEMENT_3D('',#6042,#4786,#4787);
#4180=AXIS2_PLACEMENT_3D('',#6073,#4792,#4793);
#4181=AXIS2_PLACEMENT_3D('',#6074,#4794,#4795);
#4182=AXIS2_PLACEMENT_3D('',#6075,#4796,#4797);
#4183=AXIS2_PLACEMENT_3D('',#6081,#4798,#4799);
#4184=AXIS2_PLACEMENT_3D('',#6085,#4800,#4801);
#4185=AXIS2_PLACEMENT_3D('',#6091,#4802,#4803);
#4186=AXIS2_PLACEMENT_3D('',#6095,#4804,#4805);
#4187=AXIS2_PLACEMENT_3D('',#6101,#4806,#4807);
#4188=AXIS2_PLACEMENT_3D('',#6105,#4808,#4809);
#4189=AXIS2_PLACEMENT_3D('',#6112,#4810,#4811);
#4190=AXIS2_PLACEMENT_3D('',#6117,#4812,#4813);
#4191=AXIS2_PLACEMENT_3D('',#6118,#4814,#4815);
#4192=AXIS2_PLACEMENT_3D('',#6125,#4816,#4817);
#4193=AXIS2_PLACEMENT_3D('',#6130,#4818,#4819);
#4194=AXIS2_PLACEMENT_3D('',#6131,#4820,#4821);
#4195=AXIS2_PLACEMENT_3D('',#6138,#4822,#4823);
#4196=AXIS2_PLACEMENT_3D('',#6140,#4824,#4825);
#4197=AXIS2_PLACEMENT_3D('',#6146,#4826,#4827);
#4198=AXIS2_PLACEMENT_3D('',#6147,#4828,#4829);
#4199=AXIS2_PLACEMENT_3D('',#6148,#4830,#4831);
#4200=AXIS2_PLACEMENT_3D('',#6155,#4832,#4833);
#4201=AXIS2_PLACEMENT_3D('',#6160,#4834,#4835);
#4202=AXIS2_PLACEMENT_3D('',#6161,#4836,#4837);
#4203=AXIS2_PLACEMENT_3D('',#6168,#4838,#4839);
#4204=AXIS2_PLACEMENT_3D('',#6173,#4840,#4841);
#4205=AXIS2_PLACEMENT_3D('',#6174,#4842,#4843);
#4206=AXIS2_PLACEMENT_3D('',#6179,#4844,#4845);
#4207=AXIS2_PLACEMENT_3D('',#6180,#4846,#4847);
#4208=AXIS2_PLACEMENT_3D('',#6195,#4849,#4850);
#4209=AXIS2_PLACEMENT_3D('',#6199,#4853,#4854);
#4210=AXIS2_PLACEMENT_3D('',#6230,#4859,#4860);
#4211=AXIS2_PLACEMENT_3D('',#6233,#4862,#4863);
#4212=AXIS2_PLACEMENT_3D('',#6235,#4864,#4865);
#4213=AXIS2_PLACEMENT_3D('',#6237,#4867,#4868);
#4214=AXIS2_PLACEMENT_3D('',#6250,#4869,#4870);
#4215=AXIS2_PLACEMENT_3D('',#6252,#4872,#4873);
#4216=AXIS2_PLACEMENT_3D('',#6283,#4878,#4879);
#4217=AXIS2_PLACEMENT_3D('',#6284,#4880,#4881);
#4218=AXIS2_PLACEMENT_3D('',#6285,#4882,#4883);
#4219=AXIS2_PLACEMENT_3D('',#6286,#4884,#4885);
#4220=AXIS2_PLACEMENT_3D('',#6287,#4886,#4887);
#4221=AXIS2_PLACEMENT_3D('',#6288,#4888,#4889);
#4222=AXIS2_PLACEMENT_3D('',#6289,#4890,#4891);
#4223=AXIS2_PLACEMENT_3D('',#6290,#4892,#4893);
#4224=AXIS2_PLACEMENT_3D('',#6291,#4894,#4895);
#4225=AXIS2_PLACEMENT_3D('',#6292,#4896,#4897);
#4226=AXIS2_PLACEMENT_3D('',#6293,#4898,#4899);
#4227=AXIS2_PLACEMENT_3D('',#6294,#4900,#4901);
#4228=AXIS2_PLACEMENT_3D('',#6295,#4902,#4903);
#4229=AXIS2_PLACEMENT_3D('',#6296,#4904,#4905);
#4230=AXIS2_PLACEMENT_3D('',#6297,#4906,#4907);
#4231=AXIS2_PLACEMENT_3D('',#6298,#4908,#4909);
#4232=AXIS2_PLACEMENT_3D('',#6299,#4910,#4911);
#4233=AXIS2_PLACEMENT_3D('',#6300,#4912,#4913);
#4234=AXIS2_PLACEMENT_3D('',#6301,#4914,#4915);
#4235=AXIS2_PLACEMENT_3D('',#6302,#4916,#4917);
#4236=AXIS2_PLACEMENT_3D('',#6303,#4918,#4919);
#4237=AXIS2_PLACEMENT_3D('',#6304,#4920,#4921);
#4238=AXIS2_PLACEMENT_3D('',#6319,#4923,#4924);
#4239=AXIS2_PLACEMENT_3D('',#6323,#4927,#4928);
#4240=AXIS2_PLACEMENT_3D('',#6326,#4930,#4931);
#4241=AXIS2_PLACEMENT_3D('',#6328,#4932,#4933);
#4242=AXIS2_PLACEMENT_3D('',#6330,#4935,#4936);
#4243=AXIS2_PLACEMENT_3D('',#6343,#4937,#4938);
#4244=AXIS2_PLACEMENT_3D('',#6345,#4940,#4941);
#4245=AXIS2_PLACEMENT_3D('',#6346,#4942,#4943);
#4246=AXIS2_PLACEMENT_3D('',#6347,#4944,#4945);
#4247=AXIS2_PLACEMENT_3D('',#6348,#4946,#4947);
#4248=AXIS2_PLACEMENT_3D('',#6349,#4948,#4949);
#4249=AXIS2_PLACEMENT_3D('',#6350,#4950,#4951);
#4250=AXIS2_PLACEMENT_3D('',#6351,#4952,#4953);
#4251=AXIS2_PLACEMENT_3D('',#6352,#4954,#4955);
#4252=AXIS2_PLACEMENT_3D('',#6353,#4956,#4957);
#4253=AXIS2_PLACEMENT_3D('',#6354,#4958,#4959);
#4254=AXIS2_PLACEMENT_3D('',#6355,#4960,#4961);
#4255=AXIS2_PLACEMENT_3D('',#6356,#4962,#4963);
#4256=AXIS2_PLACEMENT_3D('',#6357,#4964,#4965);
#4257=AXIS2_PLACEMENT_3D('',#6358,#4966,#4967);
#4258=AXIS2_PLACEMENT_3D('',#6359,#4968,#4969);
#4259=AXIS2_PLACEMENT_3D('',#6360,#4970,#4971);
#4260=AXIS2_PLACEMENT_3D('',#6361,#4972,#4973);
#4261=AXIS2_PLACEMENT_3D('',#6362,#4974,#4975);
#4262=AXIS2_PLACEMENT_3D('',#6363,#4976,#4977);
#4263=AXIS2_PLACEMENT_3D('',#6364,#4978,#4979);
#4264=AXIS2_PLACEMENT_3D('',#6368,#4982,#4983);
#4265=AXIS2_PLACEMENT_3D('',#6383,#4985,#4986);
#4266=AXIS2_PLACEMENT_3D('',#6387,#4989,#4990);
#4267=AXIS2_PLACEMENT_3D('',#6402,#4992,#4993);
#4268=AXIS2_PLACEMENT_3D('',#6430,#4998,#4999);
#4269=AXIS2_PLACEMENT_3D('',#6431,#5000,#5001);
#4270=AXIS2_PLACEMENT_3D('',#6432,#5002,#5003);
#4271=AXIS2_PLACEMENT_3D('',#6433,#5004,#5005);
#4272=AXIS2_PLACEMENT_3D('',#6434,#5006,#5007);
#4273=AXIS2_PLACEMENT_3D('',#6435,#5008,#5009);
#4274=AXIS2_PLACEMENT_3D('',#6436,#5010,#5011);
#4275=AXIS2_PLACEMENT_3D('',#6437,#5012,#5013);
#4276=AXIS2_PLACEMENT_3D('',#6438,#5014,#5015);
#4277=AXIS2_PLACEMENT_3D('',#6439,#5016,#5017);
#4278=AXIS2_PLACEMENT_3D('',#6440,#5018,#5019);
#4279=AXIS2_PLACEMENT_3D('',#6441,#5020,#5021);
#4280=AXIS2_PLACEMENT_3D('',#6442,#5022,#5023);
#4281=AXIS2_PLACEMENT_3D('',#6443,#5024,#5025);
#4282=AXIS2_PLACEMENT_3D('',#6444,#5026,#5027);
#4283=AXIS2_PLACEMENT_3D('',#6445,#5028,#5029);
#4284=AXIS2_PLACEMENT_3D('',#6446,#5030,#5031);
#4285=AXIS2_PLACEMENT_3D('',#6447,#5032,#5033);
#4286=AXIS2_PLACEMENT_3D('',#6448,#5034,#5035);
#4287=AXIS2_PLACEMENT_3D('',#6449,#5036,#5037);
#4288=AXIS2_PLACEMENT_3D('',#6450,#5038,#5039);
#4289=AXIS2_PLACEMENT_3D('',#6451,#5040,#5041);
#4290=AXIS2_PLACEMENT_3D('',#6452,#5042,#5043);
#4291=AXIS2_PLACEMENT_3D('',#6453,#5044,#5045);
#4292=AXIS2_PLACEMENT_3D('',#6468,#5047,#5048);
#4293=AXIS2_PLACEMENT_3D('',#6472,#5051,#5052);
#4294=AXIS2_PLACEMENT_3D('',#6475,#5054,#5055);
#4295=AXIS2_PLACEMENT_3D('',#6477,#5056,#5057);
#4296=AXIS2_PLACEMENT_3D('',#6479,#5059,#5060);
#4297=AXIS2_PLACEMENT_3D('',#6492,#5061,#5062);
#4298=AXIS2_PLACEMENT_3D('',#6494,#5064,#5065);
#4299=AXIS2_PLACEMENT_3D('',#6495,#5066,#5067);
#4300=AXIS2_PLACEMENT_3D('',#6496,#5068,#5069);
#4301=AXIS2_PLACEMENT_3D('',#6497,#5070,#5071);
#4302=AXIS2_PLACEMENT_3D('',#6498,#5072,#5073);
#4303=AXIS2_PLACEMENT_3D('',#6499,#5074,#5075);
#4304=AXIS2_PLACEMENT_3D('',#6500,#5076,#5077);
#4305=AXIS2_PLACEMENT_3D('',#6501,#5078,#5079);
#4306=AXIS2_PLACEMENT_3D('',#6502,#5080,#5081);
#4307=AXIS2_PLACEMENT_3D('',#6503,#5082,#5083);
#4308=AXIS2_PLACEMENT_3D('',#6504,#5084,#5085);
#4309=AXIS2_PLACEMENT_3D('',#6505,#5086,#5087);
#4310=AXIS2_PLACEMENT_3D('',#6506,#5088,#5089);
#4311=AXIS2_PLACEMENT_3D('',#6507,#5090,#5091);
#4312=AXIS2_PLACEMENT_3D('',#6508,#5092,#5093);
#4313=AXIS2_PLACEMENT_3D('',#6509,#5094,#5095);
#4314=AXIS2_PLACEMENT_3D('',#6510,#5096,#5097);
#4315=AXIS2_PLACEMENT_3D('',#6511,#5098,#5099);
#4316=AXIS2_PLACEMENT_3D('',#6512,#5100,#5101);
#4317=AXIS2_PLACEMENT_3D('',#6513,#5102,#5103);
#4318=AXIS2_PLACEMENT_3D('',#6528,#5105,#5106);
#4319=AXIS2_PLACEMENT_3D('',#6532,#5109,#5110);
#4320=AXIS2_PLACEMENT_3D('',#6563,#5115,#5116);
#4321=AXIS2_PLACEMENT_3D('',#6566,#5118,#5119);
#4322=AXIS2_PLACEMENT_3D('',#6568,#5120,#5121);
#4323=AXIS2_PLACEMENT_3D('',#6570,#5123,#5124);
#4324=AXIS2_PLACEMENT_3D('',#6583,#5125,#5126);
#4325=AXIS2_PLACEMENT_3D('',#6585,#5128,#5129);
#4326=AXIS2_PLACEMENT_3D('',#6616,#5134,#5135);
#4327=AXIS2_PLACEMENT_3D('',#6617,#5136,#5137);
#4328=AXIS2_PLACEMENT_3D('',#6618,#5138,#5139);
#4329=AXIS2_PLACEMENT_3D('',#6619,#5140,#5141);
#4330=AXIS2_PLACEMENT_3D('',#6620,#5142,#5143);
#4331=AXIS2_PLACEMENT_3D('',#6621,#5144,#5145);
#4332=AXIS2_PLACEMENT_3D('',#6622,#5146,#5147);
#4333=AXIS2_PLACEMENT_3D('',#6623,#5148,#5149);
#4334=AXIS2_PLACEMENT_3D('',#6624,#5150,#5151);
#4335=AXIS2_PLACEMENT_3D('',#6625,#5152,#5153);
#4336=AXIS2_PLACEMENT_3D('',#6626,#5154,#5155);
#4337=AXIS2_PLACEMENT_3D('',#6630,#5157,#5158);
#4338=AXIS2_PLACEMENT_3D('',#6631,#5159,#5160);
#4339=AXIS2_PLACEMENT_3D('',#6632,#5161,#5162);
#4340=AXIS2_PLACEMENT_3D('',#6633,#5163,#5164);
#4341=AXIS2_PLACEMENT_3D('',#6634,#5165,#5166);
#4342=AXIS2_PLACEMENT_3D('',#6635,#5167,#5168);
#4343=AXIS2_PLACEMENT_3D('',#6638,#5169,#5170);
#4344=AXIS2_PLACEMENT_3D('',#6639,#5171,#5172);
#4345=AXIS2_PLACEMENT_3D('',#6641,#5174,#5175);
#4346=AXIS2_PLACEMENT_3D('',#6642,#5176,#5177);
#4347=AXIS2_PLACEMENT_3D('',#6643,#5178,#5179);
#4348=AXIS2_PLACEMENT_3D('',#6644,#5180,#5181);
#4349=AXIS2_PLACEMENT_3D('',#6645,#5182,#5183);
#4350=AXIS2_PLACEMENT_3D('',#6647,#5185,#5186);
#4351=AXIS2_PLACEMENT_3D('',#6648,#5187,#5188);
#4352=AXIS2_PLACEMENT_3D('',#6649,#5189,#5190);
#4353=AXIS2_PLACEMENT_3D('',#6650,#5191,#5192);
#4354=AXIS2_PLACEMENT_3D('',#6651,#5193,#5194);
#4355=AXIS2_PLACEMENT_3D('',#6654,#5195,#5196);
#4356=AXIS2_PLACEMENT_3D('',#6655,#5197,#5198);
#4357=AXIS2_PLACEMENT_3D('',#6657,#5200,#5201);
#4358=AXIS2_PLACEMENT_3D('',#6659,#5203,#5204);
#4359=AXIS2_PLACEMENT_3D('',#6664,#5206,#5207);
#4360=AXIS2_PLACEMENT_3D('',#6667,#5209,#5210);
#4361=AXIS2_PLACEMENT_3D('',#6668,#5211,#5212);
#4362=AXIS2_PLACEMENT_3D('',#6670,#5213,#5214);
#4363=AXIS2_PLACEMENT_3D('',#6675,#5216,#5217);
#4364=AXIS2_PLACEMENT_3D('',#6681,#5220,#5221);
#4365=AXIS2_PLACEMENT_3D('',#6687,#5224,#5225);
#4366=AXIS2_PLACEMENT_3D('',#6693,#5228,#5229);
#4367=AXIS2_PLACEMENT_3D('',#6699,#5232,#5233);
#4368=AXIS2_PLACEMENT_3D('',#6705,#5236,#5237);
#4369=AXIS2_PLACEMENT_3D('',#6711,#5240,#5241);
#4370=AXIS2_PLACEMENT_3D('',#6717,#5244,#5245);
#4371=AXIS2_PLACEMENT_3D('',#6723,#5248,#5249);
#4372=AXIS2_PLACEMENT_3D('',#6728,#5253,#5254);
#4373=AXIS2_PLACEMENT_3D('',#6732,#5256,#5257);
#4374=AXIS2_PLACEMENT_3D('',#6734,#5259,#5260);
#4375=AXIS2_PLACEMENT_3D('',#6738,#5262,#5263);
#4376=AXIS2_PLACEMENT_3D('',#6740,#5265,#5266);
#4377=AXIS2_PLACEMENT_3D('',#6756,#5273,#5274);
#4378=AXIS2_PLACEMENT_3D('',#6760,#5276,#5277);
#4379=AXIS2_PLACEMENT_3D('',#6762,#5279,#5280);
#4380=AXIS2_PLACEMENT_3D('',#6778,#5287,#5288);
#4381=AXIS2_PLACEMENT_3D('',#6796,#5296,#5297);
#4382=AXIS2_PLACEMENT_3D('',#6799,#5299,#5300);
#4383=AXIS2_PLACEMENT_3D('',#6800,#5301,#5302);
#4384=AXIS2_PLACEMENT_3D('',#6802,#5303,#5304);
#4385=AXIS2_PLACEMENT_3D('',#6805,#5306,#5307);
#4386=AXIS2_PLACEMENT_3D('',#6806,#5308,#5309);
#4387=AXIS2_PLACEMENT_3D('',#6808,#5310,#5311);
#4388=AXIS2_PLACEMENT_3D('',#6810,#5313,#5314);
#4389=AXIS2_PLACEMENT_3D('',#6821,#5319,#5320);
#4390=AXIS2_PLACEMENT_3D('',#6826,#5322,#5323);
#4391=AXIS2_PLACEMENT_3D('',#6829,#5325,#5326);
#4392=AXIS2_PLACEMENT_3D('',#6830,#5327,#5328);
#4393=AXIS2_PLACEMENT_3D('',#6834,#5330,#5331);
#4394=AXIS2_PLACEMENT_3D('',#6836,#5333,#5334);
#4395=AXIS2_PLACEMENT_3D('',#6841,#5336,#5337);
#4396=AXIS2_PLACEMENT_3D('',#6843,#5338,#5339);
#4397=AXIS2_PLACEMENT_3D('',#6846,#5341,#5342);
#4398=AXIS2_PLACEMENT_3D('',#6847,#5343,#5344);
#4399=AXIS2_PLACEMENT_3D('',#6851,#5346,#5347);
#4400=AXIS2_PLACEMENT_3D('',#6853,#5349,#5350);
#4401=AXIS2_PLACEMENT_3D('',#6857,#5352,#5353);
#4402=AXIS2_PLACEMENT_3D('',#6858,#5354,#5355);
#4403=AXIS2_PLACEMENT_3D('',#6859,#5356,#5357);
#4404=AXIS2_PLACEMENT_3D('',#6861,#5358,#5359);
#4405=AXIS2_PLACEMENT_3D('',#6863,#5361,#5362);
#4406=AXIS2_PLACEMENT_3D('',#6867,#5364,#5365);
#4407=AXIS2_PLACEMENT_3D('',#6868,#5366,#5367);
#4408=AXIS2_PLACEMENT_3D('',#6869,#5368,#5369);
#4409=AXIS2_PLACEMENT_3D('',#6882,#5375,#5376);
#4410=AXIS2_PLACEMENT_3D('',#6883,#5377,#5378);
#4411=AXIS2_PLACEMENT_3D('',#6884,#5379,#5380);
#4412=AXIS2_PLACEMENT_3D('',#6886,#5381,#5382);
#4413=AXIS2_PLACEMENT_3D('',#6888,#5384,#5385);
#4414=AXIS2_PLACEMENT_3D('',#6889,#5386,#5387);
#4415=AXIS2_PLACEMENT_3D('',#6890,#5388,#5389);
#4416=AXIS2_PLACEMENT_3D('',#6891,#5390,#5391);
#4417=AXIS2_PLACEMENT_3D('',#6892,#5392,#5393);
#4418=AXIS2_PLACEMENT_3D('',#6893,#5394,#5395);
#4419=AXIS2_PLACEMENT_3D('',#6904,#5400,#5401);
#4420=AXIS2_PLACEMENT_3D('',#6907,#5403,#5404);
#4421=AXIS2_PLACEMENT_3D('',#6908,#5405,#5406);
#4422=AXIS2_PLACEMENT_3D('',#6919,#5411,#5412);
#4423=AXIS2_PLACEMENT_3D('',#6922,#5414,#5415);
#4424=AXIS2_PLACEMENT_3D('',#6923,#5416,#5417);
#4425=AXIS2_PLACEMENT_3D('',#6934,#5422,#5423);
#4426=AXIS2_PLACEMENT_3D('',#6935,#5424,#5425);
#4427=AXIS2_PLACEMENT_3D('',#6936,#5426,#5427);
#4428=AXIS2_PLACEMENT_3D('',#6937,#5428,#5429);
#4429=AXIS2_PLACEMENT_3D('',#6938,#5430,#5431);
#4430=AXIS2_PLACEMENT_3D('',#6941,#5433,#5434);
#4431=AXIS2_PLACEMENT_3D('',#6942,#5435,#5436);
#4432=AXIS2_PLACEMENT_3D('',#6945,#5438,#5439);
#4433=AXIS2_PLACEMENT_3D('',#6946,#5440,#5441);
#4434=AXIS2_PLACEMENT_3D('',#6947,#5442,#5443);
#4435=AXIS2_PLACEMENT_3D('',#6948,#5444,#5445);
#4436=AXIS2_PLACEMENT_3D('',#6949,#5446,#5447);
#4437=AXIS2_PLACEMENT_3D('',#6950,#5448,#5449);
#4438=AXIS2_PLACEMENT_3D('',#6952,#5451,#5452);
#4439=AXIS2_PLACEMENT_3D('',#6954,#5454,#5455);
#4440=AXIS2_PLACEMENT_3D('',#6955,#5456,#5457);
#4441=AXIS2_PLACEMENT_3D('',#6956,#5458,#5459);
#4442=AXIS2_PLACEMENT_3D('',#6992,#5463,#5464);
#4443=AXIS2_PLACEMENT_3D('',#6996,#5465,#5466);
#4444=AXIS2_PLACEMENT_3D('',#7032,#5470,#5471);
#4445=AXIS2_PLACEMENT_3D('',#7036,#5472,#5473);
#4446=AXIS2_PLACEMENT_3D('',#7070,#5476,#5477);
#4447=AXIS2_PLACEMENT_3D('',#7104,#5480,#5481);
#4448=AXIS2_PLACEMENT_3D('',#7105,#5482,#5483);
#4449=AXIS2_PLACEMENT_3D('',#7106,#5484,#5485);
#4450=AXIS2_PLACEMENT_3D('',#7107,#5486,#5487);
#4451=AXIS2_PLACEMENT_3D('',#7110,#5488,#5489);
#4452=AXIS2_PLACEMENT_3D('',#7112,#5491,#5492);
#4453=AXIS2_PLACEMENT_3D('',#7113,#5493,#5494);
#4454=AXIS2_PLACEMENT_3D('',#7119,#5495,#5496);
#4455=AXIS2_PLACEMENT_3D('',#7123,#5497,#5498);
#4456=AXIS2_PLACEMENT_3D('',#7124,#5499,#5500);
#4457=AXIS2_PLACEMENT_3D('',#7125,#5501,#5502);
#4458=AXIS2_PLACEMENT_3D('',#7126,#5503,#5504);
#4459=AXIS2_PLACEMENT_3D('',#7127,#5505,#5506);
#4460=AXIS2_PLACEMENT_3D('',#7128,#5507,#5508);
#4461=AXIS2_PLACEMENT_3D('',#7129,#5509,#5510);
#4462=AXIS2_PLACEMENT_3D('',#7130,#5511,#5512);
#4463=AXIS2_PLACEMENT_3D('',#7131,#5513,#5514);
#4464=AXIS2_PLACEMENT_3D('',#7132,#5515,#5516);
#4465=AXIS2_PLACEMENT_3D('',#7133,#5517,#5518);
#4466=AXIS2_PLACEMENT_3D('',#7134,#5519,#5520);
#4467=AXIS2_PLACEMENT_3D('',#7135,#5521,#5522);
#4468=AXIS2_PLACEMENT_3D('',#7136,#5523,#5524);
#4469=AXIS2_PLACEMENT_3D('',#7137,#5525,#5526);
#4470=AXIS2_PLACEMENT_3D('',#7138,#5527,#5528);
#4471=AXIS2_PLACEMENT_3D('',#7164,#5531,#5532);
#4472=AXIS2_PLACEMENT_3D('',#7165,#5533,#5534);
#4473=AXIS2_PLACEMENT_3D('',#7166,#5535,#5536);
#4474=AXIS2_PLACEMENT_3D('',#7167,#5537,#5538);
#4475=AXIS2_PLACEMENT_3D('',#7168,#5539,#5540);
#4476=AXIS2_PLACEMENT_3D('',#7169,#5541,#5542);
#4477=DIRECTION('axis',(0.,0.,1.));
#4478=DIRECTION('refdir',(1.,0.,0.));
#4479=DIRECTION('center_axis',(-1.,0.,-1.57772181044202E-30));
#4480=DIRECTION('ref_axis',(-1.57772181044202E-30,0.,1.));
#4481=DIRECTION('center_axis',(1.,0.,1.57772181044202E-30));
#4482=DIRECTION('ref_axis',(6.40949485492072E-31,1.,0.));
#4483=DIRECTION('center_axis',(-1.,0.,-1.57772181044202E-30));
#4484=DIRECTION('ref_axis',(-1.57772181044202E-30,0.,1.));
#4485=DIRECTION('center_axis',(1.,0.,1.57772181044202E-30));
#4486=DIRECTION('ref_axis',(-1.15632823658035E-16,1.,-1.82436427888278E-46));
#4487=DIRECTION('center_axis',(-1.,0.,-1.57772181044202E-30));
#4488=DIRECTION('ref_axis',(6.40949485492072E-31,1.,0.));
#4489=DIRECTION('center_axis',(1.,0.,1.57772181044202E-30));
#4490=DIRECTION('ref_axis',(1.57772181044202E-30,0.,-1.));
#4491=DIRECTION('center_axis',(-1.,0.,-1.57772181044202E-30));
#4492=DIRECTION('ref_axis',(6.40949485492072E-31,1.,0.));
#4493=DIRECTION('center_axis',(1.,0.,1.57772181044202E-30));
#4494=DIRECTION('ref_axis',(1.57772181044202E-30,0.,-1.));
#4495=DIRECTION('center_axis',(1.,0.,1.57772181044202E-30));
#4496=DIRECTION('ref_axis',(-1.15632823658035E-16,1.,-1.82436427888278E-46));
#4497=DIRECTION('center_axis',(1.,0.,1.57772181044202E-30));
#4498=DIRECTION('ref_axis',(6.40949485492072E-31,1.,0.));
#4499=DIRECTION('center_axis',(-1.,0.,-1.57772181044202E-30));
#4500=DIRECTION('ref_axis',(-1.15632823658035E-16,1.,-1.82436427888278E-46));
#4501=DIRECTION('',(1.,0.,1.57772181044202E-30));
#4502=DIRECTION('center_axis',(1.,-6.40949485492072E-31,0.));
#4503=DIRECTION('ref_axis',(6.40949485492072E-31,1.,0.));
#4504=DIRECTION('center_axis',(-1.,6.40949485492072E-31,0.));
#4505=DIRECTION('ref_axis',(6.40949485492072E-31,1.,0.));
#4506=DIRECTION('',(-1.,6.40949485492072E-31,0.));
#4507=DIRECTION('center_axis',(-1.,6.40949485492072E-31,0.));
#4508=DIRECTION('ref_axis',(6.40949485492072E-31,1.,0.));
#4509=DIRECTION('center_axis',(-1.,6.40949485492072E-31,0.));
#4510=DIRECTION('ref_axis',(6.40949485492072E-31,1.,0.));
#4511=DIRECTION('center_axis',(-1.,6.40949485492072E-31,0.));
#4512=DIRECTION('ref_axis',(6.40949485492072E-31,1.,0.));
#4513=DIRECTION('',(-1.,6.40949485492072E-31,0.));
#4514=DIRECTION('center_axis',(-1.,6.40949485492072E-31,0.));
#4515=DIRECTION('ref_axis',(6.40949485492072E-31,1.,0.));
#4516=DIRECTION('center_axis',(1.,-6.40949485492072E-31,0.));
#4517=DIRECTION('ref_axis',(6.40949485492072E-31,1.,0.));
#4518=DIRECTION('',(-0.998629534754574,-0.0523359562429442,-6.40930612932376E-18));
#4519=DIRECTION('center_axis',(1.,-6.40949485492072E-31,0.));
#4520=DIRECTION('ref_axis',(6.40949485492072E-31,1.,0.));
#4521=DIRECTION('center_axis',(-1.,6.40949485492072E-31,0.));
#4522=DIRECTION('ref_axis',(6.40949485492072E-31,1.,0.));
#4523=DIRECTION('center_axis',(1.,-6.40949485492072E-31,0.));
#4524=DIRECTION('ref_axis',(6.40949485492072E-31,1.,0.));
#4525=DIRECTION('center_axis',(-1.,6.40949485492072E-31,0.));
#4526=DIRECTION('ref_axis',(6.40949485492072E-31,1.,0.));
#4527=DIRECTION('center_axis',(1.,-6.40949485492072E-31,0.));
#4528=DIRECTION('ref_axis',(6.40949485492072E-31,1.,0.));
#4529=DIRECTION('center_axis',(-1.,6.40949485492072E-31,0.));
#4530=DIRECTION('ref_axis',(6.40949485492072E-31,1.,0.));
#4531=DIRECTION('center_axis',(1.,-6.40949485492072E-31,0.));
#4532=DIRECTION('ref_axis',(6.40949485492072E-31,1.,0.));
#4533=DIRECTION('center_axis',(-1.,6.40949485492072E-31,0.));
#4534=DIRECTION('ref_axis',(6.40949485492072E-31,1.,0.));
#4535=DIRECTION('center_axis',(1.,-6.40949485492072E-31,0.));
#4536=DIRECTION('ref_axis',(6.40949485492072E-31,1.,0.));
#4537=DIRECTION('center_axis',(-1.,6.40949485492072E-31,0.));
#4538=DIRECTION('ref_axis',(6.40949485492072E-31,1.,0.));
#4539=DIRECTION('center_axis',(1.,-6.40949485492072E-31,0.));
#4540=DIRECTION('ref_axis',(6.40949485492072E-31,1.,0.));
#4541=DIRECTION('center_axis',(1.,-6.40949485492072E-31,0.));
#4542=DIRECTION('ref_axis',(6.40949485492072E-31,1.,0.));
#4543=DIRECTION('center_axis',(1.,-6.40949485492072E-31,0.));
#4544=DIRECTION('ref_axis',(6.40949485492072E-31,1.,0.));
#4545=DIRECTION('center_axis',(1.,-6.40949485492072E-31,0.));
#4546=DIRECTION('ref_axis',(6.40949485492072E-31,1.,0.));
#4547=DIRECTION('center_axis',(1.,-6.40949485492072E-31,0.));
#4548=DIRECTION('ref_axis',(6.40949485492072E-31,1.,0.));
#4549=DIRECTION('center_axis',(1.,-6.40949485492072E-31,0.));
#4550=DIRECTION('ref_axis',(6.40949485492072E-31,1.,0.));
#4551=DIRECTION('center_axis',(1.,-6.40949485492072E-31,0.));
#4552=DIRECTION('ref_axis',(6.40949485492072E-31,1.,0.));
#4553=DIRECTION('center_axis',(1.,-6.40949485492072E-31,0.));
#4554=DIRECTION('ref_axis',(6.40949485492072E-31,1.,0.));
#4555=DIRECTION('center_axis',(1.,-6.40949485492072E-31,0.));
#4556=DIRECTION('ref_axis',(6.40949485492072E-31,1.,0.));
#4557=DIRECTION('center_axis',(1.,-6.40949485492072E-31,0.));
#4558=DIRECTION('ref_axis',(6.40949485492072E-31,1.,0.));
#4559=DIRECTION('center_axis',(1.,-6.40949485492072E-31,0.));
#4560=DIRECTION('ref_axis',(6.40949485492072E-31,1.,0.));
#4561=DIRECTION('center_axis',(1.,-6.40949485492072E-31,0.));
#4562=DIRECTION('ref_axis',(6.40949485492072E-31,1.,0.));
#4563=DIRECTION('center_axis',(1.,-6.40949485492072E-31,0.));
#4564=DIRECTION('ref_axis',(6.40949485492072E-31,1.,0.));
#4565=DIRECTION('',(-0.981627183447664,0.190808995376545,2.33673625436408E-17));
#4566=DIRECTION('center_axis',(-1.,6.40949485492072E-31,0.));
#4567=DIRECTION('ref_axis',(6.40949485492072E-31,1.,0.));
#4568=DIRECTION('center_axis',(-1.,6.40949485492072E-31,0.));
#4569=DIRECTION('ref_axis',(6.40949485492072E-31,1.,0.));
#4570=DIRECTION('center_axis',(1.,-6.40949485492072E-31,0.));
#4571=DIRECTION('ref_axis',(6.40949485492072E-31,1.,0.));
#4572=DIRECTION('center_axis',(1.,-6.40949485492072E-31,0.));
#4573=DIRECTION('ref_axis',(6.40949485492072E-31,1.,0.));
#4574=DIRECTION('',(-0.998629534754574,-0.052335956242944,-6.40930612932373E-18));
#4575=DIRECTION('center_axis',(-1.,6.40949485492072E-31,0.));
#4576=DIRECTION('ref_axis',(6.40949485492072E-31,1.,0.));
#4577=DIRECTION('center_axis',(-1.,6.40949485492072E-31,0.));
#4578=DIRECTION('ref_axis',(6.40949485492072E-31,1.,0.));
#4579=DIRECTION('center_axis',(1.,-6.40949485492072E-31,0.));
#4580=DIRECTION('ref_axis',(6.40949485492072E-31,1.,0.));
#4581=DIRECTION('center_axis',(1.,-6.40949485492072E-31,0.));
#4582=DIRECTION('ref_axis',(6.40949485492072E-31,1.,0.));
#4583=DIRECTION('',(-0.956304755963037,0.292371704722733,3.5805207234995E-17));
#4584=DIRECTION('center_axis',(-1.,6.40949485492072E-31,0.));
#4585=DIRECTION('ref_axis',(6.40949485492072E-31,1.,0.));
#4586=DIRECTION('center_axis',(-1.,6.40949485492072E-31,0.));
#4587=DIRECTION('ref_axis',(0.,0.,1.));
#4588=DIRECTION('center_axis',(1.,-6.40949485492072E-31,0.));
#4589=DIRECTION('ref_axis',(6.40949485492072E-31,1.,0.));
#4590=DIRECTION('center_axis',(-1.,6.40949485492072E-31,0.));
#4591=DIRECTION('ref_axis',(6.40949485492072E-31,1.,0.));
#4592=DIRECTION('center_axis',(-1.,6.40949485492072E-31,0.));
#4593=DIRECTION('ref_axis',(0.,0.,1.));
#4594=DIRECTION('center_axis',(1.,-6.40949485492072E-31,0.));
#4595=DIRECTION('ref_axis',(6.40949485492072E-31,1.,0.));
#4596=DIRECTION('center_axis',(1.,-6.40949485492072E-31,0.));
#4597=DIRECTION('ref_axis',(6.40949485492072E-31,1.,0.));
#4598=DIRECTION('',(-1.,6.40949485492072E-31,0.));
#4599=DIRECTION('center_axis',(-1.,6.40949485492072E-31,0.));
#4600=DIRECTION('ref_axis',(6.40949485492072E-31,1.,0.));
#4601=DIRECTION('center_axis',(1.,-6.40949485492072E-31,0.));
#4602=DIRECTION('ref_axis',(6.40949485492072E-31,1.,0.));
#4603=DIRECTION('',(-1.,6.40949485492072E-31,0.));
#4604=DIRECTION('',(1.,-6.40949485492072E-31,0.));
#4605=DIRECTION('center_axis',(1.,-6.40949485492072E-31,0.));
#4606=DIRECTION('ref_axis',(6.40949485492072E-31,1.,0.));
#4607=DIRECTION('',(-1.,6.40949485492072E-31,0.));
#4608=DIRECTION('',(-1.,6.40949485492072E-31,0.));
#4609=DIRECTION('center_axis',(1.,-6.40949485492072E-31,0.));
#4610=DIRECTION('ref_axis',(6.40949485492072E-31,1.,0.));
#4611=DIRECTION('center_axis',(1.,-6.40949485492072E-31,0.));
#4612=DIRECTION('ref_axis',(6.40949485492072E-31,1.,0.));
#4613=DIRECTION('',(1.,-6.40949485492072E-31,0.));
#4614=DIRECTION('center_axis',(1.,-6.40949485492072E-31,0.));
#4615=DIRECTION('ref_axis',(6.40949485492072E-31,1.,0.));
#4616=DIRECTION('',(-1.,6.40949485492072E-31,0.));
#4617=DIRECTION('',(1.,-6.40949485492072E-31,0.));
#4618=DIRECTION('center_axis',(1.,-6.40949485492072E-31,0.));
#4619=DIRECTION('ref_axis',(6.40949485492072E-31,1.,0.));
#4620=DIRECTION('',(-1.,6.40949485492072E-31,0.));
#4621=DIRECTION('',(1.,-6.40949485492072E-31,0.));
#4622=DIRECTION('center_axis',(1.,-6.40949485492072E-31,0.));
#4623=DIRECTION('ref_axis',(6.40949485492072E-31,1.,0.));
#4624=DIRECTION('',(-1.,6.40949485492072E-31,0.));
#4625=DIRECTION('',(1.,-6.40949485492072E-31,0.));
#4626=DIRECTION('center_axis',(1.,-6.40949485492072E-31,0.));
#4627=DIRECTION('ref_axis',(6.40949485492072E-31,1.,0.));
#4628=DIRECTION('center_axis',(1.,-6.40949485492072E-31,0.));
#4629=DIRECTION('ref_axis',(6.40949485492072E-31,1.,0.));
#4630=DIRECTION('center_axis',(1.,-6.40949485492072E-31,0.));
#4631=DIRECTION('ref_axis',(6.40949485492072E-31,1.,0.));
#4632=DIRECTION('',(-1.,6.40949485492072E-31,0.));
#4633=DIRECTION('center_axis',(1.,-6.40949485492072E-31,0.));
#4634=DIRECTION('ref_axis',(6.40949485492072E-31,1.,0.));
#4635=DIRECTION('center_axis',(1.,-6.40949485492072E-31,0.));
#4636=DIRECTION('ref_axis',(6.40949485492072E-31,1.,0.));
#4637=DIRECTION('',(-1.,6.40949485492072E-31,0.));
#4638=DIRECTION('center_axis',(-1.,6.40949485492072E-31,0.));
#4639=DIRECTION('ref_axis',(6.40949485492072E-31,1.,0.));
#4640=DIRECTION('',(-0.777145961456973,-0.629320391049835,-7.70695202537341E-17));
#4641=DIRECTION('center_axis',(1.,-6.40949485492072E-31,0.));
#4642=DIRECTION('ref_axis',(6.40949485492072E-31,1.,0.));
#4643=DIRECTION('',(-1.,6.40949485492072E-31,0.));
#4644=DIRECTION('center_axis',(1.,-6.40949485492072E-31,0.));
#4645=DIRECTION('ref_axis',(6.40949485492072E-31,1.,0.));
#4646=DIRECTION('center_axis',(1.,-6.40949485492072E-31,0.));
#4647=DIRECTION('ref_axis',(6.40949485492072E-31,1.,0.));
#4648=DIRECTION('center_axis',(1.,-6.40949485492072E-31,0.));
#4649=DIRECTION('ref_axis',(6.40949485492072E-31,1.,0.));
#4650=DIRECTION('',(-0.998629534757501,0.0523359561871005,6.40930612248488E-18));
#4651=DIRECTION('center_axis',(1.,-6.40949485492072E-31,0.));
#4652=DIRECTION('ref_axis',(6.40949485492072E-31,1.,0.));
#4653=DIRECTION('',(-1.,6.40949485492072E-31,0.));
#4654=DIRECTION('center_axis',(-1.,6.40949485492072E-31,0.));
#4655=DIRECTION('ref_axis',(0.,0.,1.));
#4656=DIRECTION('center_axis',(1.,-6.40949485492072E-31,0.));
#4657=DIRECTION('ref_axis',(6.40949485492072E-31,1.,0.));
#4658=DIRECTION('center_axis',(1.,-6.40949485492072E-31,0.));
#4659=DIRECTION('ref_axis',(6.40949485492072E-31,1.,0.));
#4660=DIRECTION('center_axis',(1.,-6.40949485492072E-31,0.));
#4661=DIRECTION('ref_axis',(6.40949485492072E-31,1.,0.));
#4662=DIRECTION('center_axis',(1.,-6.40949485492072E-31,0.));
#4663=DIRECTION('ref_axis',(6.40949485492072E-31,1.,0.));
#4664=DIRECTION('center_axis',(1.,-6.40949485492072E-31,0.));
#4665=DIRECTION('ref_axis',(6.40949485492072E-31,1.,0.));
#4666=DIRECTION('',(-0.866025403784439,0.499999999999999,6.12323399573675E-17));
#4667=DIRECTION('center_axis',(1.,-6.40949485492072E-31,0.));
#4668=DIRECTION('ref_axis',(0.,0.,-1.));
#4669=DIRECTION('center_axis',(1.,-6.40949485492072E-31,0.));
#4670=DIRECTION('ref_axis',(0.,0.,-1.));
#4671=DIRECTION('center_axis',(1.,-6.40949485492072E-31,0.));
#4672=DIRECTION('ref_axis',(6.40949485492072E-31,1.,0.));
#4673=DIRECTION('center_axis',(1.,-6.40949485492072E-31,0.));
#4674=DIRECTION('ref_axis',(6.40949485492072E-31,1.,0.));
#4675=DIRECTION('center_axis',(-1.,6.40949485492072E-31,0.));
#4676=DIRECTION('ref_axis',(6.40949485492072E-31,1.,0.));
#4677=DIRECTION('',(-1.,6.40949485492072E-31,0.));
#4678=DIRECTION('center_axis',(-1.,6.40949485492072E-31,0.));
#4679=DIRECTION('ref_axis',(6.40949485492072E-31,1.,0.));
#4680=DIRECTION('center_axis',(-1.,6.40949485492072E-31,0.));
#4681=DIRECTION('ref_axis',(6.40949485492072E-31,1.,0.));
#4682=DIRECTION('center_axis',(1.,-6.73855386058035E-31,0.));
#4683=DIRECTION('ref_axis',(6.40949485492072E-31,1.,0.));
#4684=DIRECTION('',(-0.707106781186545,0.70710678118655,8.65956056235496E-17));
#4685=DIRECTION('center_axis',(1.,-6.73855386058035E-31,0.));
#4686=DIRECTION('ref_axis',(6.40949485492072E-31,1.,0.));
#4687=DIRECTION('center_axis',(1.,-6.73855386058035E-31,0.));
#4688=DIRECTION('ref_axis',(6.40949485492072E-31,1.,0.));
#4689=DIRECTION('center_axis',(-1.,6.73855386058035E-31,0.));
#4690=DIRECTION('ref_axis',(6.40949485492072E-31,1.,0.));
#4691=DIRECTION('center_axis',(1.,-6.73855386058035E-31,0.));
#4692=DIRECTION('ref_axis',(6.40949485492072E-31,1.,0.));
#4693=DIRECTION('',(-0.515038074910048,-0.857167300702116,-1.04972719113862E-16));
#4694=DIRECTION('center_axis',(1.,-6.73855386058035E-31,0.));
#4695=DIRECTION('ref_axis',(6.40949485492072E-31,1.,0.));
#4696=DIRECTION('center_axis',(1.,-6.73855386058035E-31,0.));
#4697=DIRECTION('ref_axis',(6.40949485492072E-31,1.,0.));
#4698=DIRECTION('center_axis',(1.,-6.73855386058035E-31,0.));
#4699=DIRECTION('ref_axis',(6.40949485492072E-31,1.,0.));
#4700=DIRECTION('center_axis',(1.,-6.73855386058035E-31,0.));
#4701=DIRECTION('ref_axis',(6.40949485492072E-31,1.,0.));
#4702=DIRECTION('',(-1.,6.73855386058035E-31,0.));
#4703=DIRECTION('center_axis',(1.,-6.73855386058035E-31,0.));
#4704=DIRECTION('ref_axis',(6.40949485492072E-31,1.,0.));
#4705=DIRECTION('center_axis',(1.,-6.73855386058035E-31,0.));
#4706=DIRECTION('ref_axis',(6.40949485492072E-31,1.,0.));
#4707=DIRECTION('center_axis',(-1.,6.73855386058035E-31,0.));
#4708=DIRECTION('ref_axis',(6.40949485492072E-31,1.,0.));
#4709=DIRECTION('',(-0.866025403784441,-0.499999999999996,-6.12323399573672E-17));
#4710=DIRECTION('center_axis',(1.,-6.73855386058035E-31,0.));
#4711=DIRECTION('ref_axis',(6.40949485492072E-31,1.,0.));
#4712=DIRECTION('',(-1.,6.73855386058035E-31,0.));
#4713=DIRECTION('center_axis',(1.,-6.73855386058035E-31,0.));
#4714=DIRECTION('ref_axis',(6.40949485492072E-31,1.,0.));
#4715=DIRECTION('center_axis',(1.,-6.73855386058035E-31,0.));
#4716=DIRECTION('ref_axis',(6.40949485492072E-31,1.,0.));
#4717=DIRECTION('center_axis',(1.,-6.73855386058035E-31,0.));
#4718=DIRECTION('ref_axis',(6.40949485492072E-31,1.,0.));
#4719=DIRECTION('',(-0.540628787783199,0.841261263710667,1.03024791384993E-16));
#4720=DIRECTION('center_axis',(1.,-6.73855386058035E-31,0.));
#4721=DIRECTION('ref_axis',(6.40949485492072E-31,1.,0.));
#4722=DIRECTION('center_axis',(1.,-6.73855386058035E-31,0.));
#4723=DIRECTION('ref_axis',(6.40949485492072E-31,1.,0.));
#4724=DIRECTION('center_axis',(1.,-6.73855386058035E-31,0.));
#4725=DIRECTION('ref_axis',(6.40949485492072E-31,1.,0.));
#4726=DIRECTION('',(-1.,6.73855386058035E-31,0.));
#4727=DIRECTION('center_axis',(1.,-6.73855386058035E-31,0.));
#4728=DIRECTION('ref_axis',(6.40949485492072E-31,1.,0.));
#4729=DIRECTION('',(-0.86602540378444,0.499999999999997,6.12323399573673E-17));
#4730=DIRECTION('center_axis',(-1.,-6.12323399573677E-17,6.12323399573677E-17));
#4731=DIRECTION('ref_axis',(-6.12323399573677E-17,1.,6.65188524330819E-17));
#4732=DIRECTION('center_axis',(1.,6.12323399573677E-17,-6.12323399573677E-17));
#4733=DIRECTION('ref_axis',(-6.12323399573676E-17,1.,6.65188524330819E-17));
#4734=DIRECTION('center_axis',(-1.,-1.22464679914735E-16,1.22464679914735E-16));
#4735=DIRECTION('ref_axis',(-1.22464679914735E-16,1.,8.40497557742885E-17));
#4736=DIRECTION('center_axis',(1.,1.22464679914735E-16,-1.22464679914735E-16));
#4737=DIRECTION('ref_axis',(-1.22464679914735E-16,1.,8.40497557742885E-17));
#4738=DIRECTION('center_axis',(1.,1.22464679914735E-16,-1.22464679914735E-16));
#4739=DIRECTION('ref_axis',(-1.22464679914735E-16,1.,8.40497557742885E-17));
#4740=DIRECTION('center_axis',(-1.,-6.12323399573677E-17,6.12323399573677E-17));
#4741=DIRECTION('ref_axis',(3.93135822722839E-17,0.309016994374947,0.951056516295154));
#4742=DIRECTION('center_axis',(1.,6.12323399573677E-17,-6.12323399573677E-17));
#4743=DIRECTION('ref_axis',(3.93135822722839E-17,0.309016994374947,0.951056516295154));
#4744=DIRECTION('center_axis',(-1.,-1.22464679914735E-16,1.22464679914735E-16));
#4745=DIRECTION('ref_axis',(-1.22464679914735E-16,1.,8.40497557742885E-17));
#4746=DIRECTION('center_axis',(1.,1.22464679914735E-16,-1.22464679914735E-16));
#4747=DIRECTION('ref_axis',(-1.22464679914735E-16,1.,8.40497557742885E-17));
#4748=DIRECTION('center_axis',(-1.,-6.12323399573677E-17,6.12323399573677E-17));
#4749=DIRECTION('ref_axis',(8.55294700211544E-17,-0.809016994374947,0.587785252292473));
#4750=DIRECTION('center_axis',(1.,6.12323399573677E-17,-6.12323399573677E-17));
#4751=DIRECTION('ref_axis',(8.55294700211544E-17,-0.809016994374947,0.587785252292473));
#4752=DIRECTION('center_axis',(-1.,-6.12323399573677E-17,6.12323399573677E-17));
#4753=DIRECTION('ref_axis',(-7.71572495766253E-17,0.309016994374947,-0.951056516295154));
#4754=DIRECTION('center_axis',(1.,6.12323399573677E-17,-6.12323399573677E-17));
#4755=DIRECTION('ref_axis',(-7.71572495766254E-17,0.309016994374947,-0.951056516295154));
#4756=DIRECTION('center_axis',(1.35465372405547E-17,0.587785252292473,0.809016994374947));
#4757=DIRECTION('ref_axis',(-1.,-6.12323399573677E-17,6.12323399573677E-17));
#4758=DIRECTION('',(-8.55294700211544E-17,0.809016994374947,-0.587785252292473));
#4759=DIRECTION('',(-1.,-6.12323399573677E-17,6.12323399573677E-17));
#4760=DIRECTION('',(-1.,-6.12323399573677E-17,6.12323399573677E-17));
#4761=DIRECTION('',(-1.,-6.12323399573677E-17,6.12323399573677E-17));
#4762=DIRECTION('center_axis',(-1.35465372405547E-17,-0.587785252292473,
-0.809016994374947));
#4763=DIRECTION('ref_axis',(1.,6.12323399573677E-17,-6.12323399573677E-17));
#4764=DIRECTION('',(1.,6.12323399573677E-17,-6.12323399573677E-17));
#4765=DIRECTION('',(1.,6.12323399573677E-17,-6.12323399573677E-17));
#4766=DIRECTION('',(1.,6.12323399573677E-17,-6.12323399573677E-17));
#4767=DIRECTION('',(8.55294700211544E-17,-0.809016994374947,0.587785252292473));
#4768=DIRECTION('center_axis',(-1.,-6.12323399573677E-17,6.12323399573677E-17));
#4769=DIRECTION('ref_axis',(8.55294700211544E-17,-0.809016994374947,0.587785252292473));
#4770=DIRECTION('center_axis',(1.,6.12323399573677E-17,-6.12323399573677E-17));
#4771=DIRECTION('ref_axis',(8.55294700211544E-17,-0.809016994374947,0.587785252292473));
#4772=DIRECTION('center_axis',(1.,6.12323399573677E-17,-6.12323399573677E-17));
#4773=DIRECTION('ref_axis',(-6.12323399573677E-17,1.,6.65188524330819E-17));
#4774=DIRECTION('center_axis',(6.12323399573677E-17,-6.65188524330819E-17,
1.));
#4775=DIRECTION('ref_axis',(1.,6.12323399573677E-17,-6.12323399573677E-17));
#4776=DIRECTION('',(1.,6.12323399573677E-17,-6.12323399573677E-17));
#4777=DIRECTION('',(1.,6.12323399573677E-17,-6.12323399573677E-17));
#4778=DIRECTION('',(1.,6.12323399573677E-17,-6.12323399573677E-17));
#4779=DIRECTION('',(-6.12323399573677E-17,1.,6.65188524330819E-17));
#4780=DIRECTION('center_axis',(-7.71572495766254E-17,0.951056516295154,
-0.309016994374947));
#4781=DIRECTION('ref_axis',(-1.,-6.12323399573677E-17,6.12323399573677E-17));
#4782=DIRECTION('',(-3.93135822722839E-17,-0.309016994374947,-0.951056516295154));
#4783=DIRECTION('',(-1.,-6.12323399573677E-17,6.12323399573677E-17));
#4784=DIRECTION('',(-1.,-6.12323399573677E-17,6.12323399573677E-17));
#4785=DIRECTION('',(-1.,-6.12323399573677E-17,6.12323399573677E-17));
#4786=DIRECTION('center_axis',(7.71572495766254E-17,-0.951056516295154,
0.309016994374947));
#4787=DIRECTION('ref_axis',(1.,6.12323399573677E-17,-6.12323399573677E-17));
#4788=DIRECTION('',(1.,6.12323399573677E-17,-6.12323399573677E-17));
#4789=DIRECTION('',(1.,6.12323399573677E-17,-6.12323399573677E-17));
#4790=DIRECTION('',(1.,6.12323399573677E-17,-6.12323399573677E-17));
#4791=DIRECTION('',(3.93135822722839E-17,0.309016994374947,0.951056516295154));
#4792=DIRECTION('center_axis',(-1.,-6.12323399573677E-17,6.12323399573677E-17));
#4793=DIRECTION('ref_axis',(3.93135822722839E-17,0.309016994374947,0.951056516295154));
#4794=DIRECTION('center_axis',(1.,6.12323399573677E-17,-6.12323399573677E-17));
#4795=DIRECTION('ref_axis',(3.93135822722839E-17,0.309016994374947,0.951056516295154));
#4796=DIRECTION('center_axis',(-1.,-6.12323399573677E-17,6.12323399573677E-17));
#4797=DIRECTION('ref_axis',(1.35465372405548E-17,-0.809016994374948,-0.587785252292473));
#4798=DIRECTION('center_axis',(1.,6.12323399573677E-17,-6.12323399573677E-17));
#4799=DIRECTION('ref_axis',(1.35465372405548E-17,-0.809016994374948,-0.587785252292473));
#4800=DIRECTION('center_axis',(-1.,-1.22464679914735E-16,1.22464679914735E-16));
#4801=DIRECTION('ref_axis',(-1.22464679914735E-16,1.,8.40497557742885E-17));
#4802=DIRECTION('center_axis',(1.,1.22464679914735E-16,-1.22464679914735E-16));
#4803=DIRECTION('ref_axis',(-1.22464679914735E-16,1.,8.40497557742885E-17));
#4804=DIRECTION('center_axis',(-1.,-1.22464679914735E-16,1.22464679914735E-16));
#4805=DIRECTION('ref_axis',(-1.22464679914735E-16,1.,8.40497557742885E-17));
#4806=DIRECTION('center_axis',(1.,1.22464679914735E-16,-1.22464679914735E-16));
#4807=DIRECTION('ref_axis',(-1.22464679914735E-16,1.,8.40497557742885E-17));
#4808=DIRECTION('center_axis',(-1.,-1.22464679914735E-16,1.22464679914735E-16));
#4809=DIRECTION('ref_axis',(-1.22464679914735E-16,1.,8.40497557742885E-17));
#4810=DIRECTION('center_axis',(-1.,-1.22464679914735E-16,1.22464679914735E-16));
#4811=DIRECTION('ref_axis',(-1.22464679914735E-16,1.,8.40497557742885E-17));
#4812=DIRECTION('center_axis',(1.,1.22464679914735E-16,-1.22464679914735E-16));
#4813=DIRECTION('ref_axis',(-1.22464679914735E-16,1.,8.40497557742885E-17));
#4814=DIRECTION('center_axis',(-1.,-1.22464679914735E-16,1.22464679914735E-16));
#4815=DIRECTION('ref_axis',(-1.22464679914735E-16,1.,8.40497557742885E-17));
#4816=DIRECTION('center_axis',(-1.,-1.22464679914735E-16,1.22464679914735E-16));
#4817=DIRECTION('ref_axis',(-1.22464679914735E-16,1.,8.40497557742885E-17));
#4818=DIRECTION('center_axis',(1.,1.22464679914735E-16,-1.22464679914735E-16));
#4819=DIRECTION('ref_axis',(-1.22464679914735E-16,1.,8.40497557742885E-17));
#4820=DIRECTION('center_axis',(-1.,-1.22464679914735E-16,1.22464679914735E-16));
#4821=DIRECTION('ref_axis',(-1.22464679914735E-16,1.,8.40497557742885E-17));
#4822=DIRECTION('center_axis',(1.,1.22464679914735E-16,-1.22464679914735E-16));
#4823=DIRECTION('ref_axis',(-1.22464679914735E-16,1.,8.40497557742885E-17));
#4824=DIRECTION('center_axis',(1.,1.22464679914735E-16,-1.22464679914735E-16));
#4825=DIRECTION('ref_axis',(-1.22464679914735E-16,1.,8.40497557742885E-17));
#4826=DIRECTION('center_axis',(-1.,-1.22464679914735E-16,1.22464679914735E-16));
#4827=DIRECTION('ref_axis',(-1.22464679914735E-16,1.,8.40497557742885E-17));
#4828=DIRECTION('center_axis',(-1.,-1.22464679914735E-16,1.22464679914735E-16));
#4829=DIRECTION('ref_axis',(-1.22464679914735E-16,1.,8.40497557742885E-17));
#4830=DIRECTION('center_axis',(-1.,-1.22464679914735E-16,1.22464679914735E-16));
#4831=DIRECTION('ref_axis',(-1.22464679914735E-16,1.,8.40497557742885E-17));
#4832=DIRECTION('center_axis',(-1.,-1.22464679914735E-16,1.22464679914735E-16));
#4833=DIRECTION('ref_axis',(-1.22464679914735E-16,1.,8.40497557742885E-17));
#4834=DIRECTION('center_axis',(1.,1.22464679914735E-16,-1.22464679914735E-16));
#4835=DIRECTION('ref_axis',(-1.22464679914735E-16,1.,8.40497557742885E-17));
#4836=DIRECTION('center_axis',(-1.,-1.22464679914735E-16,1.22464679914735E-16));
#4837=DIRECTION('ref_axis',(1.22464679914735E-16,-1.,-2.06514435689024E-16));
#4838=DIRECTION('center_axis',(1.,1.22464679914735E-16,-1.22464679914735E-16));
#4839=DIRECTION('ref_axis',(-1.22464679914735E-16,1.,8.40497557742885E-17));
#4840=DIRECTION('center_axis',(-1.,-1.22464679914735E-16,1.22464679914735E-16));
#4841=DIRECTION('ref_axis',(-1.22464679914735E-16,1.,8.40497557742885E-17));
#4842=DIRECTION('center_axis',(-1.,-1.22464679914735E-16,1.22464679914735E-16));
#4843=DIRECTION('ref_axis',(1.22464679914735E-16,-1.,3.84149241404468E-17));
#4844=DIRECTION('center_axis',(1.,1.22464679914735E-16,-1.22464679914735E-16));
#4845=DIRECTION('ref_axis',(-1.22464679914735E-16,1.,8.40497557742885E-17));
#4846=DIRECTION('center_axis',(3.93135822722839E-17,-0.951056516295154,
-0.309016994374947));
#4847=DIRECTION('ref_axis',(-1.,-6.12323399573677E-17,6.12323399573677E-17));
#4848=DIRECTION('',(7.71572495766254E-17,-0.309016994374947,0.951056516295154));
#4849=DIRECTION('center_axis',(3.93135822722839E-17,-0.951056516295154,
-0.309016994374947));
#4850=DIRECTION('ref_axis',(-1.,-6.12323399573677E-17,6.12323399573677E-17));
#4851=DIRECTION('',(-1.,-6.12323399573677E-17,6.12323399573677E-17));
#4852=DIRECTION('',(7.71572495766254E-17,-0.309016994374947,0.951056516295154));
#4853=DIRECTION('center_axis',(3.93135822722839E-17,-0.951056516295154,
-0.309016994374947));
#4854=DIRECTION('ref_axis',(-1.,-6.12323399573677E-17,6.12323399573677E-17));
#4855=DIRECTION('',(7.71572495766254E-17,-0.309016994374947,0.951056516295154));
#4856=DIRECTION('',(-1.,-6.12323399573677E-17,6.12323399573677E-17));
#4857=DIRECTION('',(-1.,-6.12323399573677E-17,6.12323399573677E-17));
#4858=DIRECTION('',(-1.,-6.12323399573677E-17,6.12323399573677E-17));
#4859=DIRECTION('center_axis',(-1.,-6.12323399573677E-17,6.12323399573677E-17));
#4860=DIRECTION('ref_axis',(-3.93135822722839E-17,0.951056516295154,0.309016994374947));
#4861=DIRECTION('',(-7.71572495766254E-17,0.309016994374947,-0.951056516295154));
#4862=DIRECTION('center_axis',(1.,6.12323399573677E-17,-6.12323399573677E-17));
#4863=DIRECTION('ref_axis',(3.93135822722839E-17,-0.951056516295154,-0.309016994374947));
#4864=DIRECTION('center_axis',(-1.,-6.12323399573677E-17,6.12323399573677E-17));
#4865=DIRECTION('ref_axis',(-7.71572495766253E-17,0.309016994374947,-0.951056516295154));
#4866=DIRECTION('',(-7.71572495766254E-17,0.309016994374947,-0.951056516295154));
#4867=DIRECTION('center_axis',(-3.93135822722839E-17,0.951056516295154,
0.309016994374947));
#4868=DIRECTION('ref_axis',(1.,6.12323399573677E-17,-6.12323399573677E-17));
#4869=DIRECTION('center_axis',(-3.93135822722839E-17,0.951056516295154,
0.309016994374947));
#4870=DIRECTION('ref_axis',(1.,6.12323399573677E-17,-6.12323399573677E-17));
#4871=DIRECTION('',(1.,6.12323399573677E-17,-6.12323399573677E-17));
#4872=DIRECTION('center_axis',(-3.93135822722839E-17,0.951056516295154,
0.309016994374947));
#4873=DIRECTION('ref_axis',(1.,6.12323399573677E-17,-6.12323399573677E-17));
#4874=DIRECTION('',(1.,6.12323399573677E-17,-6.12323399573677E-17));
#4875=DIRECTION('',(1.,6.12323399573677E-17,-6.12323399573677E-17));
#4876=DIRECTION('',(1.,6.12323399573677E-17,-6.12323399573677E-17));
#4877=DIRECTION('',(-7.71572495766254E-17,0.309016994374947,-0.951056516295154));
#4878=DIRECTION('center_axis',(-1.,-6.12323399573677E-17,6.12323399573677E-17));
#4879=DIRECTION('ref_axis',(-7.71572495766254E-17,0.309016994374947,-0.951056516295154));
#4880=DIRECTION('center_axis',(1.,6.12323399573677E-17,-6.12323399573677E-17));
#4881=DIRECTION('ref_axis',(-7.71572495766254E-17,0.309016994374947,-0.951056516295154));
#4882=DIRECTION('center_axis',(1.,6.12323399573677E-17,-6.12323399573677E-17));
#4883=DIRECTION('ref_axis',(-7.71572495766254E-17,0.309016994374947,-0.951056516295154));
#4884=DIRECTION('center_axis',(1.,6.12323399573677E-17,-6.12323399573677E-17));
#4885=DIRECTION('ref_axis',(-7.71572495766254E-17,0.309016994374947,-0.951056516295154));
#4886=DIRECTION('center_axis',(1.,6.12323399573677E-17,-6.12323399573677E-17));
#4887=DIRECTION('ref_axis',(-7.71572495766254E-17,0.309016994374947,-0.951056516295154));
#4888=DIRECTION('center_axis',(-1.,-6.12323399573677E-17,6.12323399573677E-17));
#4889=DIRECTION('ref_axis',(-7.71572495766254E-17,0.309016994374947,-0.951056516295154));
#4890=DIRECTION('center_axis',(-1.,-6.12323399573677E-17,6.12323399573677E-17));
#4891=DIRECTION('ref_axis',(-7.71572495766253E-17,0.309016994374947,-0.951056516295154));
#4892=DIRECTION('center_axis',(1.,6.12323399573677E-17,-6.12323399573677E-17));
#4893=DIRECTION('ref_axis',(-7.71572495766254E-17,0.309016994374947,-0.951056516295154));
#4894=DIRECTION('center_axis',(-1.,-6.12323399573677E-17,6.12323399573677E-17));
#4895=DIRECTION('ref_axis',(-7.71572495766254E-17,0.309016994374947,-0.951056516295154));
#4896=DIRECTION('center_axis',(-1.,-6.12323399573677E-17,6.12323399573677E-17));
#4897=DIRECTION('ref_axis',(-7.71572495766254E-17,0.309016994374947,-0.951056516295154));
#4898=DIRECTION('center_axis',(1.,6.12323399573677E-17,-6.12323399573677E-17));
#4899=DIRECTION('ref_axis',(-7.71572495766254E-17,0.309016994374947,-0.951056516295154));
#4900=DIRECTION('center_axis',(-1.,-6.12323399573677E-17,6.12323399573677E-17));
#4901=DIRECTION('ref_axis',(-7.71572495766253E-17,0.309016994374947,-0.951056516295154));
#4902=DIRECTION('center_axis',(-1.,-6.12323399573677E-17,6.12323399573677E-17));
#4903=DIRECTION('ref_axis',(-7.71572495766253E-17,0.309016994374947,-0.951056516295154));
#4904=DIRECTION('center_axis',(1.,6.12323399573677E-17,-6.12323399573677E-17));
#4905=DIRECTION('ref_axis',(0.,-0.951056516295154,-0.309016994374947));
#4906=DIRECTION('center_axis',(1.,6.12323399573677E-17,-6.12323399573677E-17));
#4907=DIRECTION('ref_axis',(-7.71572495766254E-17,0.309016994374947,-0.951056516295154));
#4908=DIRECTION('center_axis',(1.,6.12323399573677E-17,-6.12323399573677E-17));
#4909=DIRECTION('ref_axis',(-7.71572495766253E-17,0.309016994374947,-0.951056516295154));
#4910=DIRECTION('center_axis',(-1.,-6.12323399573677E-17,6.12323399573677E-17));
#4911=DIRECTION('ref_axis',(-7.71572495766253E-17,0.309016994374947,-0.951056516295154));
#4912=DIRECTION('center_axis',(1.,6.12323399573677E-17,-6.12323399573677E-17));
#4913=DIRECTION('ref_axis',(-7.71572495766254E-17,0.309016994374947,-0.951056516295154));
#4914=DIRECTION('center_axis',(-1.,-6.12323399573677E-17,6.12323399573677E-17));
#4915=DIRECTION('ref_axis',(-7.71572495766254E-17,0.309016994374947,-0.951056516295154));
#4916=DIRECTION('center_axis',(-1.,-6.12323399573677E-17,6.12323399573677E-17));
#4917=DIRECTION('ref_axis',(-3.93135822722839E-17,0.951056516295154,0.309016994374947));
#4918=DIRECTION('center_axis',(1.,6.12323399573677E-17,-6.12323399573677E-17));
#4919=DIRECTION('ref_axis',(-7.71572495766254E-17,0.309016994374947,-0.951056516295154));
#4920=DIRECTION('center_axis',(1.35465372405547E-17,0.587785252292473,0.809016994374947));
#4921=DIRECTION('ref_axis',(-1.,-6.12323399573677E-17,6.12323399573677E-17));
#4922=DIRECTION('',(-8.55294700211544E-17,0.809016994374947,-0.587785252292473));
#4923=DIRECTION('center_axis',(1.35465372405547E-17,0.587785252292473,0.809016994374947));
#4924=DIRECTION('ref_axis',(-1.,-6.12323399573677E-17,6.12323399573677E-17));
#4925=DIRECTION('',(-1.,-6.12323399573677E-17,6.12323399573677E-17));
#4926=DIRECTION('',(-8.55294700211544E-17,0.809016994374947,-0.587785252292473));
#4927=DIRECTION('center_axis',(-1.,-6.12323399573677E-17,6.12323399573677E-17));
#4928=DIRECTION('ref_axis',(-1.35465372405547E-17,-0.587785252292473,-0.809016994374947));
#4929=DIRECTION('',(8.55294700211544E-17,-0.809016994374947,0.587785252292473));
#4930=DIRECTION('center_axis',(1.,6.12323399573677E-17,-6.12323399573677E-17));
#4931=DIRECTION('ref_axis',(1.35465372405547E-17,0.587785252292473,0.809016994374947));
#4932=DIRECTION('center_axis',(-1.,-6.12323399573677E-17,6.12323399573677E-17));
#4933=DIRECTION('ref_axis',(8.55294700211544E-17,-0.809016994374947,0.587785252292473));
#4934=DIRECTION('',(8.55294700211544E-17,-0.809016994374947,0.587785252292473));
#4935=DIRECTION('center_axis',(-1.35465372405547E-17,-0.587785252292473,
-0.809016994374947));
#4936=DIRECTION('ref_axis',(1.,6.12323399573677E-17,-6.12323399573677E-17));
#4937=DIRECTION('center_axis',(-1.35465372405547E-17,-0.587785252292473,
-0.809016994374947));
#4938=DIRECTION('ref_axis',(1.,6.12323399573677E-17,-6.12323399573677E-17));
#4939=DIRECTION('',(1.,6.12323399573677E-17,-6.12323399573677E-17));
#4940=DIRECTION('center_axis',(1.,6.12323399573677E-17,-6.12323399573677E-17));
#4941=DIRECTION('ref_axis',(8.55294700211544E-17,-0.809016994374947,0.587785252292473));
#4942=DIRECTION('center_axis',(1.,6.12323399573677E-17,-6.12323399573677E-17));
#4943=DIRECTION('ref_axis',(8.55294700211544E-17,-0.809016994374947,0.587785252292473));
#4944=DIRECTION('center_axis',(1.,6.12323399573677E-17,-6.12323399573677E-17));
#4945=DIRECTION('ref_axis',(8.55294700211544E-17,-0.809016994374947,0.587785252292473));
#4946=DIRECTION('center_axis',(-1.,-6.12323399573677E-17,6.12323399573677E-17));
#4947=DIRECTION('ref_axis',(8.55294700211544E-17,-0.809016994374947,0.587785252292473));
#4948=DIRECTION('center_axis',(-1.,-6.12323399573677E-17,6.12323399573677E-17));
#4949=DIRECTION('ref_axis',(8.55294700211544E-17,-0.809016994374947,0.587785252292473));
#4950=DIRECTION('center_axis',(1.,6.12323399573677E-17,-6.12323399573677E-17));
#4951=DIRECTION('ref_axis',(8.55294700211544E-17,-0.809016994374947,0.587785252292473));
#4952=DIRECTION('center_axis',(-1.,-6.12323399573677E-17,6.12323399573677E-17));
#4953=DIRECTION('ref_axis',(8.55294700211544E-17,-0.809016994374947,0.587785252292473));
#4954=DIRECTION('center_axis',(-1.,-6.12323399573677E-17,6.12323399573677E-17));
#4955=DIRECTION('ref_axis',(8.55294700211544E-17,-0.809016994374947,0.587785252292473));
#4956=DIRECTION('center_axis',(1.,6.12323399573677E-17,-6.12323399573677E-17));
#4957=DIRECTION('ref_axis',(8.55294700211544E-17,-0.809016994374947,0.587785252292473));
#4958=DIRECTION('center_axis',(-1.,-6.12323399573677E-17,6.12323399573677E-17));
#4959=DIRECTION('ref_axis',(8.55294700211544E-17,-0.809016994374947,0.587785252292473));
#4960=DIRECTION('center_axis',(-1.,-6.12323399573677E-17,6.12323399573677E-17));
#4961=DIRECTION('ref_axis',(8.55294700211544E-17,-0.809016994374947,0.587785252292473));
#4962=DIRECTION('center_axis',(1.,6.12323399573677E-17,-6.12323399573677E-17));
#4963=DIRECTION('ref_axis',(0.,0.587785252292473,0.809016994374947));
#4964=DIRECTION('center_axis',(1.,6.12323399573677E-17,-6.12323399573677E-17));
#4965=DIRECTION('ref_axis',(8.55294700211544E-17,-0.809016994374947,0.587785252292473));
#4966=DIRECTION('center_axis',(1.,6.12323399573677E-17,-6.12323399573677E-17));
#4967=DIRECTION('ref_axis',(8.55294700211544E-17,-0.809016994374947,0.587785252292473));
#4968=DIRECTION('center_axis',(-1.,-6.12323399573677E-17,6.12323399573677E-17));
#4969=DIRECTION('ref_axis',(8.55294700211544E-17,-0.809016994374947,0.587785252292473));
#4970=DIRECTION('center_axis',(1.,6.12323399573677E-17,-6.12323399573677E-17));
#4971=DIRECTION('ref_axis',(8.55294700211544E-17,-0.809016994374947,0.587785252292473));
#4972=DIRECTION('center_axis',(-1.,-6.12323399573677E-17,6.12323399573677E-17));
#4973=DIRECTION('ref_axis',(8.55294700211544E-17,-0.809016994374947,0.587785252292473));
#4974=DIRECTION('center_axis',(-1.,-6.12323399573677E-17,6.12323399573677E-17));
#4975=DIRECTION('ref_axis',(-1.35465372405547E-17,-0.587785252292473,-0.809016994374947));
#4976=DIRECTION('center_axis',(1.,6.12323399573677E-17,-6.12323399573677E-17));
#4977=DIRECTION('ref_axis',(8.55294700211544E-17,-0.809016994374947,0.587785252292473));
#4978=DIRECTION('center_axis',(6.12323399573677E-17,-6.65188524330819E-17,
1.));
#4979=DIRECTION('ref_axis',(1.,6.12323399573677E-17,-6.12323399573677E-17));
#4980=DIRECTION('',(-6.12323399573677E-17,1.,6.65188524330819E-17));
#4981=DIRECTION('',(1.,6.12323399573677E-17,-6.12323399573677E-17));
#4982=DIRECTION('center_axis',(6.12323399573677E-17,-6.65188524330819E-17,
1.));
#4983=DIRECTION('ref_axis',(1.,6.12323399573677E-17,-6.12323399573677E-17));
#4984=DIRECTION('',(-6.12323399573677E-17,1.,6.65188524330819E-17));
#4985=DIRECTION('center_axis',(-6.12323399573677E-17,6.65188524330819E-17,
-1.));
#4986=DIRECTION('ref_axis',(-1.,-6.12323399573677E-17,6.12323399573677E-17));
#4987=DIRECTION('',(-1.,-6.12323399573677E-17,6.12323399573677E-17));
#4988=DIRECTION('',(6.12323399573677E-17,-1.,-6.65188524330819E-17));
#4989=DIRECTION('center_axis',(-6.12323399573677E-17,6.65188524330819E-17,
-1.));
#4990=DIRECTION('ref_axis',(-1.,-6.12323399573677E-17,6.12323399573677E-17));
#4991=DIRECTION('',(6.12323399573677E-17,-1.,-6.65188524330819E-17));
#4992=DIRECTION('center_axis',(-6.12323399573677E-17,6.65188524330819E-17,
-1.));
#4993=DIRECTION('ref_axis',(-1.,-6.12323399573677E-17,6.12323399573677E-17));
#4994=DIRECTION('',(6.12323399573677E-17,-1.,-6.65188524330819E-17));
#4995=DIRECTION('',(-1.,-6.12323399573677E-17,6.12323399573677E-17));
#4996=DIRECTION('',(-1.,-6.12323399573677E-17,6.12323399573677E-17));
#4997=DIRECTION('',(-1.,-6.12323399573677E-17,6.12323399573677E-17));
#4998=DIRECTION('center_axis',(1.,6.12323399573677E-17,-6.12323399573677E-17));
#4999=DIRECTION('ref_axis',(-6.12323399573677E-17,1.,6.65188524330819E-17));
#5000=DIRECTION('center_axis',(1.,6.12323399573677E-17,-6.12323399573677E-17));
#5001=DIRECTION('ref_axis',(-6.12323399573677E-17,1.,6.65188524330819E-17));
#5002=DIRECTION('center_axis',(1.,6.12323399573677E-17,-6.12323399573677E-17));
#5003=DIRECTION('ref_axis',(-6.12323399573677E-17,1.,6.65188524330819E-17));
#5004=DIRECTION('center_axis',(-1.,-6.12323399573677E-17,6.12323399573677E-17));
#5005=DIRECTION('ref_axis',(-6.12323399573677E-17,1.,6.65188524330819E-17));
#5006=DIRECTION('center_axis',(-1.,-6.12323399573677E-17,6.12323399573677E-17));
#5007=DIRECTION('ref_axis',(-6.12323399573677E-17,1.,6.65188524330819E-17));
#5008=DIRECTION('center_axis',(1.,6.12323399573677E-17,-6.12323399573677E-17));
#5009=DIRECTION('ref_axis',(-6.12323399573676E-17,1.,6.65188524330819E-17));
#5010=DIRECTION('center_axis',(-1.,-6.12323399573677E-17,6.12323399573677E-17));
#5011=DIRECTION('ref_axis',(-6.12323399573677E-17,1.,6.6518852433082E-17));
#5012=DIRECTION('center_axis',(-1.,-6.12323399573677E-17,6.12323399573677E-17));
#5013=DIRECTION('ref_axis',(-6.12323399573677E-17,1.,6.6518852433082E-17));
#5014=DIRECTION('center_axis',(1.,6.12323399573677E-17,-6.12323399573677E-17));
#5015=DIRECTION('ref_axis',(-6.12323399573677E-17,1.,6.6518852433082E-17));
#5016=DIRECTION('center_axis',(-1.,-6.12323399573677E-17,6.12323399573677E-17));
#5017=DIRECTION('ref_axis',(-6.12323399573677E-17,1.,6.6518852433082E-17));
#5018=DIRECTION('center_axis',(1.,6.12323399573677E-17,-6.12323399573677E-17));
#5019=DIRECTION('ref_axis',(-6.12323399573677E-17,1.,6.65188524330819E-17));
#5020=DIRECTION('center_axis',(-1.,-6.12323399573677E-17,6.12323399573677E-17));
#5021=DIRECTION('ref_axis',(-6.12323399573677E-17,1.,6.65188524330819E-17));
#5022=DIRECTION('center_axis',(-1.,-6.12323399573677E-17,6.12323399573677E-17));
#5023=DIRECTION('ref_axis',(-6.12323399573677E-17,1.,6.65188524330819E-17));
#5024=DIRECTION('center_axis',(-1.,-6.12323399573677E-17,6.12323399573677E-17));
#5025=DIRECTION('ref_axis',(6.12323399573677E-17,-6.65188524330819E-17,
1.));
#5026=DIRECTION('center_axis',(1.,6.12323399573677E-17,-6.12323399573677E-17));
#5027=DIRECTION('ref_axis',(-6.12323399573677E-17,6.65188524330819E-17,
-1.));
#5028=DIRECTION('center_axis',(-1.,-6.12323399573677E-17,6.12323399573677E-17));
#5029=DIRECTION('ref_axis',(-6.12323399573677E-17,1.,6.65188524330819E-17));
#5030=DIRECTION('center_axis',(1.,6.12323399573677E-17,-6.12323399573677E-17));
#5031=DIRECTION('ref_axis',(0.,6.65188524330819E-17,-1.));
#5032=DIRECTION('center_axis',(1.,6.12323399573677E-17,-6.12323399573677E-17));
#5033=DIRECTION('ref_axis',(-6.12323399573677E-17,1.,6.65188524330819E-17));
#5034=DIRECTION('center_axis',(1.,6.12323399573677E-17,-6.12323399573677E-17));
#5035=DIRECTION('ref_axis',(-6.12323399573677E-17,1.,6.65188524330819E-17));
#5036=DIRECTION('center_axis',(-1.,-6.12323399573677E-17,6.12323399573677E-17));
#5037=DIRECTION('ref_axis',(-6.12323399573677E-17,1.,6.65188524330819E-17));
#5038=DIRECTION('center_axis',(1.,6.12323399573677E-17,-6.12323399573677E-17));
#5039=DIRECTION('ref_axis',(-6.12323399573677E-17,1.,6.65188524330819E-17));
#5040=DIRECTION('center_axis',(-1.,-6.12323399573677E-17,6.12323399573677E-17));
#5041=DIRECTION('ref_axis',(-6.12323399573677E-17,1.,6.65188524330819E-17));
#5042=DIRECTION('center_axis',(-1.,-6.12323399573677E-17,6.12323399573677E-17));
#5043=DIRECTION('ref_axis',(6.12323399573677E-17,-6.65188524330819E-17,
1.));
#5044=DIRECTION('center_axis',(-7.71572495766254E-17,0.951056516295154,
-0.309016994374947));
#5045=DIRECTION('ref_axis',(-1.,-6.12323399573677E-17,6.12323399573677E-17));
#5046=DIRECTION('',(-3.93135822722839E-17,-0.309016994374947,-0.951056516295154));
#5047=DIRECTION('center_axis',(-7.71572495766254E-17,0.951056516295154,
-0.309016994374947));
#5048=DIRECTION('ref_axis',(-1.,-6.12323399573677E-17,6.12323399573677E-17));
#5049=DIRECTION('',(-1.,-6.12323399573677E-17,6.12323399573677E-17));
#5050=DIRECTION('',(-3.93135822722839E-17,-0.309016994374947,-0.951056516295154));
#5051=DIRECTION('center_axis',(-1.,-6.12323399573677E-17,6.12323399573677E-17));
#5052=DIRECTION('ref_axis',(7.71572495766254E-17,-0.951056516295154,0.309016994374947));
#5053=DIRECTION('',(3.93135822722839E-17,0.309016994374947,0.951056516295154));
#5054=DIRECTION('center_axis',(1.,6.12323399573677E-17,-6.12323399573677E-17));
#5055=DIRECTION('ref_axis',(-7.71572495766254E-17,0.951056516295154,-0.309016994374947));
#5056=DIRECTION('center_axis',(-1.,-6.12323399573677E-17,6.12323399573677E-17));
#5057=DIRECTION('ref_axis',(3.93135822722839E-17,0.309016994374947,0.951056516295154));
#5058=DIRECTION('',(3.93135822722839E-17,0.309016994374947,0.951056516295154));
#5059=DIRECTION('center_axis',(7.71572495766254E-17,-0.951056516295154,
0.309016994374947));
#5060=DIRECTION('ref_axis',(1.,6.12323399573677E-17,-6.12323399573677E-17));
#5061=DIRECTION('center_axis',(7.71572495766254E-17,-0.951056516295154,
0.309016994374947));
#5062=DIRECTION('ref_axis',(1.,6.12323399573677E-17,-6.12323399573677E-17));
#5063=DIRECTION('',(1.,6.12323399573677E-17,-6.12323399573677E-17));
#5064=DIRECTION('center_axis',(1.,6.12323399573677E-17,-6.12323399573677E-17));
#5065=DIRECTION('ref_axis',(3.93135822722839E-17,0.309016994374947,0.951056516295154));
#5066=DIRECTION('center_axis',(1.,6.12323399573677E-17,-6.12323399573677E-17));
#5067=DIRECTION('ref_axis',(3.93135822722839E-17,0.309016994374947,0.951056516295154));
#5068=DIRECTION('center_axis',(1.,6.12323399573677E-17,-6.12323399573677E-17));
#5069=DIRECTION('ref_axis',(3.93135822722839E-17,0.309016994374947,0.951056516295154));
#5070=DIRECTION('center_axis',(-1.,-6.12323399573677E-17,6.12323399573677E-17));
#5071=DIRECTION('ref_axis',(3.93135822722839E-17,0.309016994374947,0.951056516295154));
#5072=DIRECTION('center_axis',(-1.,-6.12323399573677E-17,6.12323399573677E-17));
#5073=DIRECTION('ref_axis',(3.93135822722839E-17,0.309016994374947,0.951056516295154));
#5074=DIRECTION('center_axis',(1.,6.12323399573677E-17,-6.12323399573677E-17));
#5075=DIRECTION('ref_axis',(3.93135822722839E-17,0.309016994374947,0.951056516295154));
#5076=DIRECTION('center_axis',(-1.,-6.12323399573677E-17,6.12323399573677E-17));
#5077=DIRECTION('ref_axis',(3.93135822722839E-17,0.309016994374947,0.951056516295154));
#5078=DIRECTION('center_axis',(-1.,-6.12323399573677E-17,6.12323399573677E-17));
#5079=DIRECTION('ref_axis',(3.93135822722839E-17,0.309016994374947,0.951056516295154));
#5080=DIRECTION('center_axis',(1.,6.12323399573677E-17,-6.12323399573677E-17));
#5081=DIRECTION('ref_axis',(3.93135822722839E-17,0.309016994374947,0.951056516295154));
#5082=DIRECTION('center_axis',(-1.,-6.12323399573677E-17,6.12323399573677E-17));
#5083=DIRECTION('ref_axis',(3.93135822722839E-17,0.309016994374947,0.951056516295154));
#5084=DIRECTION('center_axis',(-1.,-6.12323399573677E-17,6.12323399573677E-17));
#5085=DIRECTION('ref_axis',(3.93135822722839E-17,0.309016994374947,0.951056516295154));
#5086=DIRECTION('center_axis',(1.,6.12323399573677E-17,-6.12323399573677E-17));
#5087=DIRECTION('ref_axis',(0.,0.951056516295154,-0.309016994374947));
#5088=DIRECTION('center_axis',(1.,6.12323399573677E-17,-6.12323399573677E-17));
#5089=DIRECTION('ref_axis',(3.93135822722839E-17,0.309016994374947,0.951056516295154));
#5090=DIRECTION('center_axis',(1.,6.12323399573677E-17,-6.12323399573677E-17));
#5091=DIRECTION('ref_axis',(3.93135822722839E-17,0.309016994374947,0.951056516295154));
#5092=DIRECTION('center_axis',(-1.,-6.12323399573677E-17,6.12323399573677E-17));
#5093=DIRECTION('ref_axis',(3.93135822722839E-17,0.309016994374947,0.951056516295154));
#5094=DIRECTION('center_axis',(1.,6.12323399573677E-17,-6.12323399573677E-17));
#5095=DIRECTION('ref_axis',(3.93135822722839E-17,0.309016994374947,0.951056516295154));
#5096=DIRECTION('center_axis',(-1.,-6.12323399573677E-17,6.12323399573677E-17));
#5097=DIRECTION('ref_axis',(3.93135822722839E-17,0.309016994374947,0.951056516295154));
#5098=DIRECTION('center_axis',(-1.,-6.12323399573677E-17,6.12323399573677E-17));
#5099=DIRECTION('ref_axis',(7.71572495766254E-17,-0.951056516295154,0.309016994374947));
#5100=DIRECTION('center_axis',(1.,6.12323399573677E-17,-6.12323399573677E-17));
#5101=DIRECTION('ref_axis',(3.93135822722839E-17,0.309016994374947,0.951056516295154));
#5102=DIRECTION('center_axis',(8.55294700211544E-17,-0.587785252292473,
0.809016994374948));
#5103=DIRECTION('ref_axis',(-1.,-6.12323399573677E-17,6.12323399573677E-17));
#5104=DIRECTION('',(-1.35465372405548E-17,0.809016994374947,0.587785252292473));
#5105=DIRECTION('center_axis',(8.55294700211544E-17,-0.587785252292473,
0.809016994374948));
#5106=DIRECTION('ref_axis',(-1.,-6.12323399573677E-17,6.12323399573677E-17));
#5107=DIRECTION('',(-1.,-6.12323399573677E-17,6.12323399573677E-17));
#5108=DIRECTION('',(-1.35465372405548E-17,0.809016994374947,0.587785252292473));
#5109=DIRECTION('center_axis',(8.55294700211544E-17,-0.587785252292473,
0.809016994374948));
#5110=DIRECTION('ref_axis',(-1.,-6.12323399573677E-17,6.12323399573677E-17));
#5111=DIRECTION('',(-1.35465372405548E-17,0.809016994374947,0.587785252292473));
#5112=DIRECTION('',(-1.,-6.12323399573677E-17,6.12323399573677E-17));
#5113=DIRECTION('',(-1.,-6.12323399573677E-17,6.12323399573677E-17));
#5114=DIRECTION('',(-1.,-6.12323399573677E-17,6.12323399573677E-17));
#5115=DIRECTION('center_axis',(-1.,-6.12323399573677E-17,6.12323399573677E-17));
#5116=DIRECTION('ref_axis',(-8.55294700211544E-17,0.587785252292473,-0.809016994374947));
#5117=DIRECTION('',(1.35465372405548E-17,-0.809016994374947,-0.587785252292473));
#5118=DIRECTION('center_axis',(1.,6.12323399573677E-17,-6.12323399573677E-17));
#5119=DIRECTION('ref_axis',(8.55294700211544E-17,-0.587785252292473,0.809016994374947));
#5120=DIRECTION('center_axis',(-1.,-6.12323399573677E-17,6.12323399573677E-17));
#5121=DIRECTION('ref_axis',(1.35465372405548E-17,-0.809016994374947,-0.587785252292473));
#5122=DIRECTION('',(1.35465372405548E-17,-0.809016994374947,-0.587785252292473));
#5123=DIRECTION('center_axis',(-8.55294700211544E-17,0.587785252292473,
-0.809016994374948));
#5124=DIRECTION('ref_axis',(1.,6.12323399573677E-17,-6.12323399573677E-17));
#5125=DIRECTION('center_axis',(-8.55294700211544E-17,0.587785252292473,
-0.809016994374948));
#5126=DIRECTION('ref_axis',(1.,6.12323399573677E-17,-6.12323399573677E-17));
#5127=DIRECTION('',(1.,6.12323399573677E-17,-6.12323399573677E-17));
#5128=DIRECTION('center_axis',(-8.55294700211544E-17,0.587785252292473,
-0.809016994374948));
#5129=DIRECTION('ref_axis',(1.,6.12323399573677E-17,-6.12323399573677E-17));
#5130=DIRECTION('',(1.,6.12323399573677E-17,-6.12323399573677E-17));
#5131=DIRECTION('',(1.,6.12323399573677E-17,-6.12323399573677E-17));
#5132=DIRECTION('',(1.,6.12323399573677E-17,-6.12323399573677E-17));
#5133=DIRECTION('',(1.35465372405548E-17,-0.809016994374947,-0.587785252292473));
#5134=DIRECTION('center_axis',(-1.,-6.12323399573677E-17,6.12323399573677E-17));
#5135=DIRECTION('ref_axis',(1.35465372405548E-17,-0.809016994374948,-0.587785252292473));
#5136=DIRECTION('center_axis',(1.,6.12323399573677E-17,-6.12323399573677E-17));
#5137=DIRECTION('ref_axis',(1.35465372405548E-17,-0.809016994374948,-0.587785252292473));
#5138=DIRECTION('center_axis',(1.,6.12323399573677E-17,-6.12323399573677E-17));
#5139=DIRECTION('ref_axis',(1.35465372405548E-17,-0.809016994374947,-0.587785252292473));
#5140=DIRECTION('center_axis',(1.,6.12323399573677E-17,-6.12323399573677E-17));
#5141=DIRECTION('ref_axis',(1.35465372405548E-17,-0.809016994374947,-0.587785252292473));
#5142=DIRECTION('center_axis',(1.,6.12323399573677E-17,-6.12323399573677E-17));
#5143=DIRECTION('ref_axis',(1.35465372405548E-17,-0.809016994374947,-0.587785252292473));
#5144=DIRECTION('center_axis',(-1.,-6.12323399573677E-17,6.12323399573677E-17));
#5145=DIRECTION('ref_axis',(1.35465372405548E-17,-0.809016994374947,-0.587785252292473));
#5146=DIRECTION('center_axis',(-1.,-6.12323399573677E-17,6.12323399573677E-17));
#5147=DIRECTION('ref_axis',(1.35465372405548E-17,-0.809016994374947,-0.587785252292473));
#5148=DIRECTION('center_axis',(1.,6.12323399573677E-17,-6.12323399573677E-17));
#5149=DIRECTION('ref_axis',(1.35465372405548E-17,-0.809016994374948,-0.587785252292473));
#5150=DIRECTION('center_axis',(-1.,-6.12323399573677E-17,6.12323399573677E-17));
#5151=DIRECTION('ref_axis',(1.35465372405548E-17,-0.809016994374948,-0.587785252292473));
#5152=DIRECTION('center_axis',(1.,6.12323399573677E-17,-6.12323399573677E-17));
#5153=DIRECTION('ref_axis',(1.35465372405548E-17,-0.809016994374947,-0.587785252292473));
#5154=DIRECTION('center_axis',(1.,6.12323399573677E-17,-6.12323399573677E-17));
#5155=DIRECTION('ref_axis',(1.35465372405548E-17,-0.809016994374948,-0.587785252292473));
#5156=DIRECTION('',(0.499999999999781,0.700629269222139,0.509036960455201));
#5157=DIRECTION('center_axis',(-1.,-6.12323399573677E-17,6.12323399573677E-17));
#5158=DIRECTION('ref_axis',(1.35465372405548E-17,-0.809016994374948,-0.587785252292473));
#5159=DIRECTION('center_axis',(-1.,-6.12323399573677E-17,6.12323399573677E-17));
#5160=DIRECTION('ref_axis',(1.35465372405548E-17,-0.809016994374948,-0.587785252292473));
#5161=DIRECTION('center_axis',(-1.,-6.12323399573677E-17,6.12323399573677E-17));
#5162=DIRECTION('ref_axis',(1.35465372405548E-17,-0.809016994374948,-0.587785252292473));
#5163=DIRECTION('center_axis',(-1.,-6.12323399573677E-17,6.12323399573677E-17));
#5164=DIRECTION('ref_axis',(1.35465372405548E-17,-0.809016994374947,-0.587785252292473));
#5165=DIRECTION('center_axis',(-1.,-6.12323399573677E-17,6.12323399573677E-17));
#5166=DIRECTION('ref_axis',(1.35465372405548E-17,-0.809016994374947,-0.587785252292473));
#5167=DIRECTION('center_axis',(-1.,-6.12323399573677E-17,6.12323399573677E-17));
#5168=DIRECTION('ref_axis',(1.35465372405548E-17,-0.809016994374947,-0.587785252292473));
#5169=DIRECTION('center_axis',(-1.,-6.12323399573677E-17,6.12323399573677E-17));
#5170=DIRECTION('ref_axis',(3.93135822722839E-17,0.309016994374947,0.951056516295154));
#5171=DIRECTION('center_axis',(-1.,-6.12323399573677E-17,6.12323399573677E-17));
#5172=DIRECTION('ref_axis',(3.93135822722839E-17,0.309016994374947,0.951056516295154));
#5173=DIRECTION('',(0.994521895368273,-0.0845653031794301,-0.061440289153523));
#5174=DIRECTION('center_axis',(-1.,-6.12323399573677E-17,6.12323399573677E-17));
#5175=DIRECTION('ref_axis',(1.35465372405548E-17,-0.809016994374947,-0.587785252292473));
#5176=DIRECTION('center_axis',(1.,6.12323399573677E-17,-6.12323399573677E-17));
#5177=DIRECTION('ref_axis',(0.,-0.587785252292473,0.809016994374948));
#5178=DIRECTION('center_axis',(1.,6.12323399573677E-17,-6.12323399573677E-17));
#5179=DIRECTION('ref_axis',(1.35465372405548E-17,-0.809016994374948,-0.587785252292473));
#5180=DIRECTION('center_axis',(1.,6.12323399573677E-17,-6.12323399573677E-17));
#5181=DIRECTION('ref_axis',(1.35465372405548E-17,-0.809016994374947,-0.587785252292473));
#5182=DIRECTION('center_axis',(1.,6.12323399573677E-17,-6.12323399573677E-17));
#5183=DIRECTION('ref_axis',(1.35465372405548E-17,-0.809016994374948,-0.587785252292473));
#5184=DIRECTION('',(0.86602540378432,0.404508497187641,0.293892626146358));
#5185=DIRECTION('center_axis',(1.,6.12323399573677E-17,-6.12323399573677E-17));
#5186=DIRECTION('ref_axis',(1.35465372405548E-17,-0.809016994374947,-0.587785252292473));
#5187=DIRECTION('center_axis',(-1.,-6.12323399573677E-17,6.12323399573677E-17));
#5188=DIRECTION('ref_axis',(1.35465372405548E-17,-0.809016994374948,-0.587785252292473));
#5189=DIRECTION('center_axis',(-1.,-6.12323399573677E-17,6.12323399573677E-17));
#5190=DIRECTION('ref_axis',(-8.55294700211544E-17,0.587785252292473,-0.809016994374947));
#5191=DIRECTION('center_axis',(1.,6.12323399573677E-17,-6.12323399573677E-17));
#5192=DIRECTION('ref_axis',(1.35465372405548E-17,-0.809016994374947,-0.587785252292473));
#5193=DIRECTION('center_axis',(1.,6.12323399573677E-17,-6.12323399573677E-17));
#5194=DIRECTION('ref_axis',(1.35465372405548E-17,-0.809016994374948,-0.587785252292473));
#5195=DIRECTION('center_axis',(-1.,-6.12323399573677E-17,6.12323399573677E-17));
#5196=DIRECTION('ref_axis',(1.35465372405548E-17,-0.809016994374947,-0.587785252292473));
#5197=DIRECTION('center_axis',(-1.,-6.12323399573677E-17,6.12323399573677E-17));
#5198=DIRECTION('ref_axis',(1.35465372405548E-17,-0.809016994374947,-0.587785252292473));
#5199=DIRECTION('',(-0.956304755963033,-0.236533677795076,-0.171851776223639));
#5200=DIRECTION('center_axis',(1.,6.12323399573677E-17,-6.12323399573677E-17));
#5201=DIRECTION('ref_axis',(1.35465372405548E-17,-0.809016994374948,-0.587785252292473));
#5202=DIRECTION('',(-0.104528463267685,-0.804585114630914,-0.584565303179427));
#5203=DIRECTION('center_axis',(1.,-2.74810209378597E-32,1.22098824992416E-32));
#5204=DIRECTION('ref_axis',(-5.42487962810371E-33,1.,-2.77555756156289E-16));
#5205=DIRECTION('',(-1.,2.74810209378597E-32,-1.22098824992416E-32));
#5206=DIRECTION('center_axis',(1.,-2.74810209378597E-32,1.22098824992416E-32));
#5207=DIRECTION('ref_axis',(-5.42487962810371E-33,1.,-2.77555756156289E-16));
#5208=DIRECTION('',(1.,-2.74810209378597E-32,1.22098824992416E-32));
#5209=DIRECTION('center_axis',(-1.,2.74810209378597E-32,-1.22098824992416E-32));
#5210=DIRECTION('ref_axis',(-5.42487962810371E-33,1.,-2.77555756156289E-16));
#5211=DIRECTION('center_axis',(-1.,2.74810209378597E-32,-1.22098824992416E-32));
#5212=DIRECTION('ref_axis',(-1.22098824992416E-32,2.77555756156289E-16,
1.));
#5213=DIRECTION('center_axis',(1.,-2.74810209378597E-32,1.22098824992416E-32));
#5214=DIRECTION('ref_axis',(-5.42487962810371E-33,1.,-2.77555756156289E-16));
#5215=DIRECTION('',(2.23629428458081E-32,0.951056516295154,0.309016994374947));
#5216=DIRECTION('center_axis',(1.,-2.74810209378597E-32,1.22098824992416E-32));
#5217=DIRECTION('ref_axis',(-5.42487962810371E-33,1.,-2.77555756156289E-16));
#5218=DIRECTION('',(2.23629428458081E-32,0.951056516295154,0.309016994374947));
#5219=DIRECTION('',(-2.01043908066743E-32,-0.309016994374947,0.951056516295154));
#5220=DIRECTION('center_axis',(1.,-2.74810209378597E-32,1.22098824992416E-32));
#5221=DIRECTION('ref_axis',(-5.42487962810371E-33,1.,-2.77555756156289E-16));
#5222=DIRECTION('',(2.74810209378597E-32,1.,-2.77555756156289E-16));
#5223=DIRECTION('',(-1.22098824992416E-32,2.77555756156289E-16,1.));
#5224=DIRECTION('center_axis',(1.,-2.74810209378597E-32,1.22098824992416E-32));
#5225=DIRECTION('ref_axis',(-5.42487962810371E-33,1.,-2.77555756156289E-16));
#5226=DIRECTION('',(-1.22098824992416E-32,2.77555756156289E-16,1.));
#5227=DIRECTION('',(-2.74810209378597E-32,-1.,2.77555756156289E-16));
#5228=DIRECTION('center_axis',(-1.,2.74810209378597E-32,-1.22098824992416E-32));
#5229=DIRECTION('ref_axis',(-5.42487962810371E-33,1.,-2.77555756156289E-16));
#5230=DIRECTION('',(-3.12018582152948E-33,0.309016994374948,0.951056516295153));
#5231=DIRECTION('',(-2.99090652289819E-32,-0.951056516295153,0.309016994374948));
#5232=DIRECTION('center_axis',(1.,-2.74810209378597E-32,1.22098824992416E-32));
#5233=DIRECTION('ref_axis',(-5.42487962810371E-33,1.,-2.77555756156289E-16));
#5234=DIRECTION('',(-2.99090652289819E-32,-0.951056516295153,0.309016994374948));
#5235=DIRECTION('',(3.12018582152948E-33,-0.309016994374948,-0.951056516295153));
#5236=DIRECTION('center_axis',(-1.,2.74810209378597E-32,-1.22098824992416E-32));
#5237=DIRECTION('ref_axis',(-5.42487962810371E-33,1.,-2.77555756156289E-16));
#5238=DIRECTION('',(-2.94094018267804E-32,-0.809016994374947,0.587785252292473));
#5239=DIRECTION('',(-6.27493638400688E-33,-0.587785252292473,-0.809016994374947));
#5240=DIRECTION('center_axis',(1.,-2.74810209378597E-32,1.22098824992416E-32));
#5241=DIRECTION('ref_axis',(-5.42487962810371E-33,1.,-2.77555756156289E-16));
#5242=DIRECTION('',(-6.27493638400688E-33,-0.587785252292473,-0.809016994374947));
#5243=DIRECTION('',(2.94094018267804E-32,0.809016994374947,-0.587785252292473));
#5244=DIRECTION('center_axis',(-1.,2.74810209378597E-32,-1.22098824992416E-32));
#5245=DIRECTION('ref_axis',(-5.42487962810371E-33,1.,-2.77555756156289E-16));
#5246=DIRECTION('',(-1.50558240962241E-32,-0.809016994374948,-0.587785252292473));
#5247=DIRECTION('',(2.60309412664223E-32,0.587785252292473,-0.809016994374948));
#5248=DIRECTION('center_axis',(1.,-2.74810209378597E-32,1.22098824992416E-32));
#5249=DIRECTION('ref_axis',(-5.42487962810371E-33,1.,-2.77555756156289E-16));
#5250=DIRECTION('',(2.60309412664223E-32,0.587785252292473,-0.809016994374948));
#5251=DIRECTION('',(1.50558240962241E-32,0.809016994374948,0.587785252292473));
#5252=DIRECTION('',(2.01043908066743E-32,0.309016994374947,-0.951056516295154));
#5253=DIRECTION('center_axis',(1.,-2.74810209378597E-32,1.22098824992416E-32));
#5254=DIRECTION('ref_axis',(-6.03869215038231E-32,-1.,4.00020436071024E-16));
#5255=DIRECTION('',(-1.,2.74810209378597E-32,-1.22098824992416E-32));
#5256=DIRECTION('center_axis',(1.,-2.74810209378597E-32,1.22098824992416E-32));
#5257=DIRECTION('ref_axis',(-5.42487962810371E-33,1.,-2.77555756156289E-16));
#5258=DIRECTION('',(1.,-2.74810209378597E-32,1.22098824992416E-32));
#5259=DIRECTION('center_axis',(1.,-2.74810209378597E-32,1.22098824992416E-32));
#5260=DIRECTION('ref_axis',(-5.42487962810371E-33,1.,-2.77555756156289E-16));
#5261=DIRECTION('',(-1.,2.74810209378597E-32,-1.22098824992416E-32));
#5262=DIRECTION('center_axis',(1.,-2.74810209378597E-32,1.22098824992416E-32));
#5263=DIRECTION('ref_axis',(-5.42487962810371E-33,1.,-2.77555756156289E-16));
#5264=DIRECTION('',(1.,-2.74810209378597E-32,1.22098824992416E-32));
#5265=DIRECTION('center_axis',(-1.30666666820689E-32,0.587785252292473,
0.809016994374947));
#5266=DIRECTION('ref_axis',(-1.,-5.42487962810371E-33,-1.22098824992416E-32));
#5267=DIRECTION('',(-2.94094018267804E-32,-0.809016994374947,0.587785252292473));
#5268=DIRECTION('',(-1.,2.74810209378597E-32,-1.22098824992416E-32));
#5269=DIRECTION('',(2.94094018267804E-32,0.809016994374947,-0.587785252292473));
#5270=DIRECTION('',(1.,-2.74810209378597E-32,1.22098824992416E-32));
#5271=DIRECTION('',(2.94094018267804E-32,0.809016994374947,-0.587785252292473));
#5272=DIRECTION('',(1.,5.42487962810371E-33,1.22098824992416E-32));
#5273=DIRECTION('center_axis',(1.,-2.74810209378597E-32,1.22098824992416E-32));
#5274=DIRECTION('ref_axis',(-5.42487962810371E-33,1.,-2.77555756156289E-16));
#5275=DIRECTION('',(-1.,2.74810209378597E-32,-1.22098824992416E-32));
#5276=DIRECTION('center_axis',(1.,-2.74810209378597E-32,1.22098824992416E-32));
#5277=DIRECTION('ref_axis',(-5.42487962810371E-33,1.,-2.77555756156289E-16));
#5278=DIRECTION('',(1.,-2.74810209378597E-32,1.22098824992416E-32));
#5279=DIRECTION('center_axis',(-1.38630592883795E-33,0.951056516295154,
-0.309016994374948));
#5280=DIRECTION('ref_axis',(-1.,-5.42487962810371E-33,-1.22098824992416E-32));
#5281=DIRECTION('',(-3.12018582152948E-33,0.309016994374948,0.951056516295153));
#5282=DIRECTION('',(-1.,2.74810209378597E-32,-1.22098824992416E-32));
#5283=DIRECTION('',(3.12018582152948E-33,-0.309016994374948,-0.951056516295153));
#5284=DIRECTION('',(1.,-2.74810209378597E-32,1.22098824992416E-32));
#5285=DIRECTION('',(3.12018582152948E-33,-0.309016994374948,-0.951056516295153));
#5286=DIRECTION('',(1.,5.42487962810371E-33,1.22098824992416E-32));
#5287=DIRECTION('center_axis',(1.22098824992416E-32,-2.77555756156289E-16,
-1.));
#5288=DIRECTION('ref_axis',(-1.,-5.42487962810371E-33,-1.22098824992416E-32));
#5289=DIRECTION('',(1.,-2.74810209378597E-32,1.22098824992416E-32));
#5290=DIRECTION('',(2.74810209378597E-32,1.,-2.77555756156289E-16));
#5291=DIRECTION('',(-1.,2.74810209378597E-32,-1.22098824992416E-32));
#5292=DIRECTION('',(-2.74810209378597E-32,-1.,2.77555756156289E-16));
#5293=DIRECTION('',(1.,-2.74810209378597E-32,1.22098824992416E-32));
#5294=DIRECTION('',(-2.74810209378597E-32,-1.,2.77555756156289E-16));
#5295=DIRECTION('',(1.,5.42487962810371E-33,1.22098824992416E-32));
#5296=DIRECTION('center_axis',(1.,-2.74810209378597E-32,1.22098824992416E-32));
#5297=DIRECTION('ref_axis',(-5.42487962810371E-33,1.,-2.77555756156289E-16));
#5298=DIRECTION('',(-1.,2.74810209378597E-32,-1.22098824992416E-32));
#5299=DIRECTION('center_axis',(-1.,2.74810209378597E-32,-1.22098824992416E-32));
#5300=DIRECTION('ref_axis',(-5.42487962810371E-33,1.,-2.77555756156289E-16));
#5301=DIRECTION('center_axis',(1.,-2.74810209378597E-32,1.22098824992416E-32));
#5302=DIRECTION('ref_axis',(1.22098824992416E-32,-2.77555756156289E-16,
-1.));
#5303=DIRECTION('center_axis',(1.,-2.74810209378597E-32,1.22098824992416E-32));
#5304=DIRECTION('ref_axis',(-5.42487962810371E-33,1.,-2.77555756156289E-16));
#5305=DIRECTION('',(2.01043908066743E-32,0.309016994374947,-0.951056516295154));
#5306=DIRECTION('center_axis',(1.,-2.74810209378597E-32,1.22098824992416E-32));
#5307=DIRECTION('ref_axis',(-5.42487962810371E-33,1.,-2.77555756156289E-16));
#5308=DIRECTION('center_axis',(1.,-2.74810209378597E-32,1.22098824992416E-32));
#5309=DIRECTION('ref_axis',(-5.42487962810371E-33,1.,-2.77555756156289E-16));
#5310=DIRECTION('center_axis',(-1.,2.74810209378597E-32,-1.22098824992416E-32));
#5311=DIRECTION('ref_axis',(-5.42487962810371E-33,1.,-2.77555756156289E-16));
#5312=DIRECTION('',(-1.,2.74810209378597E-32,-1.22098824992416E-32));
#5313=DIRECTION('center_axis',(-8.93242831201177E-33,0.951056516295154,
0.309016994374947));
#5314=DIRECTION('ref_axis',(1.,5.42487962810371E-33,1.22098824992416E-32));
#5315=DIRECTION('',(1.,5.42487962810371E-33,1.22098824992416E-32));
#5316=DIRECTION('',(2.01043908066743E-32,0.309016994374947,-0.951056516295154));
#5317=DIRECTION('',(1.,-2.74810209378597E-32,1.22098824992416E-32));
#5318=DIRECTION('',(-2.01043908066743E-32,-0.309016994374947,0.951056516295154));
#5319=DIRECTION('center_axis',(1.,-2.74810209378597E-32,1.22098824992416E-32));
#5320=DIRECTION('ref_axis',(1.22098824992416E-32,-2.77555756156289E-16,
-1.));
#5321=DIRECTION('',(-1.50558240962241E-32,-0.809016994374948,-0.587785252292473));
#5322=DIRECTION('center_axis',(1.,-2.74810209378597E-32,1.22098824992416E-32));
#5323=DIRECTION('ref_axis',(-5.42487962810371E-33,1.,-2.77555756156289E-16));
#5324=DIRECTION('',(-2.01043908066743E-32,-0.309016994374947,0.951056516295154));
#5325=DIRECTION('center_axis',(-1.,2.74810209378597E-32,-1.22098824992416E-32));
#5326=DIRECTION('ref_axis',(-5.42487962810371E-33,1.,-2.77555756156289E-16));
#5327=DIRECTION('center_axis',(1.,-2.74810209378597E-32,1.22098824992416E-32));
#5328=DIRECTION('ref_axis',(-5.42487962810371E-33,1.,-2.77555756156289E-16));
#5329=DIRECTION('',(1.,-2.74810209378597E-32,1.22098824992416E-32));
#5330=DIRECTION('center_axis',(1.,-2.74810209378597E-32,1.22098824992416E-32));
#5331=DIRECTION('ref_axis',(-5.42487962810371E-33,1.,-2.77555756156289E-16));
#5332=DIRECTION('',(-1.,2.74810209378597E-32,-1.22098824992416E-32));
#5333=DIRECTION('center_axis',(1.,-2.74810209378597E-32,1.22098824992416E-32));
#5334=DIRECTION('ref_axis',(1.22098824992416E-32,-2.77555756156289E-16,
-1.));
#5335=DIRECTION('',(-2.94094018267804E-32,-0.809016994374947,0.587785252292473));
#5336=DIRECTION('center_axis',(1.,-2.74810209378597E-32,1.22098824992416E-32));
#5337=DIRECTION('ref_axis',(-5.42487962810371E-33,1.,-2.77555756156289E-16));
#5338=DIRECTION('center_axis',(1.,-2.74810209378597E-32,1.22098824992416E-32));
#5339=DIRECTION('ref_axis',(-5.42487962810371E-33,1.,-2.77555756156289E-16));
#5340=DIRECTION('',(1.50558240962241E-32,0.809016994374948,0.587785252292473));
#5341=DIRECTION('center_axis',(-1.,2.74810209378597E-32,-1.22098824992416E-32));
#5342=DIRECTION('ref_axis',(-5.42487962810371E-33,1.,-2.77555756156289E-16));
#5343=DIRECTION('center_axis',(1.,-2.74810209378597E-32,1.22098824992416E-32));
#5344=DIRECTION('ref_axis',(-6.03869215038231E-32,-1.,4.00020436071024E-16));
#5345=DIRECTION('',(1.,-2.74810209378597E-32,1.22098824992416E-32));
#5346=DIRECTION('center_axis',(1.,-2.74810209378597E-32,1.22098824992416E-32));
#5347=DIRECTION('ref_axis',(-5.42487962810371E-33,1.,-2.77555756156289E-16));
#5348=DIRECTION('',(-1.,2.74810209378597E-32,-1.22098824992416E-32));
#5349=DIRECTION('center_axis',(1.,-2.74810209378597E-32,1.22098824992416E-32));
#5350=DIRECTION('ref_axis',(1.22098824992416E-32,-2.77555756156289E-16,
-1.));
#5351=DIRECTION('',(-3.12018582152948E-33,0.309016994374948,0.951056516295153));
#5352=DIRECTION('center_axis',(1.,-2.74810209378597E-32,1.22098824992416E-32));
#5353=DIRECTION('ref_axis',(-5.42487962810371E-33,1.,-2.77555756156289E-16));
#5354=DIRECTION('center_axis',(-1.,2.74810209378597E-32,-1.22098824992416E-32));
#5355=DIRECTION('ref_axis',(-5.42487962810371E-33,1.,-2.77555756156289E-16));
#5356=DIRECTION('center_axis',(1.,-2.74810209378597E-32,1.22098824992416E-32));
#5357=DIRECTION('ref_axis',(-5.42487962810371E-33,1.,-2.77555756156289E-16));
#5358=DIRECTION('center_axis',(1.,-2.74810209378597E-32,1.22098824992416E-32));
#5359=DIRECTION('ref_axis',(-5.42487962810371E-33,1.,-2.77555756156289E-16));
#5360=DIRECTION('',(-1.,2.74810209378597E-32,-1.22098824992416E-32));
#5361=DIRECTION('center_axis',(1.,-2.74810209378597E-32,1.22098824992416E-32));
#5362=DIRECTION('ref_axis',(1.22098824992416E-32,-2.77555756156289E-16,
-1.));
#5363=DIRECTION('',(2.74810209378597E-32,1.,-2.77555756156289E-16));
#5364=DIRECTION('center_axis',(1.,-2.74810209378597E-32,1.22098824992416E-32));
#5365=DIRECTION('ref_axis',(-5.42487962810371E-33,1.,-2.77555756156289E-16));
#5366=DIRECTION('center_axis',(-1.,2.74810209378597E-32,-1.22098824992416E-32));
#5367=DIRECTION('ref_axis',(-5.42487962810371E-33,1.,-2.77555756156289E-16));
#5368=DIRECTION('center_axis',(-1.22098824992416E-32,2.77555756156289E-16,
1.));
#5369=DIRECTION('ref_axis',(1.,5.42487962810371E-33,1.22098824992416E-32));
#5370=DIRECTION('',(1.,5.42487962810371E-33,1.22098824992416E-32));
#5371=DIRECTION('',(-1.,2.74810209378597E-32,-1.22098824992416E-32));
#5372=DIRECTION('',(2.74810209378597E-32,1.,-2.77555756156289E-16));
#5373=DIRECTION('',(1.,-2.74810209378597E-32,1.22098824992416E-32));
#5374=DIRECTION('',(-2.74810209378597E-32,-1.,2.77555756156289E-16));
#5375=DIRECTION('center_axis',(1.,-2.74810209378597E-32,1.22098824992416E-32));
#5376=DIRECTION('ref_axis',(-5.42487962810371E-33,1.,-2.77555756156289E-16));
#5377=DIRECTION('center_axis',(1.,-2.74810209378597E-32,1.22098824992416E-32));
#5378=DIRECTION('ref_axis',(-5.42487962810371E-33,1.,-2.77555756156289E-16));
#5379=DIRECTION('center_axis',(1.,-2.74810209378597E-32,1.22098824992416E-32));
#5380=DIRECTION('ref_axis',(-5.42487962810371E-33,1.,-2.77555756156289E-16));
#5381=DIRECTION('center_axis',(1.,-2.74810209378597E-32,1.22098824992416E-32));
#5382=DIRECTION('ref_axis',(-5.42487962810371E-33,1.,-2.77555756156289E-16));
#5383=DIRECTION('',(-1.,2.74810209378597E-32,-1.22098824992416E-32));
#5384=DIRECTION('center_axis',(-1.,2.74810209378597E-32,-1.22098824992416E-32));
#5385=DIRECTION('ref_axis',(-1.22098824992416E-32,2.77555756156289E-16,
1.));
#5386=DIRECTION('center_axis',(-1.,2.74810209378597E-32,-1.22098824992416E-32));
#5387=DIRECTION('ref_axis',(-5.42487962810371E-33,1.,-2.77555756156289E-16));
#5388=DIRECTION('center_axis',(1.,-2.74810209378597E-32,1.22098824992416E-32));
#5389=DIRECTION('ref_axis',(-5.42487962810371E-33,1.,-2.77555756156289E-16));
#5390=DIRECTION('center_axis',(-1.,2.74810209378597E-32,-1.22098824992416E-32));
#5391=DIRECTION('ref_axis',(-5.42487962810371E-33,1.,-2.77555756156289E-16));
#5392=DIRECTION('center_axis',(1.,-2.74810209378597E-32,1.22098824992416E-32));
#5393=DIRECTION('ref_axis',(1.22098824992416E-32,-2.77555756156289E-16,
-1.));
#5394=DIRECTION('center_axis',(6.68933820034648E-33,0.587785252292473,-0.809016994374948));
#5395=DIRECTION('ref_axis',(1.,5.42487962810371E-33,1.22098824992416E-32));
#5396=DIRECTION('',(1.,5.42487962810371E-33,1.22098824992416E-32));
#5397=DIRECTION('',(-1.50558240962241E-32,-0.809016994374948,-0.587785252292473));
#5398=DIRECTION('',(1.,-2.74810209378597E-32,1.22098824992416E-32));
#5399=DIRECTION('',(1.50558240962241E-32,0.809016994374948,0.587785252292473));
#5400=DIRECTION('center_axis',(1.,-2.74810209378597E-32,1.22098824992416E-32));
#5401=DIRECTION('ref_axis',(1.22098824992416E-32,-2.77555756156289E-16,
-1.));
#5402=DIRECTION('',(-2.01043908066743E-32,-0.309016994374947,0.951056516295154));
#5403=DIRECTION('center_axis',(1.,-2.74810209378597E-32,1.22098824992416E-32));
#5404=DIRECTION('ref_axis',(-5.42487962810371E-33,1.,-2.77555756156289E-16));
#5405=DIRECTION('center_axis',(1.30666666820689E-32,-0.587785252292473,
-0.809016994374947));
#5406=DIRECTION('ref_axis',(1.,5.42487962810371E-33,1.22098824992416E-32));
#5407=DIRECTION('',(1.,5.42487962810371E-33,1.22098824992416E-32));
#5408=DIRECTION('',(-2.94094018267804E-32,-0.809016994374947,0.587785252292473));
#5409=DIRECTION('',(1.,-2.74810209378597E-32,1.22098824992416E-32));
#5410=DIRECTION('',(2.94094018267804E-32,0.809016994374947,-0.587785252292473));
#5411=DIRECTION('center_axis',(1.,-2.74810209378597E-32,1.22098824992416E-32));
#5412=DIRECTION('ref_axis',(1.22098824992416E-32,-2.77555756156289E-16,
-1.));
#5413=DIRECTION('',(1.50558240962241E-32,0.809016994374948,0.587785252292473));
#5414=DIRECTION('center_axis',(1.,-2.74810209378597E-32,1.22098824992416E-32));
#5415=DIRECTION('ref_axis',(-5.42487962810371E-33,1.,-2.77555756156289E-16));
#5416=DIRECTION('center_axis',(1.38630592883795E-33,-0.951056516295154,
0.309016994374948));
#5417=DIRECTION('ref_axis',(1.,5.42487962810371E-33,1.22098824992416E-32));
#5418=DIRECTION('',(1.,5.42487962810371E-33,1.22098824992416E-32));
#5419=DIRECTION('',(-3.12018582152948E-33,0.309016994374948,0.951056516295153));
#5420=DIRECTION('',(1.,-2.74810209378597E-32,1.22098824992416E-32));
#5421=DIRECTION('',(3.12018582152948E-33,-0.309016994374948,-0.951056516295153));
#5422=DIRECTION('center_axis',(1.,-2.74810209378597E-32,1.22098824992416E-32));
#5423=DIRECTION('ref_axis',(1.22098824992416E-32,-2.77555756156289E-16,
-1.));
#5424=DIRECTION('center_axis',(1.,-2.74810209378597E-32,1.22098824992416E-32));
#5425=DIRECTION('ref_axis',(-5.42487962810371E-33,1.,-2.77555756156289E-16));
#5426=DIRECTION('center_axis',(1.,-2.74810209378597E-32,1.22098824992416E-32));
#5427=DIRECTION('ref_axis',(1.22098824992416E-32,-2.77555756156289E-16,
-1.));
#5428=DIRECTION('center_axis',(1.,-2.74810209378597E-32,1.22098824992416E-32));
#5429=DIRECTION('ref_axis',(-5.42487962810371E-33,1.,-2.77555756156289E-16));
#5430=DIRECTION('center_axis',(1.,-2.74810209378597E-32,1.22098824992416E-32));
#5431=DIRECTION('ref_axis',(-5.42487962810371E-33,1.,-2.77555756156289E-16));
#5432=DIRECTION('',(-1.,2.74810209378597E-32,-1.22098824992416E-32));
#5433=DIRECTION('center_axis',(1.,-2.74810209378597E-32,1.22098824992416E-32));
#5434=DIRECTION('ref_axis',(-5.42487962810371E-33,1.,-2.77555756156289E-16));
#5435=DIRECTION('center_axis',(1.,-2.74810209378597E-32,1.22098824992416E-32));
#5436=DIRECTION('ref_axis',(-6.03869215038231E-32,-1.,4.00020436071025E-16));
#5437=DIRECTION('',(-1.,2.74810209378597E-32,-1.22098824992416E-32));
#5438=DIRECTION('center_axis',(1.,-2.74810209378597E-32,1.22098824992416E-32));
#5439=DIRECTION('ref_axis',(-5.42487962810371E-33,1.,-2.77555756156289E-16));
#5440=DIRECTION('center_axis',(1.,-2.74810209378597E-32,1.22098824992416E-32));
#5441=DIRECTION('ref_axis',(-5.42487962810371E-33,1.,-2.77555756156289E-16));
#5442=DIRECTION('center_axis',(1.,-2.74810209378597E-32,1.22098824992416E-32));
#5443=DIRECTION('ref_axis',(-5.42487962810371E-33,1.,-2.77555756156289E-16));
#5444=DIRECTION('center_axis',(1.,-2.74810209378597E-32,1.22098824992416E-32));
#5445=DIRECTION('ref_axis',(-5.42487962810371E-33,1.,-2.77555756156289E-16));
#5446=DIRECTION('center_axis',(1.,-2.74810209378597E-32,1.22098824992416E-32));
#5447=DIRECTION('ref_axis',(-5.42487962810371E-33,1.,-2.77555756156289E-16));
#5448=DIRECTION('center_axis',(-1.,2.74810209378597E-32,-1.22098824992416E-32));
#5449=DIRECTION('ref_axis',(-1.22098824992416E-32,2.77555756156289E-16,
1.));
#5450=DIRECTION('',(2.01043908066743E-32,0.309016994374947,-0.951056516295154));
#5451=DIRECTION('center_axis',(-1.,2.74810209378597E-32,-1.22098824992416E-32));
#5452=DIRECTION('ref_axis',(-1.22098824992416E-32,2.77555756156289E-16,
1.));
#5453=DIRECTION('',(-1.50558240962241E-32,-0.809016994374948,-0.587785252292473));
#5454=DIRECTION('center_axis',(-1.,2.74810209378597E-32,-1.22098824992416E-32));
#5455=DIRECTION('ref_axis',(-1.22098824992416E-32,2.77555756156289E-16,
1.));
#5456=DIRECTION('center_axis',(-1.,2.74810209378597E-32,-1.22098824992416E-32));
#5457=DIRECTION('ref_axis',(-1.22098824992416E-32,2.77555756156289E-16,
1.));
#5458=DIRECTION('center_axis',(9.93590831657939E-33,0.309016994374947,-0.951056516295154));
#5459=DIRECTION('ref_axis',(-8.93242831201177E-33,0.951056516295154,0.309016994374947));
#5460=DIRECTION('',(1.,5.42487962810371E-33,1.22098824992416E-32));
#5461=DIRECTION('',(-2.23629428458081E-32,-0.951056516295154,-0.309016994374947));
#5462=DIRECTION('',(-2.23629428458081E-32,-0.951056516295154,-0.309016994374947));
#5463=DIRECTION('center_axis',(8.93242831201177E-33,-0.951056516295154,
-0.309016994374947));
#5464=DIRECTION('ref_axis',(-1.,-5.42487962810371E-33,-1.22098824992416E-32));
#5465=DIRECTION('center_axis',(1.15656086768525E-32,-0.809016994374948,
-0.587785252292473));
#5466=DIRECTION('ref_axis',(6.68933820034648E-33,0.587785252292473,-0.809016994374948));
#5467=DIRECTION('',(1.,5.42487962810371E-33,1.22098824992416E-32));
#5468=DIRECTION('',(-2.60309412664223E-32,-0.587785252292473,0.809016994374948));
#5469=DIRECTION('',(-2.60309412664223E-32,-0.587785252292473,0.809016994374948));
#5470=DIRECTION('center_axis',(-6.68933820034648E-33,-0.587785252292473,
0.809016994374948));
#5471=DIRECTION('ref_axis',(-1.,-5.42487962810371E-33,-1.22098824992416E-32));
#5472=DIRECTION('center_axis',(-2.78796905370384E-33,-0.809016994374947,
0.587785252292473));
#5473=DIRECTION('ref_axis',(1.30666666820689E-32,-0.587785252292473,-0.809016994374947));
#5474=DIRECTION('',(6.27493638400688E-33,0.587785252292473,0.809016994374947));
#5475=DIRECTION('',(6.27493638400688E-33,0.587785252292473,0.809016994374947));
#5476=DIRECTION('center_axis',(-1.32886683116244E-32,0.309016994374948,
0.951056516295154));
#5477=DIRECTION('ref_axis',(1.38630592883795E-33,-0.951056516295153,0.309016994374948));
#5478=DIRECTION('',(2.99090652289819E-32,0.951056516295153,-0.309016994374948));
#5479=DIRECTION('',(2.99090652289819E-32,0.951056516295153,-0.309016994374948));
#5480=DIRECTION('center_axis',(1.,-2.74810209378597E-32,1.22098824992416E-32));
#5481=DIRECTION('ref_axis',(0.,-2.77555756156289E-16,-1.));
#5482=DIRECTION('center_axis',(1.,-2.74810209378597E-32,1.22098824992416E-32));
#5483=DIRECTION('ref_axis',(0.,-2.77555756156289E-16,-1.));
#5484=DIRECTION('center_axis',(1.,-2.74810209378597E-32,1.22098824992416E-32));
#5485=DIRECTION('ref_axis',(0.,-2.77555756156289E-16,-1.));
#5486=DIRECTION('center_axis',(1.,-2.74810209378597E-32,1.22098824992416E-32));
#5487=DIRECTION('ref_axis',(-5.42487962810371E-33,1.,-2.77555756156289E-16));
#5488=DIRECTION('center_axis',(1.,-2.74810209378597E-32,1.22098824992416E-32));
#5489=DIRECTION('ref_axis',(-5.42487962810371E-33,1.,-2.77555756156289E-16));
#5490=DIRECTION('',(-0.422618261740707,0.906307787036646,-1.40560250097615E-16));
#5491=DIRECTION('center_axis',(1.,-2.74810209378597E-32,1.22098824992416E-32));
#5492=DIRECTION('ref_axis',(-5.42487962810371E-33,1.,-2.77555756156289E-16));
#5493=DIRECTION('center_axis',(1.,-2.74810209378597E-32,1.22098824992416E-32));
#5494=DIRECTION('ref_axis',(-5.42487962810371E-33,1.,-2.77555756156289E-16));
#5495=DIRECTION('center_axis',(1.,-2.74810209378597E-32,1.22098824992416E-32));
#5496=DIRECTION('ref_axis',(-5.42487962810371E-33,1.,-2.77555756156289E-16));
#5497=DIRECTION('center_axis',(1.,-2.74810209378597E-32,1.22098824992416E-32));
#5498=DIRECTION('ref_axis',(-5.42487962810371E-33,1.,-2.77555756156289E-16));
#5499=DIRECTION('center_axis',(1.,-2.74810209378597E-32,1.22098824992416E-32));
#5500=DIRECTION('ref_axis',(-5.42487962810371E-33,1.,-2.77555756156289E-16));
#5501=DIRECTION('center_axis',(1.,-2.74810209378597E-32,1.22098824992416E-32));
#5502=DIRECTION('ref_axis',(-5.42487962810371E-33,1.,-2.77555756156289E-16));
#5503=DIRECTION('center_axis',(1.,-2.74810209378597E-32,1.22098824992416E-32));
#5504=DIRECTION('ref_axis',(0.,-2.77555756156289E-16,-1.));
#5505=DIRECTION('center_axis',(1.,-2.74810209378597E-32,1.22098824992416E-32));
#5506=DIRECTION('ref_axis',(-5.42487962810371E-33,1.,-2.77555756156289E-16));
#5507=DIRECTION('center_axis',(1.,-2.74810209378597E-32,1.22098824992416E-32));
#5508=DIRECTION('ref_axis',(0.,-2.77555756156289E-16,-1.));
#5509=DIRECTION('center_axis',(1.,-2.74810209378597E-32,1.22098824992416E-32));
#5510=DIRECTION('ref_axis',(-5.42487962810371E-33,1.,-2.77555756156289E-16));
#5511=DIRECTION('center_axis',(1.,-2.74810209378597E-32,1.22098824992416E-32));
#5512=DIRECTION('ref_axis',(0.,-2.77555756156289E-16,-1.));
#5513=DIRECTION('center_axis',(1.,-2.74810209378597E-32,1.22098824992416E-32));
#5514=DIRECTION('ref_axis',(-5.42487962810371E-33,1.,-2.77555756156289E-16));
#5515=DIRECTION('center_axis',(1.,-2.74810209378597E-32,1.22098824992416E-32));
#5516=DIRECTION('ref_axis',(0.,-2.77555756156289E-16,-1.));
#5517=DIRECTION('center_axis',(1.,-2.74810209378597E-32,1.22098824992416E-32));
#5518=DIRECTION('ref_axis',(-5.42487962810371E-33,1.,-2.77555756156289E-16));
#5519=DIRECTION('center_axis',(1.,-2.74810209378597E-32,1.22098824992416E-32));
#5520=DIRECTION('ref_axis',(1.22098824992416E-32,-2.77555756156289E-16,
-1.));
#5521=DIRECTION('center_axis',(1.,-2.74810209378597E-32,1.22098824992416E-32));
#5522=DIRECTION('ref_axis',(1.22098824992416E-32,-2.77555756156289E-16,
-1.));
#5523=DIRECTION('center_axis',(1.,-2.74810209378597E-32,1.22098824992416E-32));
#5524=DIRECTION('ref_axis',(1.22098824992416E-32,-2.77555756156289E-16,
-1.));
#5525=DIRECTION('center_axis',(1.,-2.74810209378597E-32,1.22098824992416E-32));
#5526=DIRECTION('ref_axis',(1.22098824992416E-32,-2.77555756156289E-16,
-1.));
#5527=DIRECTION('center_axis',(-5.42487962810371E-33,1.,-2.77555756156289E-16));
#5528=DIRECTION('ref_axis',(-1.22098824992416E-32,2.77555756156289E-16,
1.));
#5529=DIRECTION('',(1.22098824992416E-32,-2.77555756156289E-16,-1.));
#5530=DIRECTION('',(1.22098824992416E-32,-2.77555756156289E-16,-1.));
#5531=DIRECTION('center_axis',(1.,-2.74810209378597E-32,1.22098824992416E-32));
#5532=DIRECTION('ref_axis',(0.,-2.77555756156289E-16,-1.));
#5533=DIRECTION('center_axis',(1.,-2.74810209378597E-32,1.22098824992416E-32));
#5534=DIRECTION('ref_axis',(-5.42487962810371E-33,1.,-2.77555756156289E-16));
#5535=DIRECTION('center_axis',(1.,-2.74810209378597E-32,1.22098824992416E-32));
#5536=DIRECTION('ref_axis',(0.,-2.77555756156289E-16,-1.));
#5537=DIRECTION('center_axis',(1.,-2.74810209378597E-32,1.22098824992416E-32));
#5538=DIRECTION('ref_axis',(1.22098824992416E-32,-2.77555756156289E-16,
-1.));
#5539=DIRECTION('center_axis',(1.,-2.74810209378597E-32,1.22098824992416E-32));
#5540=DIRECTION('ref_axis',(1.22098824992416E-32,-2.77555756156289E-16,
-1.));
#5541=DIRECTION('center_axis',(1.,-2.74810209378597E-32,1.22098824992416E-32));
#5542=DIRECTION('ref_axis',(0.,-2.77555756156289E-16,-1.));
#5543=CARTESIAN_POINT('',(0.,0.,0.));
#5544=CARTESIAN_POINT('Origin',(-21.985,6.325,-1.57772181044203E-30));
#5545=CARTESIAN_POINT('',(-21.985,-3.15,-3.85763741731417E-16));
#5546=CARTESIAN_POINT('Origin',(-21.985,1.40079672750495E-29,0.));
#5547=CARTESIAN_POINT('Origin',(-21.985,6.325,-1.57772181044203E-30));
#5548=CARTESIAN_POINT('',(-21.985,-6.65,-8.14390121432992E-16));
#5549=CARTESIAN_POINT('Origin',(-21.985,1.33670177895574E-29,-1.57772181044203E-30));
#5550=CARTESIAN_POINT('',(-21.985,-4.25,5.20474889637625E-16));
#5551=CARTESIAN_POINT('Origin',(-21.985,1.40079672750495E-29,0.));
#5552=CARTESIAN_POINT('Origin',(-19.985,6.325,1.57772181044202E-30));
#5553=CARTESIAN_POINT('',(-19.985,-3.15,3.85763741731417E-16));
#5554=CARTESIAN_POINT('Origin',(-19.985,1.27260683040653E-29,0.));
#5555=CARTESIAN_POINT('Origin',(-19.985,6.325,1.57772181044202E-30));
#5556=CARTESIAN_POINT('',(-19.985,-6.65,-8.14390121432988E-16));
#5557=CARTESIAN_POINT('Origin',(-19.985,1.33670177895574E-29,1.57772181044202E-30));
#5558=CARTESIAN_POINT('',(-19.985,-4.25,-5.20474889637625E-16));
#5559=CARTESIAN_POINT('Origin',(-19.985,1.27260683040653E-29,0.));
#5560=CARTESIAN_POINT('Origin',(-20.985,1.33670177895574E-29,-3.50324616081204E-45));
#5561=CARTESIAN_POINT('',(-20.985,-6.65,8.1439012143299E-16));
#5562=CARTESIAN_POINT('Origin',(-20.985,1.33670177895574E-29,0.));
#5563=CARTESIAN_POINT('',(-19.935,-4.25,5.20474889637625E-16));
#5564=CARTESIAN_POINT('Origin',(-19.935,1.26940208297907E-29,0.));
#5565=CARTESIAN_POINT('',(-20.985,-4.25,-5.20474889637625E-16));
#5566=CARTESIAN_POINT('Origin',(-19.585,1.24696885098685E-29,0.));
#5567=CARTESIAN_POINT('',(-16.635,3.15,0.));
#5568=CARTESIAN_POINT('',(-16.635,-3.15,3.85763741731417E-16));
#5569=CARTESIAN_POINT('Origin',(-16.635,1.05788875276669E-29,0.));
#5570=CARTESIAN_POINT('Origin',(-16.635,1.05788875276669E-29,0.));
#5571=CARTESIAN_POINT('',(-19.585,-3.15,3.85763741731417E-16));
#5572=CARTESIAN_POINT('Origin',(-60.0080953328755,3.83788506654721E-29,
0.));
#5573=CARTESIAN_POINT('',(-58.9865060227021,-4.80442259202734,-5.88372074907751E-16));
#5574=CARTESIAN_POINT('Origin',(-58.9865060227021,3.77240635227322E-29,
0.));
#5575=CARTESIAN_POINT('',(-60.952675156032,-4.90746515000002,-6.00991148787471E-16));
#5576=CARTESIAN_POINT('',(-60.0080953328755,-4.85796181911282,-5.94928739215657E-16));
#5577=CARTESIAN_POINT('',(-60.952675156032,-4.80112347533731,-1.01608443203787));
#5578=CARTESIAN_POINT('Origin',(-60.952675156032,3.89842786171304E-29,0.));
#5579=CARTESIAN_POINT('',(-59.0813300346888,-4.71406068831662,-0.952829614660666));
#5580=CARTESIAN_POINT('Ctrl Pts',(-59.0813300346888,-4.71406068831662,-0.952829614660666));
#5581=CARTESIAN_POINT('Ctrl Pts',(-60.0056316063482,-4.757152715912,-0.984137805326694));
#5582=CARTESIAN_POINT('Ctrl Pts',(-60.952675156032,-4.80112347533731,-1.01608443203787));
#5583=CARTESIAN_POINT('',(-59.0813300346888,-2.36291967914672,-4.18889759216046));
#5584=CARTESIAN_POINT('Origin',(-59.0813300346888,3.77848409244274E-29,
0.));
#5585=CARTESIAN_POINT('',(-60.952675156032,-2.44998246616741,-4.25215240953766));
#5586=CARTESIAN_POINT('Ctrl Pts',(-60.952675156032,-2.44998246616741,-4.25215240953766));
#5587=CARTESIAN_POINT('Ctrl Pts',(-60.0056316063375,-2.40601170674161,-4.22020578282612));
#5588=CARTESIAN_POINT('Ctrl Pts',(-59.0813300346888,-2.36291967914672,-4.18889759216046));
#5589=CARTESIAN_POINT('',(-60.952675156032,-0.517275025776061,-4.8801271239767));
#5590=CARTESIAN_POINT('Origin',(-60.952675156032,3.89842786171304E-29,0.));
#5591=CARTESIAN_POINT('',(-59.0813300346888,-0.550530051262671,-4.77777867950821));
#5592=CARTESIAN_POINT('Ctrl Pts',(-59.0813300346888,-0.550530051262671,
-4.77777867950821));
#5593=CARTESIAN_POINT('Ctrl Pts',(-60.005631606348,-0.534070361365386,-4.8284363961321));
#5594=CARTESIAN_POINT('Ctrl Pts',(-60.952675156032,-0.517275025776061,-4.8801271239767));
#5595=CARTESIAN_POINT('',(-59.0813300346888,3.25369601391794,-3.54171070200842));
#5596=CARTESIAN_POINT('Origin',(-59.0813300346888,3.77848409244274E-29,
0.));
#5597=CARTESIAN_POINT('',(-60.952675156032,3.28695103940455,-3.64405914647691));
#5598=CARTESIAN_POINT('Ctrl Pts',(-60.952675156032,3.28695103940455,-3.64405914647691));
#5599=CARTESIAN_POINT('Ctrl Pts',(-60.0056316030911,3.27015570375733,-3.5923684184541));
#5600=CARTESIAN_POINT('Ctrl Pts',(-59.0813300346888,3.25369601391794,-3.54171070200842));
#5601=CARTESIAN_POINT('',(-60.952675156032,4.48142992787622,-2.));
#5602=CARTESIAN_POINT('Origin',(-60.952675156032,3.89842786171304E-29,0.));
#5603=CARTESIAN_POINT('',(-59.0813300346888,4.37381440480807,-2.));
#5604=CARTESIAN_POINT('Ctrl Pts',(-59.0813300346888,4.37381440480807,-2.));
#5605=CARTESIAN_POINT('Ctrl Pts',(-60.0056316063501,4.42707908020437,-2.));
#5606=CARTESIAN_POINT('Ctrl Pts',(-60.952675156032,4.48142992787622,-2.));
#5607=CARTESIAN_POINT('',(-59.0813300346888,4.37381440480806,2.));
#5608=CARTESIAN_POINT('Origin',(-59.0813300346888,3.77848409244274E-29,
0.));
#5609=CARTESIAN_POINT('',(-60.952675156032,4.48142992787622,2.));
#5610=CARTESIAN_POINT('Ctrl Pts',(-60.952675156032,4.48142992787622,2.));
#5611=CARTESIAN_POINT('Ctrl Pts',(-60.005631606387,4.42707908020649,2.));
#5612=CARTESIAN_POINT('Ctrl Pts',(-59.0813300346888,4.37381440480806,2.));
#5613=CARTESIAN_POINT('',(-60.952675156032,3.28695103940456,3.64405914647691));
#5614=CARTESIAN_POINT('Origin',(-60.952675156032,3.89842786171304E-29,0.));
#5615=CARTESIAN_POINT('',(-59.0813300346888,3.25369601391794,3.54171070200842));
#5616=CARTESIAN_POINT('Ctrl Pts',(-59.0813300346888,3.25369601391795,3.54171070200842));
#5617=CARTESIAN_POINT('Ctrl Pts',(-60.005631606371,3.27015570381564,3.59236841863357));
#5618=CARTESIAN_POINT('Ctrl Pts',(-60.952675156032,3.28695103940455,3.64405914647691));
#5619=CARTESIAN_POINT('',(-59.0813300346888,-0.55053005126267,4.77777867950821));
#5620=CARTESIAN_POINT('Origin',(-59.0813300346888,3.77848409244274E-29,
0.));
#5621=CARTESIAN_POINT('',(-60.952675156032,-0.51727502577606,4.8801271239767));
#5622=CARTESIAN_POINT('Ctrl Pts',(-60.952675156032,-0.51727502577606,4.8801271239767));
#5623=CARTESIAN_POINT('Ctrl Pts',(-60.0056316063246,-0.534070361365801,
4.82843639613082));
#5624=CARTESIAN_POINT('Ctrl Pts',(-59.0813300346888,-0.55053005126267,4.77777867950821));
#5625=CARTESIAN_POINT('',(-60.952675156032,-2.44998246616741,4.25215240953766));
#5626=CARTESIAN_POINT('Origin',(-60.952675156032,3.89842786171304E-29,0.));
#5627=CARTESIAN_POINT('',(-59.0813300346888,-2.36291967914672,4.18889759216046));
#5628=CARTESIAN_POINT('Ctrl Pts',(-59.0813300346888,-2.36291967914672,4.18889759216046));
#5629=CARTESIAN_POINT('Ctrl Pts',(-60.0056316063607,-2.40601170674269,4.22020578282691));
#5630=CARTESIAN_POINT('Ctrl Pts',(-60.952675156032,-2.44998246616741,4.25215240953766));
#5631=CARTESIAN_POINT('',(-59.0813300346888,-4.71406068831662,0.952829614660667));
#5632=CARTESIAN_POINT('Origin',(-59.0813300346888,3.77848409244274E-29,
0.));
#5633=CARTESIAN_POINT('',(-60.952675156032,-4.80112347533731,1.01608443203787));
#5634=CARTESIAN_POINT('Ctrl Pts',(-60.952675156032,-4.80112347533731,1.01608443203787));
#5635=CARTESIAN_POINT('Ctrl Pts',(-60.0056316063526,-4.75715271591221,0.984137805326844));
#5636=CARTESIAN_POINT('Ctrl Pts',(-59.0813300346888,-4.71406068831662,0.952829614660667));
#5637=CARTESIAN_POINT('Origin',(-60.952675156032,3.89842786171304E-29,0.));
#5638=CARTESIAN_POINT('Origin',(-53.1742162065629,3.3998679355547E-29,0.));
#5639=CARTESIAN_POINT('',(-49.1932535123368,-4.87812393507078,1.0720285407102));
#5640=CARTESIAN_POINT('',(-49.1932535123367,-4.99453084063035,-6.11653620722069E-16));
#5641=CARTESIAN_POINT('Origin',(-49.1932535123368,3.14470833649196E-29,
0.));
#5642=CARTESIAN_POINT('',(-49.2099185243412,-4.87526375438663,1.06995049780539));
#5643=CARTESIAN_POINT('Ctrl Pts',(-49.2099185243412,-4.87526375438663,1.06995049780539));
#5644=CARTESIAN_POINT('Ctrl Pts',(-49.2015892380156,-4.87669338080612,1.07098918219831));
#5645=CARTESIAN_POINT('Ctrl Pts',(-49.1932535123368,-4.87812393507078,1.0720285407102));
#5646=CARTESIAN_POINT('',(-49.2099185243412,-2.52412274521674,4.30601847530518));
#5647=CARTESIAN_POINT('Origin',(-49.2099185243412,3.14577647957895E-29,
0.));
#5648=CARTESIAN_POINT('',(-49.1932535123367,-2.52698292590088,4.30809651820999));
#5649=CARTESIAN_POINT('Ctrl Pts',(-49.1932535123367,-2.52698292590088,4.30809651820999));
#5650=CARTESIAN_POINT('Ctrl Pts',(-49.2015892379659,-2.52555237164475,4.30705715970429));
#5651=CARTESIAN_POINT('Ctrl Pts',(-49.2099185243412,-2.52412274521674,4.30601847530518));
#5652=CARTESIAN_POINT('',(-49.1932535123368,-0.48786346730724,4.97064659327885));
#5653=CARTESIAN_POINT('Origin',(-49.1932535123368,3.14470833649196E-29,
0.));
#5654=CARTESIAN_POINT('',(-49.2099185243412,-0.488955959114618,4.96728424922878));
#5655=CARTESIAN_POINT('Ctrl Pts',(-49.2099185243412,-0.488955959114618,
4.96728424922878));
#5656=CARTESIAN_POINT('Ctrl Pts',(-49.2015892380155,-0.488409890413587,
4.96896487588011));
#5657=CARTESIAN_POINT('Ctrl Pts',(-49.1932535123368,-0.48786346730724,4.97064659327885));
#5658=CARTESIAN_POINT('',(-49.2099185243412,3.315270106066,3.73121627172899));
#5659=CARTESIAN_POINT('Origin',(-49.2099185243412,3.14577647957895E-29,
0.));
#5660=CARTESIAN_POINT('',(-49.1932535123368,3.31636259787337,3.73457861577906));
#5661=CARTESIAN_POINT('Ctrl Pts',(-49.1932535123368,3.31636259787337,3.73457861577906));
#5662=CARTESIAN_POINT('Ctrl Pts',(-49.2015892379659,3.31581617477028,3.73289689839033));
#5663=CARTESIAN_POINT('Ctrl Pts',(-49.2099185243412,3.315270106066,3.73121627172899));
#5664=CARTESIAN_POINT('',(-49.1932535123367,4.57660773040553,2.));
#5665=CARTESIAN_POINT('Origin',(-49.1932535123368,3.14470833649196E-29,
0.));
#5666=CARTESIAN_POINT('',(-49.2099185243412,4.57307235265199,2.));
#5667=CARTESIAN_POINT('Ctrl Pts',(-49.2099185243412,4.57307235265199,2.));
#5668=CARTESIAN_POINT('Ctrl Pts',(-49.2015892380155,4.57483946808892,2.));
#5669=CARTESIAN_POINT('Ctrl Pts',(-49.1932535123367,4.57660773040553,2.));
#5670=CARTESIAN_POINT('',(-49.2099185243412,4.57307235265199,-2.));
#5671=CARTESIAN_POINT('Origin',(-49.2099185243412,3.14577647957895E-29,
0.));
#5672=CARTESIAN_POINT('',(-49.1932535123368,4.57660773040553,-2.));
#5673=CARTESIAN_POINT('Ctrl Pts',(-49.1932535123367,4.57660773040553,-2.));
#5674=CARTESIAN_POINT('Ctrl Pts',(-49.2015892379659,4.57483946809944,-2.));
#5675=CARTESIAN_POINT('Ctrl Pts',(-49.2099185243412,4.57307235265199,-2.));
#5676=CARTESIAN_POINT('',(-49.1932535123368,3.31636259787337,-3.73457861577906));
#5677=CARTESIAN_POINT('Origin',(-49.1932535123368,3.14470833649196E-29,
0.));
#5678=CARTESIAN_POINT('',(-49.2099185243412,3.315270106066,-3.73121627172899));
#5679=CARTESIAN_POINT('Ctrl Pts',(-49.2099185243412,3.315270106066,-3.73121627172899));
#5680=CARTESIAN_POINT('Ctrl Pts',(-49.2015892380156,3.31581617476703,-3.73289689838033));
#5681=CARTESIAN_POINT('Ctrl Pts',(-49.1932535123368,3.31636259787337,-3.73457861577906));
#5682=CARTESIAN_POINT('',(-49.2099185243412,-0.488955959114619,-4.96728424922878));
#5683=CARTESIAN_POINT('Origin',(-49.2099185243412,3.14577647957895E-29,
0.));
#5684=CARTESIAN_POINT('',(-49.1932535123368,-0.487863467307243,-4.97064659327885));
#5685=CARTESIAN_POINT('Ctrl Pts',(-49.1932535123368,-0.487863467307243,
-4.97064659327884));
#5686=CARTESIAN_POINT('Ctrl Pts',(-49.2015892379659,-0.488409890410335,
-4.96896487589012));
#5687=CARTESIAN_POINT('Ctrl Pts',(-49.2099185243412,-0.488955959114619,
-4.96728424922878));
#5688=CARTESIAN_POINT('',(-49.1932535123368,-2.52698292590088,-4.30809651820999));
#5689=CARTESIAN_POINT('Origin',(-49.1932535123368,3.14470833649196E-29,
0.));
#5690=CARTESIAN_POINT('',(-49.2099185243412,-2.52412274521674,-4.30601847530518));
#5691=CARTESIAN_POINT('Ctrl Pts',(-49.2099185243412,-2.52412274521674,-4.30601847530518));
#5692=CARTESIAN_POINT('Ctrl Pts',(-49.2015892380155,-2.52555237163623,-4.3070571596981));
#5693=CARTESIAN_POINT('Ctrl Pts',(-49.1932535123367,-2.52698292590088,-4.30809651820999));
#5694=CARTESIAN_POINT('',(-49.2099185243412,-4.87526375438663,-1.06995049780539));
#5695=CARTESIAN_POINT('Origin',(-49.2099185243412,3.14577647957895E-29,
0.));
#5696=CARTESIAN_POINT('',(-49.1932535123367,-4.87812393507078,-1.0720285407102));
#5697=CARTESIAN_POINT('Ctrl Pts',(-49.1932535123367,-4.87812393507078,-1.0720285407102));
#5698=CARTESIAN_POINT('Ctrl Pts',(-49.2015892379659,-4.87669338081464,-1.0709891822045));
#5699=CARTESIAN_POINT('Ctrl Pts',(-49.2099185243412,-4.87526375438663,-1.06995049780539));
#5700=CARTESIAN_POINT('Origin',(-49.1932535123368,3.14470833649196E-29,
0.));
#5701=CARTESIAN_POINT('',(-57.2801048594772,-3.42260617582241,4.19148369796288E-16));
#5702=CARTESIAN_POINT('',(-53.1742162065629,-4.22071008146093,-5.1688790913901E-16));
#5703=CARTESIAN_POINT('Origin',(-57.2801048594772,3.66303465751201E-29,
0.));
#5704=CARTESIAN_POINT('Origin',(-47.635,3.04483215779211E-29,0.));
#5705=CARTESIAN_POINT('',(-46.235,4.8402222680075,0.));
#5706=CARTESIAN_POINT('',(-46.235,-4.8402222680075,-5.92756270767713E-16));
#5707=CARTESIAN_POINT('Origin',(-46.235,2.95509922982322E-29,0.));
#5708=CARTESIAN_POINT('Origin',(-46.235,2.95509922982322E-29,0.));
#5709=CARTESIAN_POINT('',(-47.3467482611723,-4.89848652549732,5.99891584411673E-16));
#5710=CARTESIAN_POINT('',(-47.635,-4.91359315900376,-6.01741613448628E-16));
#5711=CARTESIAN_POINT('',(-47.3467482611723,3.96295884584402,2.87925813824072));
#5712=CARTESIAN_POINT('Origin',(-47.3467482611723,3.02635667742273E-29,
0.));
#5713=CARTESIAN_POINT('Origin',(-47.3467482611723,3.02635667742273E-29,
0.));
#5714=CARTESIAN_POINT('Origin',(-45.2816628840984,2.89399513642946E-29,
0.));
#5715=CARTESIAN_POINT('',(-45.0274762566538,-4.99798652345328,-6.12076819812867E-16));
#5716=CARTESIAN_POINT('Origin',(-45.0274762566538,2.8777030576215E-29,0.));
#5717=CARTESIAN_POINT('',(-45.5434998846819,-4.8402222680075,5.92756270767713E-16));
#5718=CARTESIAN_POINT('',(-45.2816628840984,-4.92027387262697,-6.02559764904097E-16));
#5719=CARTESIAN_POINT('Origin',(-45.5434998846819,2.91077756551013E-29,
0.));
#5720=CARTESIAN_POINT('Origin',(-25.835,5.84924999999951,0.));
#5721=CARTESIAN_POINT('',(-25.835,-6.6485,-8.14206424413118E-16));
#5722=CARTESIAN_POINT('Origin',(-25.835,1.6475622794194E-29,0.));
#5723=CARTESIAN_POINT('',(-25.835,-5.05,6.18446633569414E-16));
#5724=CARTESIAN_POINT('Origin',(-25.835,1.6475622794194E-29,0.));
#5725=CARTESIAN_POINT('Origin',(-19.935,5.4242499999996,0.));
#5726=CARTESIAN_POINT('',(-19.935,-6.6485,-8.14206424413118E-16));
#5727=CARTESIAN_POINT('Origin',(-19.935,1.26940208297907E-29,0.));
#5728=CARTESIAN_POINT('Origin',(-20.985,1.33670177895574E-29,0.));
#5729=CARTESIAN_POINT('',(-22.035,-4.25,5.20474889637625E-16));
#5730=CARTESIAN_POINT('',(-20.985,-4.25,-5.20474889637625E-16));
#5731=CARTESIAN_POINT('Origin',(-22.035,1.40400147493241E-29,0.));
#5732=CARTESIAN_POINT('Origin',(-69.632,4.45472874102902E-29,0.));
#5733=CARTESIAN_POINT('',(-61.0018134667184,-0.517275025776061,-4.8801271239767));
#5734=CARTESIAN_POINT('',(-69.632,-0.517275025776062,-4.8801271239767));
#5735=CARTESIAN_POINT('',(-61.0018134667184,-2.44998246616741,-4.25215240953766));
#5736=CARTESIAN_POINT('',(-69.632,-2.44998246616741,-4.25215240953766));
#5737=CARTESIAN_POINT('',(-61.0018134667184,-4.80112347533731,-1.01608443203787));
#5738=CARTESIAN_POINT('Origin',(-61.0018134667184,3.90157737920828E-29,
0.));
#5739=CARTESIAN_POINT('',(-69.632,-4.80112347533731,-1.01608443203787));
#5740=CARTESIAN_POINT('',(-69.635,-4.90746515000002,-6.00991148787471E-16));
#5741=CARTESIAN_POINT('',(-69.632,-4.90746515000002,-6.00991148787471E-16));
#5742=CARTESIAN_POINT('',(-69.635,4.90746515000002,0.));
#5743=CARTESIAN_POINT('Origin',(-69.635,4.45492102587467E-29,0.));
#5744=CARTESIAN_POINT('Origin',(-69.635,4.45492102587467E-29,0.));
#5745=CARTESIAN_POINT('',(-61.0018134667184,-4.80112347533731,1.01608443203787));
#5746=CARTESIAN_POINT('',(-69.632,-4.80112347533731,1.01608443203787));
#5747=CARTESIAN_POINT('',(-61.0018134667184,-2.44998246616741,4.25215240953766));
#5748=CARTESIAN_POINT('Origin',(-61.0018134667184,3.90157737920828E-29,
0.));
#5749=CARTESIAN_POINT('',(-69.632,-2.44998246616741,4.25215240953766));
#5750=CARTESIAN_POINT('',(-61.0018134667184,-0.51727502577606,4.8801271239767));
#5751=CARTESIAN_POINT('',(-69.632,-0.517275025776061,4.8801271239767));
#5752=CARTESIAN_POINT('',(-61.0018134667184,3.28695103940455,3.64405914647691));
#5753=CARTESIAN_POINT('Origin',(-61.0018134667184,3.90157737920828E-29,
0.));
#5754=CARTESIAN_POINT('',(-69.632,3.28695103940455,3.64405914647691));
#5755=CARTESIAN_POINT('',(-61.0018134667184,4.48142992787622,2.));
#5756=CARTESIAN_POINT('',(-69.632,4.48142992787622,2.));
#5757=CARTESIAN_POINT('',(-61.0018134667184,4.48142992787622,-2.));
#5758=CARTESIAN_POINT('Origin',(-61.0018134667184,3.90157737920828E-29,
0.));
#5759=CARTESIAN_POINT('',(-69.632,4.48142992787622,-2.));
#5760=CARTESIAN_POINT('',(-61.0018134667184,3.28695103940455,-3.64405914647691));
#5761=CARTESIAN_POINT('',(-69.632,3.28695103940455,-3.64405914647691));
#5762=CARTESIAN_POINT('Origin',(-61.0018134667184,3.90157737920828E-29,
0.));
#5763=CARTESIAN_POINT('Origin',(-19.7828786796565,1.25965187477842E-29,
0.));
#5764=CARTESIAN_POINT('',(-16.135,-6.6485,-8.14206424413118E-16));
#5765=CARTESIAN_POINT('Origin',(-16.135,1.02584127849209E-29,0.));
#5766=CARTESIAN_POINT('',(-19.7828786796565,-6.6485,-8.14206424413118E-16));
#5767=CARTESIAN_POINT('Origin',(-25.6828786796565,1.63781207121874E-29,
0.));
#5768=CARTESIAN_POINT('',(-22.035,-6.6485,-8.14206424413118E-16));
#5769=CARTESIAN_POINT('Origin',(-22.035,1.40400147493241E-29,0.));
#5770=CARTESIAN_POINT('',(-25.6828786796565,-6.6485,-8.14206424413118E-16));
#5771=CARTESIAN_POINT('Origin',(-58.1662691661715,3.71983331315573E-29,
0.));
#5772=CARTESIAN_POINT('',(-58.1662691661715,-4.14020788217084,-5.07029233070516E-16));
#5773=CARTESIAN_POINT('Origin',(-45.9116675925433,2.93437525580299E-29,
0.));
#5774=CARTESIAN_POINT('',(-45.9116675925433,-4.8402222680075,-5.92756270767713E-16));
#5775=CARTESIAN_POINT('Origin',(-44.5128456849832,2.84471783760842E-29,
0.));
#5776=CARTESIAN_POINT('',(-44.035,5.05,0.));
#5777=CARTESIAN_POINT('',(-44.035,-5.05,-6.18446633569414E-16));
#5778=CARTESIAN_POINT('Origin',(-44.035,2.81409034301497E-29,0.));
#5779=CARTESIAN_POINT('Origin',(-44.035,2.81409034301497E-29,0.));
#5780=CARTESIAN_POINT('',(-44.5128456849832,-5.02495716883684,-6.15379771266859E-16));
#5781=CARTESIAN_POINT('Origin',(-34.91,2.22922393750345E-29,0.));
#5782=CARTESIAN_POINT('',(-34.91,-5.05,-6.18446633569414E-16));
#5783=CARTESIAN_POINT('Origin',(-70.135,3.703732575,0.));
#5784=CARTESIAN_POINT('',(-70.135,4.6187900154052,0.));
#5785=CARTESIAN_POINT('',(-70.135,-4.61879001540519,-5.65638640829972E-16));
#5786=CARTESIAN_POINT('Origin',(-70.135,4.48696850014928E-29,0.));
#5787=CARTESIAN_POINT('Origin',(-70.135,4.48696850014928E-29,0.));
#5788=CARTESIAN_POINT('',(-70.135,2.78867513459481,0.));
#5789=CARTESIAN_POINT('',(-70.135,-2.78867513459481,-3.41514207744335E-16));
#5790=CARTESIAN_POINT('Origin',(-70.135,4.48696850014928E-29,0.));
#5791=CARTESIAN_POINT('Origin',(-70.135,4.48696850014928E-29,0.));
#5792=CARTESIAN_POINT('Origin',(-69.885,4.47094476301197E-29,0.));
#5793=CARTESIAN_POINT('',(-69.885,-4.76312758270261,-5.83314894808722E-16));
#5794=CARTESIAN_POINT('Origin',(-22.035,5.42424999999977,0.));
#5795=CARTESIAN_POINT('Origin',(-16.135,6.4963786796555,0.));
#5796=CARTESIAN_POINT('',(-16.135,3.43867513459482,0.));
#5797=CARTESIAN_POINT('',(-16.135,-3.43867513459482,-4.21116249688914E-16));
#5798=CARTESIAN_POINT('Origin',(-16.135,1.02584127849209E-29,0.));
#5799=CARTESIAN_POINT('Origin',(-16.135,1.02584127849209E-29,0.));
#5800=CARTESIAN_POINT('Origin',(-19.585,1.24696885098685E-29,0.));
#5801=CARTESIAN_POINT('',(-22.5349999999999,-3.15,3.85763741731417E-16));
#5802=CARTESIAN_POINT('',(-19.585,-3.15,3.85763741731417E-16));
#5803=CARTESIAN_POINT('',(-22.5349999999999,3.15,0.));
#5804=CARTESIAN_POINT('Origin',(-22.5349999999999,1.43604894920701E-29,
0.));
#5805=CARTESIAN_POINT('Origin',(-22.5349999999999,1.43604894920701E-29,
0.));
#5806=CARTESIAN_POINT('Origin',(-22.8724999999999,1.30215948179248E-29,
0.));
#5807=CARTESIAN_POINT('',(-23.0849999999999,-2.6,-3.18408167778312E-16));
#5808=CARTESIAN_POINT('',(-22.8724999999999,-2.8125,-3.44431912260193E-16));
#5809=CARTESIAN_POINT('',(-23.0849999999999,2.6,0.));
#5810=CARTESIAN_POINT('Origin',(-23.0849999999999,1.31647890874621E-29,
0.));
#5811=CARTESIAN_POINT('Origin',(-23.0849999999999,1.31647890874621E-29,
0.));
#5812=CARTESIAN_POINT('Origin',(-61.9847848452431,3.9377618621928E-29,0.));
#5813=CARTESIAN_POINT('',(-61.8345696904862,2.,0.));
#5814=CARTESIAN_POINT('',(-61.8345696904862,-2.,-2.44929359829471E-16));
#5815=CARTESIAN_POINT('Origin',(-61.8345696904862,3.92763953308275E-29,
0.));
#5816=CARTESIAN_POINT('',(-62.135,-2.5,-3.06161699786838E-16));
#5817=CARTESIAN_POINT('',(-61.9847848452431,-2.25,-2.75545529808154E-16));
#5818=CARTESIAN_POINT('',(-62.135,2.5,0.));
#5819=CARTESIAN_POINT('Origin',(-62.135,3.94788419130285E-29,0.));
#5820=CARTESIAN_POINT('Origin',(-62.135,3.94788419130285E-29,0.));
#5821=CARTESIAN_POINT('Origin',(-61.8345696904862,3.92763953308275E-29,
0.));
#5822=CARTESIAN_POINT('Origin',(-65.885,4.20057996107461E-29,0.));
#5823=CARTESIAN_POINT('',(-69.635,-2.5,-3.06161699786838E-16));
#5824=CARTESIAN_POINT('',(-65.885,-2.5,-3.06161699786838E-16));
#5825=CARTESIAN_POINT('',(-69.635,2.5,0.));
#5826=CARTESIAN_POINT('Origin',(-69.635,4.45327573084637E-29,0.));
#5827=CARTESIAN_POINT('Origin',(-69.635,4.45327573084637E-29,0.));
#5828=CARTESIAN_POINT('Origin',(-69.8835,4.47002103718992E-29,0.));
#5829=CARTESIAN_POINT('',(-69.8835,-2.64347154189362,-3.23731896241714E-16));
#5830=CARTESIAN_POINT('Origin',(-26.61,1.55401293233167E-29,0.));
#5831=CARTESIAN_POINT('',(-30.135,-2.6,-3.18408167778312E-16));
#5832=CARTESIAN_POINT('',(-26.61,-2.6,-3.18408167778312E-16));
#5833=CARTESIAN_POINT('',(-30.135,2.6,0.));
#5834=CARTESIAN_POINT('Origin',(-30.135,1.79154695591713E-29,0.));
#5835=CARTESIAN_POINT('Origin',(-30.135,1.79154695591713E-29,0.));
#5836=CARTESIAN_POINT('Origin',(-30.3277922315353,1.80453836427815E-29,
0.));
#5837=CARTESIAN_POINT('',(-30.5205844630705,-2.,-2.44929359829471E-16));
#5838=CARTESIAN_POINT('',(-30.3277922315353,-2.3,-2.81668763803891E-16));
#5839=CARTESIAN_POINT('',(-30.5205844630705,2.,0.));
#5840=CARTESIAN_POINT('Origin',(-30.5205844630705,1.81752977263917E-29,
0.));
#5841=CARTESIAN_POINT('Origin',(-30.5205844630705,1.81752977263917E-29,
0.));
#5842=CARTESIAN_POINT('Origin',(-46.1775770767784,2.87258465286096E-29,
0.));
#5843=CARTESIAN_POINT('',(-46.1775770767784,-2.,-2.44929359829471E-16));
#5844=CARTESIAN_POINT('Origin',(-16.074,8.44038897580929E-30,0.));
#5845=CARTESIAN_POINT('',(-16.074,-3.47389350101538,-4.25429255659728E-16));
#5846=CARTESIAN_POINT('Origin',(-49.2267185299083,6.52931204809583E-16,
-6.52931204809583E-16));
#5847=CARTESIAN_POINT('',(-50.3109187097851,5.20572990654267,2.));
#5848=CARTESIAN_POINT('Ctrl Pts',(-49.2099185243412,4.57307235265199,2.));
#5849=CARTESIAN_POINT('Ctrl Pts',(-49.7248030035283,4.87187815414585,2.));
#5850=CARTESIAN_POINT('Ctrl Pts',(-50.3109187097806,5.20572990654009,2.));
#5851=CARTESIAN_POINT('',(-50.3109187097851,5.20572990654267,-2.));
#5852=CARTESIAN_POINT('Origin',(-50.3109187097852,5.86543090813523E-16,
-5.86543090813523E-16));
#5853=CARTESIAN_POINT('Ctrl Pts',(-49.2099185243412,4.57307235265199,-2.));
#5854=CARTESIAN_POINT('Ctrl Pts',(-49.7248030035283,4.87187815414585,-2.));
#5855=CARTESIAN_POINT('Ctrl Pts',(-50.3109187097806,5.20572990654009,-2.));
#5856=CARTESIAN_POINT('Origin',(-49.5064137539315,1.27160962353549E-15,
-1.27160962353549E-15));
#5857=CARTESIAN_POINT('',(-49.8241451884351,3.97506204946547,5.7618470738904));
#5858=CARTESIAN_POINT('Ctrl Pts',(-49.8241451884351,3.97506204946548,5.76184707389044));
#5859=CARTESIAN_POINT('Ctrl Pts',(-49.4491145588594,3.59064549975566,4.57873458743081));
#5860=CARTESIAN_POINT('Ctrl Pts',(-49.1932535123368,3.31636259787337,3.73457861577906));
#5861=CARTESIAN_POINT('',(-49.8241451884351,5.66311896062463,4.11449676604731));
#5862=CARTESIAN_POINT('Origin',(-49.8241451884351,1.23269874511015E-15,
-1.23269874511015E-15));
#5863=CARTESIAN_POINT('',(-49.8241451884351,6.70820393249937,2.));
#5864=CARTESIAN_POINT('Origin',(-49.8241451884351,1.23269874511015E-15,
-1.23269874511015E-15));
#5865=CARTESIAN_POINT('Ctrl Pts',(-49.1932535123367,4.57660773040553,2.));
#5866=CARTESIAN_POINT('Ctrl Pts',(-49.449114558859,5.46420584596138,2.));
#5867=CARTESIAN_POINT('Ctrl Pts',(-49.8241451884351,6.70820393249937,2.));
#5868=CARTESIAN_POINT('Origin',(-49.2267185299083,6.52931204809583E-16,
-6.52931204809583E-16));
#5869=CARTESIAN_POINT('',(-50.3109187097851,-0.293454023342716,5.56897733843986));
#5870=CARTESIAN_POINT('Ctrl Pts',(-49.2099185243412,-0.488955959114618,
4.96728424922878));
#5871=CARTESIAN_POINT('Ctrl Pts',(-49.7248030035283,-0.39661988843519,5.25146545384631));
#5872=CARTESIAN_POINT('Ctrl Pts',(-50.3109187097806,-0.293454023343512,
5.56897733843741));
#5873=CARTESIAN_POINT('',(-50.3109187097851,3.5107720418379,4.33290936094007));
#5874=CARTESIAN_POINT('Origin',(-50.3109187097852,5.86543090813523E-16,
-5.86543090813523E-16));
#5875=CARTESIAN_POINT('Ctrl Pts',(-49.2099185243412,3.315270106066,3.73121627172899));
#5876=CARTESIAN_POINT('Ctrl Pts',(-49.7248030035283,3.40760617674543,4.01539747634653));
#5877=CARTESIAN_POINT('Ctrl Pts',(-50.3109187097806,3.5107720418371,4.33290936093762));
#5878=CARTESIAN_POINT('Origin',(-49.5064137539315,1.27160962353549E-15,
-1.27160962353549E-15));
#5879=CARTESIAN_POINT('',(-49.8241451884351,-4.25148047853989,5.5610173296434));
#5880=CARTESIAN_POINT('Ctrl Pts',(-49.8241451884351,-4.25148047853992,5.56101732964342));
#5881=CARTESIAN_POINT('Ctrl Pts',(-49.4491145588593,-3.24506488556148,4.82981360049684));
#5882=CARTESIAN_POINT('Ctrl Pts',(-49.1932535123367,-2.52698292590088,4.30809651820999));
#5883=CARTESIAN_POINT('',(-49.8241451884351,0.170835984284851,6.99791505139019));
#5884=CARTESIAN_POINT('Origin',(-49.8241451884351,1.23269874511015E-15,
-1.23269874511015E-15));
#5885=CARTESIAN_POINT('Ctrl Pts',(-49.1932535123368,-0.48786346730724,4.97064659327885));
#5886=CARTESIAN_POINT('Ctrl Pts',(-49.4491145588589,-0.213580565425482,
5.81480256492899));
#5887=CARTESIAN_POINT('Ctrl Pts',(-49.8241451884351,0.170835984284862,6.99791505139023));
#5888=CARTESIAN_POINT('Origin',(-49.2267185299083,6.52931204809583E-16,
-6.52931204809583E-16));
#5889=CARTESIAN_POINT('',(-50.3109187097851,-5.38709446710387,1.44181727773376));
#5890=CARTESIAN_POINT('Ctrl Pts',(-49.2099185243412,-4.87526375438663,1.06995049780539));
#5891=CARTESIAN_POINT('Ctrl Pts',(-49.7248030035283,-5.117002725813,1.24558414122292));
#5892=CARTESIAN_POINT('Ctrl Pts',(-50.3109187097806,-5.38709446710179,1.44181727773225));
#5893=CARTESIAN_POINT('',(-50.3109187097851,-3.03595345793398,4.67788525523355));
#5894=CARTESIAN_POINT('Origin',(-50.3109187097852,5.86543090813523E-16,
-5.86543090813523E-16));
#5895=CARTESIAN_POINT('Ctrl Pts',(-49.2099185243412,-2.52412274521674,4.30601847530518));
#5896=CARTESIAN_POINT('Ctrl Pts',(-49.7248030035283,-2.7658617166431,4.48165211872271));
#5897=CARTESIAN_POINT('Ctrl Pts',(-50.3109187097806,-3.03595345793189,4.67788525523204));
#5898=CARTESIAN_POINT('Origin',(-61.7429688918733,-1.13468092345782E-16,
1.13468092345782E-16));
#5899=CARTESIAN_POINT('',(-62.3886823194278,3.74636830588649,-5.05800010422241));
#5900=CARTESIAN_POINT('Ctrl Pts',(-62.3886823194278,3.74636830588649,-5.05800010422241));
#5901=CARTESIAN_POINT('Ctrl Pts',(-61.5965899352491,3.48821997788794,-4.26350124499197));
#5902=CARTESIAN_POINT('Ctrl Pts',(-61.0018134667184,3.28695103940455,-3.64405914647691));
#5903=CARTESIAN_POINT('',(-62.3886823194278,-0.0578577592941282,-6.2940680817222));
#5904=CARTESIAN_POINT('Origin',(-62.3886823194278,-1.5300663645684E-16,
1.5300663645684E-16));
#5905=CARTESIAN_POINT('Ctrl Pts',(-61.0018134667184,-0.517275025776061,
-4.8801271239767));
#5906=CARTESIAN_POINT('Ctrl Pts',(-61.5965899352488,-0.316006087292774,
-5.49956922249145));
#5907=CARTESIAN_POINT('Ctrl Pts',(-62.3886823194278,-0.0578577592941282,
-6.2940680817222));
#5908=CARTESIAN_POINT('Origin',(-62.3886823194278,-6.91459943916453,7.49588651167463));
#5909=CARTESIAN_POINT('Ctrl Pts',(-50.3109187097895,-3.03595345793365,4.67788525523331));
#5910=CARTESIAN_POINT('Ctrl Pts',(-55.0769483916492,-2.67457512814822,4.41532852994465));
#5911=CARTESIAN_POINT('Ctrl Pts',(-59.0813300346888,-2.36291967914672,4.18889759216046));
#5912=CARTESIAN_POINT('',(-62.3886823194278,-3.65275248483568,5.12601597950996));
#5913=CARTESIAN_POINT('Ctrl Pts',(-61.0018134667184,-2.44998246616741,4.25215240953766));
#5914=CARTESIAN_POINT('Ctrl Pts',(-61.5965899352488,-2.97691138799626,4.63498868048233));
#5915=CARTESIAN_POINT('Ctrl Pts',(-62.3886823194278,-3.65275248483568,5.12601597950996));
#5916=CARTESIAN_POINT('',(-62.3886823194278,-3.88411808833576,5.29411292997039));
#5917=CARTESIAN_POINT('',(-62.3886823194278,-5.40132452045138,6.39642792666567));
#5918=CARTESIAN_POINT('',(-60.4886823194278,-4.92379528048947,6.04948262546726));
#5919=CARTESIAN_POINT('Ctrl Pts',(-60.4886823194278,-4.92379528048947,6.04948262546726));
#5920=CARTESIAN_POINT('Ctrl Pts',(-61.5271928059882,-4.35930890887615,5.63935927001075));
#5921=CARTESIAN_POINT('Ctrl Pts',(-62.3886823194278,-3.88411808833576,5.29411292997039));
#5922=CARTESIAN_POINT('',(-60.0630993975807,-4.92379528048947,6.04948262546726));
#5923=CARTESIAN_POINT('',(-60.3624933988827,-4.92379528048947,6.04948262546726));
#5924=CARTESIAN_POINT('',(-59.3356380584018,-3.86192308345599,5.27798731501596));
#5925=CARTESIAN_POINT('Ctrl Pts',(-60.0630993975812,-4.92379528049012,6.04948262546774));
#5926=CARTESIAN_POINT('Ctrl Pts',(-59.6646879017095,-4.34620789298198,5.62984082480356));
#5927=CARTESIAN_POINT('Ctrl Pts',(-59.3356380584018,-3.86192308345599,5.27798731501596));
#5928=CARTESIAN_POINT('',(-58.9870224460348,-3.86192308345599,5.27798731501596));
#5929=CARTESIAN_POINT('',(-59.094475586478,-3.86192308345599,5.27798731501596));
#5930=CARTESIAN_POINT('',(-58.3898943168238,-3.99771205583987,5.37664377828699));
#5931=CARTESIAN_POINT('Ctrl Pts',(-58.9870224460348,-3.86192308345599,5.27798731501596));
#5932=CARTESIAN_POINT('Ctrl Pts',(-58.6924288638913,-3.92899709247124,5.32671943508935));
#5933=CARTESIAN_POINT('Ctrl Pts',(-58.3898943168238,-3.99771205583987,5.37664377828698));
#5934=CARTESIAN_POINT('',(-49.9973502691919,-3.99771205583987,5.37664377828698));
#5935=CARTESIAN_POINT('',(-54.2513573199268,-3.99771205583987,5.37664377828698));
#5936=CARTESIAN_POINT('Ctrl Pts',(-49.9973502691917,-3.99771205584016,5.3766437782872));
#5937=CARTESIAN_POINT('Ctrl Pts',(-49.9128209645265,-4.12181778081009,5.46681186544679));
#5938=CARTESIAN_POINT('Ctrl Pts',(-49.8241451884351,-4.25148047853989,5.5610173296434));
#5939=CARTESIAN_POINT('Origin',(-62.3886823194278,-4.41163848208474,0.733107020419998));
#5940=CARTESIAN_POINT('',(-49.8241451884351,-6.60262148770979,2.32494935214361));
#5941=CARTESIAN_POINT('Ctrl Pts',(-49.1932535123368,-4.87812393507078,1.0720285407102));
#5942=CARTESIAN_POINT('Ctrl Pts',(-49.4491145588593,-5.59620589473138,1.59374562299706));
#5943=CARTESIAN_POINT('Ctrl Pts',(-49.8241451884351,-6.60262148770982,2.32494935214363));
#5944=CARTESIAN_POINT('',(-49.9973502691919,-6.34885306500976,2.14057580078719));
#5945=CARTESIAN_POINT('Ctrl Pts',(-49.8241451884351,-6.60262148770979,2.32494935214361));
#5946=CARTESIAN_POINT('Ctrl Pts',(-49.9128209645265,-6.47295878997996,2.23074388794699));
#5947=CARTESIAN_POINT('Ctrl Pts',(-49.9973502691919,-6.34885306500976,2.14057580078719));
#5948=CARTESIAN_POINT('',(-58.3898943168238,-6.34885306500976,2.1405758007872));
#5949=CARTESIAN_POINT('',(-54.2513573199268,-6.34885306500976,2.14057580078719));
#5950=CARTESIAN_POINT('',(-58.9870224460348,-6.21306409262588,2.04191933751616));
#5951=CARTESIAN_POINT('Ctrl Pts',(-58.3898943168238,-6.34885306500976,2.14057580078719));
#5952=CARTESIAN_POINT('Ctrl Pts',(-58.6924288639819,-6.28013810162053,2.09065145757459));
#5953=CARTESIAN_POINT('Ctrl Pts',(-58.9870224460348,-6.21306409262588,2.04191933751616));
#5954=CARTESIAN_POINT('',(-59.3356380584018,-6.21306409262588,2.04191933751616));
#5955=CARTESIAN_POINT('',(-59.094475586478,-6.21306409262588,2.04191933751616));
#5956=CARTESIAN_POINT('',(-60.0630993975807,-7.27493628965936,2.81341464796747));
#5957=CARTESIAN_POINT('Ctrl Pts',(-60.0630993975812,-7.27493628966001,2.81341464796795));
#5958=CARTESIAN_POINT('Ctrl Pts',(-59.6646879017095,-6.69734890215192,2.39377284730381));
#5959=CARTESIAN_POINT('Ctrl Pts',(-59.3356380584018,-6.21306409262588,2.04191933751616));
#5960=CARTESIAN_POINT('',(-60.4886823194278,-7.27493628965936,2.81341464796747));
#5961=CARTESIAN_POINT('',(-60.3624933988827,-7.27493628965936,2.81341464796747));
#5962=CARTESIAN_POINT('',(-62.3886823194278,-6.23525909750565,2.0580449524706));
#5963=CARTESIAN_POINT('Ctrl Pts',(-62.3886823194278,-6.23525909750565,2.0580449524706));
#5964=CARTESIAN_POINT('Ctrl Pts',(-61.5271928059882,-6.71044991804604,2.40329129251096));
#5965=CARTESIAN_POINT('Ctrl Pts',(-60.4886823194278,-7.27493628965936,2.81341464796747));
#5966=CARTESIAN_POINT('',(-62.3886823194278,-6.00389349400558,1.88994800201017));
#5967=CARTESIAN_POINT('',(-62.3886823194278,-5.32541454649643,1.39700419228846));
#5968=CARTESIAN_POINT('Ctrl Pts',(-62.3886823194278,-6.00389349400558,1.88994800201017));
#5969=CARTESIAN_POINT('Ctrl Pts',(-61.5965899352491,-5.32805239716642,1.39892070298273));
#5970=CARTESIAN_POINT('Ctrl Pts',(-61.0018134667184,-4.80112347533731,1.01608443203787));
#5971=CARTESIAN_POINT('Ctrl Pts',(-59.0813300346888,-4.71406068831662,0.952829614660667));
#5972=CARTESIAN_POINT('Ctrl Pts',(-55.0769483916849,-5.02571613731538,1.17926055244287));
#5973=CARTESIAN_POINT('Ctrl Pts',(-50.3109187097851,-5.38709446710387,1.44181727773376));
#5974=CARTESIAN_POINT('Origin',(-61.7429688918733,-1.13468092345782E-16,
1.13468092345782E-16));
#5975=CARTESIAN_POINT('Origin',(-62.3886823194278,-1.5300663645684E-16,
1.5300663645684E-16));
#5976=CARTESIAN_POINT('Origin',(-55.3399731409754,2.78602320218777E-16,
-2.78602320218777E-16));
#5977=CARTESIAN_POINT('Ctrl Pts',(-50.3109187097895,5.20572990654226,-2.));
#5978=CARTESIAN_POINT('Ctrl Pts',(-55.0769483916492,4.75904172533213,-2.));
#5979=CARTESIAN_POINT('Ctrl Pts',(-59.0813300346888,4.37381440480807,-2.));
#5980=CARTESIAN_POINT('Ctrl Pts',(-59.0813300346888,4.37381440480806,2.));
#5981=CARTESIAN_POINT('Ctrl Pts',(-55.0769483916849,4.75904172532876,2.));
#5982=CARTESIAN_POINT('Ctrl Pts',(-50.3109187097851,5.20572990654267,2.));
#5983=CARTESIAN_POINT('Origin',(-62.3886823194278,4.,2.));
#5984=CARTESIAN_POINT('',(-49.9973502691919,6.39452891149923,2.));
#5985=CARTESIAN_POINT('Ctrl Pts',(-49.8241451884351,6.70820393249937,2.));
#5986=CARTESIAN_POINT('Ctrl Pts',(-49.9128209645265,6.5479320239593,2.));
#5987=CARTESIAN_POINT('Ctrl Pts',(-49.9973502691919,6.39452891149923,2.));
#5988=CARTESIAN_POINT('',(-58.3898943168238,6.39452891149923,2.));
#5989=CARTESIAN_POINT('',(-54.2513573199268,6.39452891149923,2.));
#5990=CARTESIAN_POINT('',(-58.9870224460348,6.22668451103792,2.));
#5991=CARTESIAN_POINT('Ctrl Pts',(-58.3898943168238,6.39452891149923,2.));
#5992=CARTESIAN_POINT('Ctrl Pts',(-58.6924288639819,6.30959254567874,2.));
#5993=CARTESIAN_POINT('Ctrl Pts',(-58.9870224460348,6.22668451103792,2.));
#5994=CARTESIAN_POINT('',(-59.3356380584018,6.22668451103792,2.));
#5995=CARTESIAN_POINT('',(-59.094475586478,6.22668451103792,2.));
#5996=CARTESIAN_POINT('',(-60.0630993975807,7.53923072998835,2.));
#5997=CARTESIAN_POINT('Ctrl Pts',(-60.0630993975812,7.53923072998916,2.));
#5998=CARTESIAN_POINT('Ctrl Pts',(-59.6646879017095,6.82529345608264,2.));
#5999=CARTESIAN_POINT('Ctrl Pts',(-59.3356380584018,6.22668451103792,2.));
#6000=CARTESIAN_POINT('',(-60.4886823194278,7.53923072998835,2.));
#6001=CARTESIAN_POINT('',(-60.3624933988827,7.53923072998835,2.));
#6002=CARTESIAN_POINT('',(-62.3886823194278,6.25411904583025,2.));
#6003=CARTESIAN_POINT('Ctrl Pts',(-62.3886823194278,6.25411904583025,2.));
#6004=CARTESIAN_POINT('Ctrl Pts',(-61.5271928059882,6.84148720230208,2.));
#6005=CARTESIAN_POINT('Ctrl Pts',(-60.4886823194278,7.53923072998835,2.));
#6006=CARTESIAN_POINT('',(-62.3886823194278,5.96813543224889,2.));
#6007=CARTESIAN_POINT('',(-62.3886823194278,5.12948933182507,2.));
#6008=CARTESIAN_POINT('Ctrl Pts',(-62.3886823194278,5.96813543224889,2.));
#6009=CARTESIAN_POINT('Ctrl Pts',(-61.5965899352491,5.13274989456768,2.));
#6010=CARTESIAN_POINT('Ctrl Pts',(-61.0018134667184,4.48142992787623,2.));
#6011=CARTESIAN_POINT('Origin',(-62.3886823194278,4.99228297633978,8.89253117420164));
#6012=CARTESIAN_POINT('Ctrl Pts',(-50.3109187097895,3.51077204183777,4.33290936093968));
#6013=CARTESIAN_POINT('Ctrl Pts',(-55.0769483916492,3.37273780265741,3.90808365544776));
#6014=CARTESIAN_POINT('Ctrl Pts',(-59.0813300346888,3.25369601391795,3.54171070200842));
#6015=CARTESIAN_POINT('',(-62.3886823194278,3.74636830588649,5.05800010422241));
#6016=CARTESIAN_POINT('Ctrl Pts',(-61.0018134667184,3.28695103940455,3.64405914647691));
#6017=CARTESIAN_POINT('Ctrl Pts',(-61.5965899352488,3.48821997788784,4.26350124499166));
#6018=CARTESIAN_POINT('Ctrl Pts',(-62.3886823194278,3.74636830588649,5.05800010422241));
#6019=CARTESIAN_POINT('',(-62.3886823194278,3.83474210259588,5.32998668347259));
#6020=CARTESIAN_POINT('',(-62.3886823194278,4.41426339171409,7.11356981443427));
#6021=CARTESIAN_POINT('',(-60.4886823194278,4.23186345267055,6.55220052485819));
#6022=CARTESIAN_POINT('Ctrl Pts',(-60.4886823194278,4.23186345267055,6.55220052485819));
#6023=CARTESIAN_POINT('Ctrl Pts',(-61.5271928059882,4.01624884490036,5.8886069961494));
#6024=CARTESIAN_POINT('Ctrl Pts',(-62.3886823194278,3.83474210259588,5.32998668347259));
#6025=CARTESIAN_POINT('',(-60.0630993975807,4.23186345267055,6.55220052485819));
#6026=CARTESIAN_POINT('',(-60.3624933988827,4.23186345267055,6.55220052485819));
#6027=CARTESIAN_POINT('',(-59.3356380584018,3.82626436511228,5.30389489038682));
#6028=CARTESIAN_POINT('Ctrl Pts',(-60.0630993975812,4.2318634526708,6.55220052485896));
#6029=CARTESIAN_POINT('Ctrl Pts',(-59.6646879017095,4.01124470211594,5.87320582828411));
#6030=CARTESIAN_POINT('Ctrl Pts',(-59.3356380584018,3.82626436511228,5.30389489038682));
#6031=CARTESIAN_POINT('',(-58.9870224460348,3.82626436511228,5.30389489038682));
#6032=CARTESIAN_POINT('',(-59.094475586478,3.82626436511228,5.30389489038682));
#6033=CARTESIAN_POINT('',(-58.3898943168238,3.8781311372655,5.46352440116921));
#6034=CARTESIAN_POINT('Ctrl Pts',(-58.9870224460348,3.82626436511229,5.30389489038682));
#6035=CARTESIAN_POINT('Ctrl Pts',(-58.6924288638913,3.8518843567944,5.38274511700942));
#6036=CARTESIAN_POINT('Ctrl Pts',(-58.3898943168238,3.8781311372655,5.4635244011692));
#6037=CARTESIAN_POINT('',(-49.9973502691919,3.8781311372655,5.4635244011692));
#6038=CARTESIAN_POINT('',(-54.2513573199268,3.8781311372655,5.46352440116921));
#6039=CARTESIAN_POINT('Ctrl Pts',(-49.9973502691917,3.87813113726562,5.46352440116955));
#6040=CARTESIAN_POINT('Ctrl Pts',(-49.9128209645265,3.92553530600568,5.60941943089433));
#6041=CARTESIAN_POINT('Ctrl Pts',(-49.8241451884351,3.97506204946547,5.7618470738904));
#6042=CARTESIAN_POINT('Origin',(-62.3886823194278,-0.666045055090518,4.42226005393051));
#6043=CARTESIAN_POINT('',(-49.9973502691919,0.0739050720848897,6.69959237866899));
#6044=CARTESIAN_POINT('Ctrl Pts',(-49.8241451884351,0.17083598428485,6.99791505139019));
#6045=CARTESIAN_POINT('Ctrl Pts',(-49.9128209645265,0.121309240825062,6.8454874083941));
#6046=CARTESIAN_POINT('Ctrl Pts',(-49.9973502691919,0.0739050720848894,
6.69959237866899));
#6047=CARTESIAN_POINT('',(-58.3898943168238,0.0739050720848894,6.69959237866899));
#6048=CARTESIAN_POINT('',(-54.2513573199268,0.0739050720848897,6.69959237866899));
#6049=CARTESIAN_POINT('',(-58.9870224460348,0.0220382999316698,6.53996286788661));
#6050=CARTESIAN_POINT('Ctrl Pts',(-58.3898943168238,0.0739050720848886,
6.69959237866899));
#6051=CARTESIAN_POINT('Ctrl Pts',(-58.6924288639819,0.0476582916059096,
6.61881309448499));
#6052=CARTESIAN_POINT('Ctrl Pts',(-58.9870224460348,0.022038299931669,6.53996286788661));
#6053=CARTESIAN_POINT('',(-59.3356380584018,0.0220382999316696,6.53996286788661));
#6054=CARTESIAN_POINT('',(-59.094475586478,0.0220382999316698,6.53996286788661));
#6055=CARTESIAN_POINT('',(-60.0630993975807,0.427637387489933,7.78826850235798));
#6056=CARTESIAN_POINT('Ctrl Pts',(-60.0630993975812,0.427637387490182,7.78826850235875));
#6057=CARTESIAN_POINT('Ctrl Pts',(-59.6646879017095,0.207018636935348,7.10927380578396));
#6058=CARTESIAN_POINT('Ctrl Pts',(-59.3356380584018,0.0220382999316696,
6.53996286788661));
#6059=CARTESIAN_POINT('',(-60.4886823194278,0.427637387489933,7.78826850235798));
#6060=CARTESIAN_POINT('',(-60.3624933988827,0.427637387489933,7.78826850235798));
#6061=CARTESIAN_POINT('',(-62.3886823194278,0.0305160374152694,6.56605466097238));
#6062=CARTESIAN_POINT('Ctrl Pts',(-62.3886823194278,0.0305160374152694,
6.56605466097238));
#6063=CARTESIAN_POINT('Ctrl Pts',(-61.5271928059882,0.212022779719748,7.12467497364918));
#6064=CARTESIAN_POINT('Ctrl Pts',(-60.4886823194278,0.427637387489933,7.78826850235798));
#6065=CARTESIAN_POINT('',(-62.3886823194278,-0.0578577592941268,6.2940680817222));
#6066=CARTESIAN_POINT('',(-62.3886823194278,-0.317013656591366,5.4964682430486));
#6067=CARTESIAN_POINT('Ctrl Pts',(-62.3886823194278,-0.0578577592941268,
6.2940680817222));
#6068=CARTESIAN_POINT('Ctrl Pts',(-61.5965899352491,-0.316006087292671,
5.49956922249176));
#6069=CARTESIAN_POINT('Ctrl Pts',(-61.0018134667184,-0.51727502577606,4.8801271239767));
#6070=CARTESIAN_POINT('Ctrl Pts',(-59.0813300346888,-0.55053005126267,4.77777867950821));
#6071=CARTESIAN_POINT('Ctrl Pts',(-55.0769483916849,-0.431488262524251,
5.14415163294434));
#6072=CARTESIAN_POINT('Ctrl Pts',(-50.3109187097851,-0.293454023342717,
5.56897733843986));
#6073=CARTESIAN_POINT('Origin',(-61.7429688918733,-1.13468092345782E-16,
1.13468092345782E-16));
#6074=CARTESIAN_POINT('Origin',(-62.3886823194278,-1.5300663645684E-16,
1.5300663645684E-16));
#6075=CARTESIAN_POINT('Origin',(-61.7429688918733,-1.13468092345782E-16,
1.13468092345782E-16));
#6076=CARTESIAN_POINT('',(-62.3886823194278,-3.65275248483568,-5.12601597950996));
#6077=CARTESIAN_POINT('Ctrl Pts',(-62.3886823194278,-3.65275248483568,-5.12601597950996));
#6078=CARTESIAN_POINT('Ctrl Pts',(-61.5965899352491,-2.97691138799653,-4.63498868048253));
#6079=CARTESIAN_POINT('Ctrl Pts',(-61.0018134667184,-2.44998246616741,-4.25215240953766));
#6080=CARTESIAN_POINT('',(-62.3886823194278,-6.00389349400558,-1.88994800201017));
#6081=CARTESIAN_POINT('Origin',(-62.3886823194278,-1.5300663645684E-16,
1.5300663645684E-16));
#6082=CARTESIAN_POINT('Ctrl Pts',(-61.0018134667184,-4.80112347533731,-1.01608443203787));
#6083=CARTESIAN_POINT('Ctrl Pts',(-61.5965899352488,-5.32805239716616,-1.39892070298255));
#6084=CARTESIAN_POINT('Ctrl Pts',(-62.3886823194278,-6.00389349400558,-1.88994800201017));
#6085=CARTESIAN_POINT('Origin',(-49.5064137539315,1.27160962353549E-15,
-1.27160962353549E-15));
#6086=CARTESIAN_POINT('',(-49.8241451884351,6.70820393249937,-2.));
#6087=CARTESIAN_POINT('Ctrl Pts',(-49.8241451884351,6.70820393249937,-2.));
#6088=CARTESIAN_POINT('Ctrl Pts',(-49.4491145588599,5.46420584596428,-2.));
#6089=CARTESIAN_POINT('Ctrl Pts',(-49.1932535123368,4.57660773040552,-2.));
#6090=CARTESIAN_POINT('',(-49.8241451884351,3.97506204946546,-5.76184707389041));
#6091=CARTESIAN_POINT('Origin',(-49.8241451884351,1.23269874511015E-15,
-1.23269874511015E-15));
#6092=CARTESIAN_POINT('Ctrl Pts',(-49.1932535123368,3.31636259787337,-3.73457861577906));
#6093=CARTESIAN_POINT('Ctrl Pts',(-49.4491145588591,3.59064549975529,-4.57873458742969));
#6094=CARTESIAN_POINT('Ctrl Pts',(-49.8241451884351,3.97506204946547,-5.76184707389041));
#6095=CARTESIAN_POINT('Origin',(-49.5064137539315,1.27160962353549E-15,
-1.27160962353549E-15));
#6096=CARTESIAN_POINT('',(-49.8241451884351,0.170835984284849,-6.9979150513902));
#6097=CARTESIAN_POINT('Ctrl Pts',(-49.8241451884351,0.17083598428485,-6.9979150513902));
#6098=CARTESIAN_POINT('Ctrl Pts',(-49.4491145588591,-0.213580565425255,
-5.8148025649297));
#6099=CARTESIAN_POINT('Ctrl Pts',(-49.1932535123368,-0.487863467307243,
-4.97064659327885));
#6100=CARTESIAN_POINT('',(-49.8241451884351,-4.2514804785399,-5.5610173296434));
#6101=CARTESIAN_POINT('Origin',(-49.8241451884351,1.23269874511015E-15,
-1.23269874511015E-15));
#6102=CARTESIAN_POINT('Ctrl Pts',(-49.1932535123368,-2.52698292590088,-4.30809651820999));
#6103=CARTESIAN_POINT('Ctrl Pts',(-49.4491145588593,-3.24506488556139,-4.82981360049678));
#6104=CARTESIAN_POINT('Ctrl Pts',(-49.8241451884351,-4.2514804785399,-5.5610173296434));
#6105=CARTESIAN_POINT('Origin',(-46.8874060838612,1.59234555954488E-15,
-1.59234555954488E-15));
#6106=CARTESIAN_POINT('',(-46.917626901842,4.27418137097241,-6.68244168534337));
#6107=CARTESIAN_POINT('',(-46.8571852658804,4.15210962816686,-6.30674349215644));
#6108=CARTESIAN_POINT('Ctrl Pts',(-46.917626901842,4.27418137097241,-6.68244168534337));
#6109=CARTESIAN_POINT('Ctrl Pts',(-46.8866079323948,4.21164115930041,-6.48996270546899));
#6110=CARTESIAN_POINT('Ctrl Pts',(-46.8571852658804,4.15210962816684,-6.30674349215638));
#6111=CARTESIAN_POINT('',(-46.917626901842,7.67617439027947,-2.));
#6112=CARTESIAN_POINT('Origin',(-46.917626901842,1.58864457674409E-15,-1.58864457674409E-15));
#6113=CARTESIAN_POINT('',(-46.8571852658804,7.28114193242889,-2.));
#6114=CARTESIAN_POINT('Ctrl Pts',(-46.8571852658804,7.28114193242878,-2.));
#6115=CARTESIAN_POINT('Ctrl Pts',(-46.8866079324132,7.47379001410211,-2.));
#6116=CARTESIAN_POINT('Ctrl Pts',(-46.917626901842,7.67617439027947,-2.));
#6117=CARTESIAN_POINT('Origin',(-46.8571852658804,1.59604654234566E-15,
-1.59604654234566E-15));
#6118=CARTESIAN_POINT('Origin',(-46.8874060838612,1.59234555954488E-15,
-1.59234555954488E-15));
#6119=CARTESIAN_POINT('',(-46.917626901842,0.469955305791799,7.91850966284316));
#6120=CARTESIAN_POINT('',(-46.8571852658804,0.347883562986248,7.54281146965622));
#6121=CARTESIAN_POINT('Ctrl Pts',(-46.917626901842,0.469955305791817,7.91850966284322));
#6122=CARTESIAN_POINT('Ctrl Pts',(-46.8866079323759,0.407415094081592,7.7260306828512));
#6123=CARTESIAN_POINT('Ctrl Pts',(-46.8571852658804,0.347883562986248,7.54281146965622));
#6124=CARTESIAN_POINT('',(-46.917626901842,-5.03458502893689,6.12997608938134));
#6125=CARTESIAN_POINT('Origin',(-46.917626901842,1.58864457674409E-15,-1.58864457674409E-15));
#6126=CARTESIAN_POINT('',(-46.8571852658804,-4.71499705720602,5.89778183647988));
#6127=CARTESIAN_POINT('Ctrl Pts',(-46.8571852658804,-4.71499705720602,5.89778183647988));
#6128=CARTESIAN_POINT('Ctrl Pts',(-46.8866079323776,-4.87085262902498,6.01101753763295));
#6129=CARTESIAN_POINT('Ctrl Pts',(-46.917626901842,-5.03458502893694,6.12997608938137));
#6130=CARTESIAN_POINT('Origin',(-46.8571852658804,1.59604654234566E-15,
-1.59604654234566E-15));
#6131=CARTESIAN_POINT('Origin',(-46.8874060838612,1.59234555954488E-15,
-1.59234555954488E-15));
#6132=CARTESIAN_POINT('',(-46.8571852658804,4.15210962816686,6.30674349215643));
#6133=CARTESIAN_POINT('',(-46.917626901842,4.27418137097241,6.68244168534337));
#6134=CARTESIAN_POINT('Ctrl Pts',(-46.8571852658804,4.15210962816686,6.30674349215643));
#6135=CARTESIAN_POINT('Ctrl Pts',(-46.8866079323723,4.21164115925497,6.48996270532915));
#6136=CARTESIAN_POINT('Ctrl Pts',(-46.917626901842,4.27418137097243,6.68244168534343));
#6137=CARTESIAN_POINT('',(-46.8571852658803,6.10874947831173,4.43826628892404));
#6138=CARTESIAN_POINT('Origin',(-46.8571852658804,1.59604654234566E-15,
-1.59604654234566E-15));
#6139=CARTESIAN_POINT('',(-46.8571852658804,7.28114193242889,2.));
#6140=CARTESIAN_POINT('Origin',(-46.8571852658804,1.59604654234566E-15,
-1.59604654234566E-15));
#6141=CARTESIAN_POINT('',(-46.917626901842,7.67617439027947,2.));
#6142=CARTESIAN_POINT('Ctrl Pts',(-46.917626901842,7.67617439027953,2.));
#6143=CARTESIAN_POINT('Ctrl Pts',(-46.8866079324121,7.473790014095,2.));
#6144=CARTESIAN_POINT('Ctrl Pts',(-46.8571852658804,7.28114193242878,2.));
#6145=CARTESIAN_POINT('',(-46.917626901842,6.41748126131131,4.66257305902015));
#6146=CARTESIAN_POINT('Origin',(-46.917626901842,1.58864457674409E-15,-1.58864457674409E-15));
#6147=CARTESIAN_POINT('Origin',(-46.917626901842,1.58864457674409E-15,-1.58864457674409E-15));
#6148=CARTESIAN_POINT('Origin',(-46.8874060838612,1.59234555954488E-15,
-1.59234555954488E-15));
#6149=CARTESIAN_POINT('',(-46.917626901842,-5.03458502893689,-6.12997608938133));
#6150=CARTESIAN_POINT('',(-46.8571852658804,-4.71499705720603,-5.89778183647988));
#6151=CARTESIAN_POINT('Ctrl Pts',(-46.917626901842,-5.0345850289369,-6.12997608938134));
#6152=CARTESIAN_POINT('Ctrl Pts',(-46.8866079323769,-4.87085262902144,-6.01101753763038));
#6153=CARTESIAN_POINT('Ctrl Pts',(-46.8571852658804,-4.71499705720598,-5.89778183647985));
#6154=CARTESIAN_POINT('',(-46.917626901842,0.469955305791798,-7.91850966284316));
#6155=CARTESIAN_POINT('Origin',(-46.917626901842,1.58864457674409E-15,-1.58864457674409E-15));
#6156=CARTESIAN_POINT('',(-46.8571852658804,0.347883562986246,-7.54281146965623));
#6157=CARTESIAN_POINT('Ctrl Pts',(-46.8571852658804,0.347883562986228,-7.54281146965617));
#6158=CARTESIAN_POINT('Ctrl Pts',(-46.8866079323985,0.40741509412731,-7.72603068299191));
#6159=CARTESIAN_POINT('Ctrl Pts',(-46.917626901842,0.469955305791797,-7.91850966284316));
#6160=CARTESIAN_POINT('Origin',(-46.8571852658804,1.59604654234566E-15,
-1.59604654234566E-15));
#6161=CARTESIAN_POINT('Origin',(-46.8874060838612,1.59234555954488E-15,
-1.59234555954488E-15));
#6162=CARTESIAN_POINT('',(-46.8571852658804,-7.06613806637592,-2.66171385898009));
#6163=CARTESIAN_POINT('',(-46.917626901842,-7.38572603810679,-2.89390811188154));
#6164=CARTESIAN_POINT('Ctrl Pts',(-46.8571852658804,-7.06613806637592,-2.66171385898009));
#6165=CARTESIAN_POINT('Ctrl Pts',(-46.8866079323756,-7.22199363818448,-2.7749495601256));
#6166=CARTESIAN_POINT('Ctrl Pts',(-46.917626901842,-7.38572603810684,-2.89390811188158));
#6167=CARTESIAN_POINT('',(-46.8571852658804,-7.06613806637592,2.66171385898009));
#6168=CARTESIAN_POINT('Origin',(-46.8571852658804,1.59604654234566E-15,
-1.59604654234566E-15));
#6169=CARTESIAN_POINT('',(-46.917626901842,-7.38572603810679,2.89390811188154));
#6170=CARTESIAN_POINT('Ctrl Pts',(-46.917626901842,-7.38572603810683,2.89390811188158));
#6171=CARTESIAN_POINT('Ctrl Pts',(-46.8866079323766,-7.22199363818985,2.77494956012951));
#6172=CARTESIAN_POINT('Ctrl Pts',(-46.8571852658804,-7.06613806637591,2.66171385898009));
#6173=CARTESIAN_POINT('Origin',(-46.917626901842,1.58864457674409E-15,-1.58864457674409E-15));
#6174=CARTESIAN_POINT('Origin',(-49.5064137539315,1.27160962353549E-15,
-1.27160962353549E-15));
#6175=CARTESIAN_POINT('',(-49.8241451884351,-6.60262148770979,-2.32494935214361));
#6176=CARTESIAN_POINT('Ctrl Pts',(-49.8241451884351,-6.60262148770982,-2.32494935214363));
#6177=CARTESIAN_POINT('Ctrl Pts',(-49.4491145588593,-5.59620589473121,-1.59374562299694));
#6178=CARTESIAN_POINT('Ctrl Pts',(-49.1932535123367,-4.87812393507078,-1.0720285407102));
#6179=CARTESIAN_POINT('Origin',(-49.8241451884351,1.23269874511015E-15,
-1.23269874511015E-15));
#6180=CARTESIAN_POINT('Origin',(-62.3886823194278,1.18805691115916,-10.1285991517014));
#6181=CARTESIAN_POINT('',(-46.9339033613,0.113017908785466,-6.81996931227459));
#6182=CARTESIAN_POINT('Ctrl Pts',(-46.9339033613,0.113017908785466,-6.81996931227459));
#6183=CARTESIAN_POINT('Ctrl Pts',(-46.8976566121693,0.224486457551292,-7.16303422972399));
#6184=CARTESIAN_POINT('Ctrl Pts',(-46.8571852658804,0.347883562986245,-7.54281146965622));
#6185=CARTESIAN_POINT('',(-46.85718524467,0.157397724290283,-6.95655633983664));
#6186=CARTESIAN_POINT('',(-46.8571852658804,-0.357028060715571,-5.37331657022566));
#6187=CARTESIAN_POINT('Ctrl Pts',(-46.9339033613,0.113017908785466,-6.81996931227459));
#6188=CARTESIAN_POINT('Ctrl Pts',(-46.9318515349223,0.11932782937508,-6.83938925099413));
#6189=CARTESIAN_POINT('Ctrl Pts',(-46.926438247681,0.125895954829796,-6.85960386257621));
#6190=CARTESIAN_POINT('Ctrl Pts',(-46.9096939754606,0.138711724591661,-6.89904674618853));
#6191=CARTESIAN_POINT('Ctrl Pts',(-46.8930366360734,0.146672647595064,-6.92354794785682));
#6192=CARTESIAN_POINT('Ctrl Pts',(-46.869770839596,0.154052171541469,-6.94625978721886));
#6193=CARTESIAN_POINT('Ctrl Pts',(-46.8637086146835,0.155773596428651,-6.95155778825463));
#6194=CARTESIAN_POINT('Ctrl Pts',(-46.8571852364003,0.157397721068417,-6.95655632992076));
#6195=CARTESIAN_POINT('Origin',(-62.3886823194278,1.18805691115916,-10.1285991517014));
#6196=CARTESIAN_POINT('',(-46.8571852658804,0.469955305791798,-7.91850966284316));
#6197=CARTESIAN_POINT('',(-39.6531546106349,0.469955305791798,-7.91850966284316));
#6198=CARTESIAN_POINT('',(-46.8571852658804,-0.357028060715571,-5.37331657022566));
#6199=CARTESIAN_POINT('Origin',(-62.3886823194278,1.18805691115916,-10.1285991517014));
#6200=CARTESIAN_POINT('',(-50.3109187097851,-0.293454023342717,-5.56897733843986));
#6201=CARTESIAN_POINT('Ctrl Pts',(-49.2099185243412,-0.488955959114619,
-4.96728424922878));
#6202=CARTESIAN_POINT('Ctrl Pts',(-49.7248030035283,-0.396619888435189,
-5.25146545384632));
#6203=CARTESIAN_POINT('Ctrl Pts',(-50.3109187097806,-0.293454023343513,
-5.56897733843741));
#6204=CARTESIAN_POINT('Ctrl Pts',(-50.3109187097895,-0.293454023342843,
-5.56897733843947));
#6205=CARTESIAN_POINT('Ctrl Pts',(-55.0769483916492,-0.43148826252321,-5.14415163294755));
#6206=CARTESIAN_POINT('Ctrl Pts',(-59.0813300346888,-0.550530051262671,
-4.77777867950821));
#6207=CARTESIAN_POINT('',(-62.3886823194278,0.030516037415268,-6.56605466097238));
#6208=CARTESIAN_POINT('',(-62.3886823194278,0.610037326533475,-8.34963779193406));
#6209=CARTESIAN_POINT('',(-60.4886823194278,0.427637387489931,-7.78826850235798));
#6210=CARTESIAN_POINT('Ctrl Pts',(-60.4886823194278,0.427637387489931,-7.78826850235798));
#6211=CARTESIAN_POINT('Ctrl Pts',(-61.5271928059882,0.212022779719746,-7.12467497364918));
#6212=CARTESIAN_POINT('Ctrl Pts',(-62.3886823194278,0.030516037415268,-6.56605466097238));
#6213=CARTESIAN_POINT('',(-60.0630993975807,0.427637387489931,-7.78826850235798));
#6214=CARTESIAN_POINT('',(-60.3624933988827,0.427637387489931,-7.78826850235798));
#6215=CARTESIAN_POINT('',(-59.3356380584018,0.0220382999316687,-6.53996286788661));
#6216=CARTESIAN_POINT('Ctrl Pts',(-60.0630993975812,0.42763738749018,-7.78826850235875));
#6217=CARTESIAN_POINT('Ctrl Pts',(-59.6646879017095,0.207018636935327,-7.1092738057839));
#6218=CARTESIAN_POINT('Ctrl Pts',(-59.3356380584018,0.0220382999316679,
-6.53996286788661));
#6219=CARTESIAN_POINT('',(-58.9870224460348,0.0220382999316684,-6.53996286788661));
#6220=CARTESIAN_POINT('',(-59.094475586478,0.0220382999316684,-6.53996286788661));
#6221=CARTESIAN_POINT('',(-58.3898943168238,0.073905072084888,-6.69959237866899));
#6222=CARTESIAN_POINT('Ctrl Pts',(-58.9870224460348,0.0220382999316679,
-6.53996286788661));
#6223=CARTESIAN_POINT('Ctrl Pts',(-58.6924288638913,0.0476582916137783,
-6.61881309450921));
#6224=CARTESIAN_POINT('Ctrl Pts',(-58.3898943168238,0.0739050720848872,
-6.69959237866899));
#6225=CARTESIAN_POINT('',(-49.9973502691919,0.0739050720848883,-6.699592378669));
#6226=CARTESIAN_POINT('',(-54.2513573199268,0.0739050720848883,-6.69959237866899));
#6227=CARTESIAN_POINT('Ctrl Pts',(-49.9973502691917,0.0739050720850024,
-6.69959237866934));
#6228=CARTESIAN_POINT('Ctrl Pts',(-49.9128209645265,0.121309240825068,-6.84548740839412));
#6229=CARTESIAN_POINT('Ctrl Pts',(-49.8241451884351,0.17083598428485,-6.99791505139019));
#6230=CARTESIAN_POINT('Origin',(-46.8571852658804,9.51056516295154,3.09016994374947));
#6231=CARTESIAN_POINT('',(-46.85718524467,3.9616237894709,-5.72048836233685));
#6232=CARTESIAN_POINT('',(-46.8571852658804,2.5201470213402,-1.28407904384041));
#6233=CARTESIAN_POINT('Origin',(-46.8571852658804,7.98023271172829E-16,
-7.98023271172829E-16));
#6234=CARTESIAN_POINT('',(-46.8571852658804,4.27418137097241,-6.68244168534337));
#6235=CARTESIAN_POINT('Origin',(-46.8571852658804,7.98023271172829E-16,
-7.98023271172829E-16));
#6236=CARTESIAN_POINT('',(-46.8571852658804,2.5201470213402,-1.28407904384041));
#6237=CARTESIAN_POINT('Origin',(-62.3886823194278,3.1381810100901,-3.18619207643072));
#6238=CARTESIAN_POINT('',(-46.9339033613,3.91724397396608,-5.5839013347748));
#6239=CARTESIAN_POINT('Ctrl Pts',(-46.8571852658804,4.15210962816686,-6.30674349215643));
#6240=CARTESIAN_POINT('Ctrl Pts',(-46.8976566121693,4.02871252273191,-5.92696625222422));
#6241=CARTESIAN_POINT('Ctrl Pts',(-46.9339033613,3.91724397396608,-5.5839013347748));
#6242=CARTESIAN_POINT('Ctrl Pts',(-46.8571852364003,3.96162378624903,-5.72048835242096));
#6243=CARTESIAN_POINT('Ctrl Pts',(-46.8637086146835,3.95999966160927,-5.71548981075484));
#6244=CARTESIAN_POINT('Ctrl Pts',(-46.869770839596,3.95827823672208,-5.71019180971907));
#6245=CARTESIAN_POINT('Ctrl Pts',(-46.8930366360734,3.95089871277568,-5.68747997035703));
#6246=CARTESIAN_POINT('Ctrl Pts',(-46.9096939754606,3.94293778977228,-5.66297876868874));
#6247=CARTESIAN_POINT('Ctrl Pts',(-46.926438247681,3.93012202001041,-5.62353588507642));
#6248=CARTESIAN_POINT('Ctrl Pts',(-46.9318515349223,3.9235538945557,-5.60332127349434));
#6249=CARTESIAN_POINT('Ctrl Pts',(-46.9339033613,3.91724397396608,-5.5839013347748));
#6250=CARTESIAN_POINT('Origin',(-62.3886823194278,3.1381810100901,-3.18619207643072));
#6251=CARTESIAN_POINT('',(-39.6531546106349,4.27418137097241,-6.68244168534337));
#6252=CARTESIAN_POINT('Origin',(-62.3886823194278,3.1381810100901,-3.18619207643072));
#6253=CARTESIAN_POINT('',(-49.9973502691919,3.8781311372655,-5.46352440116921));
#6254=CARTESIAN_POINT('Ctrl Pts',(-49.8241451884351,3.97506204946546,-5.76184707389041));
#6255=CARTESIAN_POINT('Ctrl Pts',(-49.9128209645265,3.92553530600567,-5.60941943089431));
#6256=CARTESIAN_POINT('Ctrl Pts',(-49.9973502691919,3.8781311372655,-5.46352440116921));
#6257=CARTESIAN_POINT('',(-58.3898943168238,3.8781311372655,-5.46352440116921));
#6258=CARTESIAN_POINT('',(-54.2513573199268,3.8781311372655,-5.46352440116921));
#6259=CARTESIAN_POINT('',(-58.9870224460348,3.82626436511228,-5.30389489038682));
#6260=CARTESIAN_POINT('Ctrl Pts',(-58.3898943168238,3.8781311372655,-5.46352440116921));
#6261=CARTESIAN_POINT('Ctrl Pts',(-58.6924288639819,3.85188435678652,-5.3827451169852));
#6262=CARTESIAN_POINT('Ctrl Pts',(-58.9870224460348,3.82626436511228,-5.30389489038682));
#6263=CARTESIAN_POINT('',(-59.3356380584018,3.82626436511228,-5.30389489038682));
#6264=CARTESIAN_POINT('',(-59.094475586478,3.82626436511228,-5.30389489038682));
#6265=CARTESIAN_POINT('',(-60.0630993975807,4.23186345267055,-6.55220052485819));
#6266=CARTESIAN_POINT('Ctrl Pts',(-60.0630993975812,4.23186345267079,-6.55220052485896));
#6267=CARTESIAN_POINT('Ctrl Pts',(-59.6646879017095,4.01124470211596,-5.87320582828418));
#6268=CARTESIAN_POINT('Ctrl Pts',(-59.3356380584018,3.82626436511228,-5.30389489038682));
#6269=CARTESIAN_POINT('',(-60.4886823194278,4.23186345267055,-6.55220052485819));
#6270=CARTESIAN_POINT('',(-60.3624933988827,4.23186345267055,-6.55220052485819));
#6271=CARTESIAN_POINT('',(-62.3886823194278,3.83474210259588,-5.32998668347259));
#6272=CARTESIAN_POINT('Ctrl Pts',(-62.3886823194278,3.83474210259588,-5.32998668347259));
#6273=CARTESIAN_POINT('Ctrl Pts',(-61.5271928059882,4.01624884490036,-5.8886069961494));
#6274=CARTESIAN_POINT('Ctrl Pts',(-60.4886823194278,4.23186345267055,-6.55220052485819));
#6275=CARTESIAN_POINT('',(-62.3886823194278,3.48721240858925,-4.26040026554882));
#6276=CARTESIAN_POINT('',(-50.3109187097851,3.5107720418379,-4.33290936094007));
#6277=CARTESIAN_POINT('Ctrl Pts',(-59.0813300346888,3.25369601391794,-3.54171070200842));
#6278=CARTESIAN_POINT('Ctrl Pts',(-55.0769483916849,3.37273780265636,-3.90808365544455));
#6279=CARTESIAN_POINT('Ctrl Pts',(-50.3109187097851,3.5107720418379,-4.33290936094007));
#6280=CARTESIAN_POINT('Ctrl Pts',(-49.2099185243412,3.315270106066,-3.73121627172899));
#6281=CARTESIAN_POINT('Ctrl Pts',(-49.7248030035283,3.40760617674543,-4.01539747634653));
#6282=CARTESIAN_POINT('Ctrl Pts',(-50.3109187097806,3.5107720418371,-4.33290936093762));
#6283=CARTESIAN_POINT('Origin',(-49.2267185299083,6.52931204809583E-16,
-6.52931204809583E-16));
#6284=CARTESIAN_POINT('Origin',(-50.3109187097852,5.86543090813523E-16,
-5.86543090813523E-16));
#6285=CARTESIAN_POINT('Origin',(-59.094475586478,4.87053501049943E-17,-4.87053501049943E-17));
#6286=CARTESIAN_POINT('Origin',(-58.9870224460348,5.52849573300955E-17,
-5.52849573300955E-17));
#6287=CARTESIAN_POINT('Origin',(-59.3356380584018,3.39384076391967E-17,
-3.39384076391967E-17));
#6288=CARTESIAN_POINT('Origin',(-59.6993687279913,1.16663276259723E-17,
-1.16663276259723E-17));
#6289=CARTESIAN_POINT('Origin',(-60.0630993975807,-1.0605752387252E-17,
1.0605752387252E-17));
#6290=CARTESIAN_POINT('Origin',(-58.2965930466346,9.75615650307321E-17,
-9.75615650307321E-17));
#6291=CARTESIAN_POINT('Origin',(-58.3898943168238,9.18485099360516E-17,
-9.18485099360516E-17));
#6292=CARTESIAN_POINT('Origin',(-54.2513573199268,3.45260814256191E-16,
-3.45260814256191E-16));
#6293=CARTESIAN_POINT('Origin',(-49.9973502691919,6.05743620167832E-16,
-6.05743620167832E-16));
#6294=CARTESIAN_POINT('Origin',(-60.3624933988827,-2.89383476561716E-17,
2.89383476561716E-17));
#6295=CARTESIAN_POINT('Origin',(-60.4886823194278,-3.66651905378416E-17,
3.66651905378416E-17));
#6296=CARTESIAN_POINT('Origin',(-46.7349989822264,8.0550502323166E-16,-8.0550502323166E-16));
#6297=CARTESIAN_POINT('Origin',(-46.9339033613,7.93325642673213E-16,-7.93325642673213E-16));
#6298=CARTESIAN_POINT('Origin',(-39.6531546106349,1.23914292531812E-15,
-1.23914292531812E-15));
#6299=CARTESIAN_POINT('Origin',(-46.917626901842,7.94322288372047E-16,-7.94322288372047E-16));
#6300=CARTESIAN_POINT('Origin',(-61.4386823194278,-9.48359134973409E-17,
9.48359134973409E-17));
#6301=CARTESIAN_POINT('Origin',(-62.3886823194278,-1.5300663645684E-16,
1.5300663645684E-16));
#6302=CARTESIAN_POINT('Origin',(-62.3886823194278,1.93413077449809,-5.95264244341681));
#6303=CARTESIAN_POINT('Origin',(-55.3399731409754,2.78602320218777E-16,
-2.78602320218777E-16));
#6304=CARTESIAN_POINT('Origin',(-62.3886823194278,-6.91459943916453,7.49588651167463));
#6305=CARTESIAN_POINT('',(-46.9339033613,-4.1001107917184,5.45104081471673));
#6306=CARTESIAN_POINT('Ctrl Pts',(-46.9339033613,-4.1001107917184,5.45104081471673));
#6307=CARTESIAN_POINT('Ctrl Pts',(-46.8976566121691,-4.39193924106552,5.66306659404927));
#6308=CARTESIAN_POINT('Ctrl Pts',(-46.8571852658804,-4.71499705720601,5.89778183647987));
#6309=CARTESIAN_POINT('',(-46.85718524467,-4.21629865712446,5.5354562401724));
#6310=CARTESIAN_POINT('',(-46.8571852658804,-2.86951446728979,4.55696025021226));
#6311=CARTESIAN_POINT('Ctrl Pts',(-46.9339033613,-4.1001107917184,5.45104081471673));
#6312=CARTESIAN_POINT('Ctrl Pts',(-46.9318515349223,-4.11663037828832,5.46304299690484));
#6313=CARTESIAN_POINT('Ctrl Pts',(-46.926438247681,-4.13382595397114,5.47553631393195));
#6314=CARTESIAN_POINT('Ctrl Pts',(-46.9096939754606,-4.1673780747997,5.49991335661867));
#6315=CARTESIAN_POINT('Ctrl Pts',(-46.8930366360734,-4.18822004180443,5.51505593201489));
#6316=CARTESIAN_POINT('Ctrl Pts',(-46.869770839596,-4.20753988631691,5.52909262068766));
#6317=CARTESIAN_POINT('Ctrl Pts',(-46.8637086146835,-4.21204663518063,5.53236696540019));
#6318=CARTESIAN_POINT('Ctrl Pts',(-46.8571852364003,-4.21629864868951,5.53545623404404));
#6319=CARTESIAN_POINT('Origin',(-62.3886823194278,-6.91459943916453,7.49588651167463));
#6320=CARTESIAN_POINT('',(-46.8571852658804,-5.03458502893689,6.12997608938134));
#6321=CARTESIAN_POINT('',(-39.6531546106349,-5.03458502893689,6.12997608938133));
#6322=CARTESIAN_POINT('',(-46.8571852658804,-2.86951446728979,4.55696025021226));
#6323=CARTESIAN_POINT('Origin',(-46.8571852658804,-5.87785252292473,-8.09016994374948));
#6324=CARTESIAN_POINT('',(-46.85718524467,-6.56743966629436,2.29938826267261));
#6325=CARTESIAN_POINT('',(-46.8571852658804,-2.79360449333484,-0.44246348416495));
#6326=CARTESIAN_POINT('Origin',(-46.8571852658804,7.98023271172829E-16,
-7.98023271172829E-16));
#6327=CARTESIAN_POINT('',(-46.8571852658804,-7.38572603810679,2.89390811188154));
#6328=CARTESIAN_POINT('Origin',(-46.8571852658804,7.98023271172829E-16,
-7.98023271172829E-16));
#6329=CARTESIAN_POINT('',(-46.8571852658804,-2.79360449333484,-0.44246348416495));
#6330=CARTESIAN_POINT('Origin',(-62.3886823194278,-4.41163848208474,0.733107020419998));
#6331=CARTESIAN_POINT('',(-46.9339033613,-6.45125180088829,2.21497283721694));
#6332=CARTESIAN_POINT('Ctrl Pts',(-46.8571852658804,-7.06613806637591,2.66171385898009));
#6333=CARTESIAN_POINT('Ctrl Pts',(-46.8976566121691,-6.74308025023544,2.4269986165495));
#6334=CARTESIAN_POINT('Ctrl Pts',(-46.9339033613,-6.45125180088829,2.21497283721694));
#6335=CARTESIAN_POINT('Ctrl Pts',(-46.8571852364003,-6.5674396578594,2.29938825654425));
#6336=CARTESIAN_POINT('Ctrl Pts',(-46.8637086146835,-6.56318764435053,2.2962989879004));
#6337=CARTESIAN_POINT('Ctrl Pts',(-46.869770839596,-6.5586808954868,2.29302464318787));
#6338=CARTESIAN_POINT('Ctrl Pts',(-46.8930366360734,-6.53936105097432,2.2789879545151));
#6339=CARTESIAN_POINT('Ctrl Pts',(-46.9096939754606,-6.51851908396959,2.26384537911888));
#6340=CARTESIAN_POINT('Ctrl Pts',(-46.926438247681,-6.48496696314104,2.23946833643216));
#6341=CARTESIAN_POINT('Ctrl Pts',(-46.9318515349223,-6.46777138745822,2.22697501940505));
#6342=CARTESIAN_POINT('Ctrl Pts',(-46.9339033613,-6.4512518008883,2.21497283721694));
#6343=CARTESIAN_POINT('Origin',(-62.3886823194278,-4.41163848208474,0.733107020419998));
#6344=CARTESIAN_POINT('',(-39.6531546106349,-7.38572603810679,2.89390811188154));
#6345=CARTESIAN_POINT('Origin',(-59.094475586478,4.87053501049943E-17,-4.87053501049943E-17));
#6346=CARTESIAN_POINT('Origin',(-58.9870224460348,5.52849573300955E-17,
-5.52849573300955E-17));
#6347=CARTESIAN_POINT('Origin',(-59.3356380584018,3.39384076391967E-17,
-3.39384076391967E-17));
#6348=CARTESIAN_POINT('Origin',(-59.6993687279913,1.16663276259723E-17,
-1.16663276259723E-17));
#6349=CARTESIAN_POINT('Origin',(-60.0630993975807,-1.0605752387252E-17,
1.0605752387252E-17));
#6350=CARTESIAN_POINT('Origin',(-58.2965930466346,9.75615650307321E-17,
-9.75615650307321E-17));
#6351=CARTESIAN_POINT('Origin',(-58.3898943168238,9.18485099360516E-17,
-9.18485099360516E-17));
#6352=CARTESIAN_POINT('Origin',(-54.2513573199268,3.45260814256191E-16,
-3.45260814256191E-16));
#6353=CARTESIAN_POINT('Origin',(-49.9973502691919,6.05743620167832E-16,
-6.05743620167832E-16));
#6354=CARTESIAN_POINT('Origin',(-60.3624933988827,-2.89383476561716E-17,
2.89383476561716E-17));
#6355=CARTESIAN_POINT('Origin',(-60.4886823194278,-3.66651905378416E-17,
3.66651905378416E-17));
#6356=CARTESIAN_POINT('Origin',(-46.7349989822264,8.0550502323166E-16,-8.0550502323166E-16));
#6357=CARTESIAN_POINT('Origin',(-46.9339033613,7.93325642673213E-16,-7.93325642673213E-16));
#6358=CARTESIAN_POINT('Origin',(-39.6531546106349,1.23914292531812E-15,
-1.23914292531812E-15));
#6359=CARTESIAN_POINT('Origin',(-46.917626901842,7.94322288372047E-16,-7.94322288372047E-16));
#6360=CARTESIAN_POINT('Origin',(-61.4386823194278,-9.48359134973409E-17,
9.48359134973409E-17));
#6361=CARTESIAN_POINT('Origin',(-62.3886823194278,-1.5300663645684E-16,
1.5300663645684E-16));
#6362=CARTESIAN_POINT('Origin',(-62.3886823194278,-5.06362010632317,3.67893535290681));
#6363=CARTESIAN_POINT('Origin',(-55.3399731409754,2.78602320218777E-16,
-2.78602320218777E-16));
#6364=CARTESIAN_POINT('Origin',(-62.3886823194278,4.,2.));
#6365=CARTESIAN_POINT('',(-46.8571852658804,7.67617439027947,2.));
#6366=CARTESIAN_POINT('',(-46.8571852658804,2.,2.));
#6367=CARTESIAN_POINT('',(-39.6531546106349,7.67617439027947,2.));
#6368=CARTESIAN_POINT('Origin',(-62.3886823194278,4.,2.));
#6369=CARTESIAN_POINT('',(-46.9339033613,6.52110070985515,2.));
#6370=CARTESIAN_POINT('Ctrl Pts',(-46.8571852658804,7.28114193242883,2.));
#6371=CARTESIAN_POINT('Ctrl Pts',(-46.8976566121692,6.88182051101549,2.));
#6372=CARTESIAN_POINT('Ctrl Pts',(-46.9339033613,6.52110070985515,2.));
#6373=CARTESIAN_POINT('',(-46.85718524467,6.66471680965764,2.));
#6374=CARTESIAN_POINT('Ctrl Pts',(-46.8571852364003,6.66471679923146,2.));
#6375=CARTESIAN_POINT('Ctrl Pts',(-46.8637086146835,6.65946102149324,2.));
#6376=CARTESIAN_POINT('Ctrl Pts',(-46.869770839596,6.65389037354016,2.));
#6377=CARTESIAN_POINT('Ctrl Pts',(-46.8930366360734,6.63000973240801,2.));
#6378=CARTESIAN_POINT('Ctrl Pts',(-46.9096939754606,6.60424764440536,2.));
#6379=CARTESIAN_POINT('Ctrl Pts',(-46.926438247681,6.56277494227198,2.));
#6380=CARTESIAN_POINT('Ctrl Pts',(-46.9318515349223,6.54152004181577,2.));
#6381=CARTESIAN_POINT('Ctrl Pts',(-46.9339033613,6.52110070985515,2.));
#6382=CARTESIAN_POINT('',(-46.8571852658804,2.,2.));
#6383=CARTESIAN_POINT('Origin',(-62.3886823194278,10.,-2.));
#6384=CARTESIAN_POINT('',(-46.8571852658804,7.67617439027947,-2.));
#6385=CARTESIAN_POINT('',(-39.6531546106349,7.67617439027947,-2.));
#6386=CARTESIAN_POINT('',(-46.8571852658804,5.,-2.));
#6387=CARTESIAN_POINT('Origin',(-62.3886823194278,10.,-2.));
#6388=CARTESIAN_POINT('',(-46.9339033613,6.52110070985515,-2.));
#6389=CARTESIAN_POINT('Ctrl Pts',(-46.9339033613,6.52110070985515,-2.));
#6390=CARTESIAN_POINT('Ctrl Pts',(-46.8976566121693,6.88182051101507,-2.));
#6391=CARTESIAN_POINT('Ctrl Pts',(-46.8571852658804,7.28114193242883,-2.));
#6392=CARTESIAN_POINT('',(-46.85718524467,6.66471680965764,-2.));
#6393=CARTESIAN_POINT('',(-46.8571852658804,5.,-2.));
#6394=CARTESIAN_POINT('Ctrl Pts',(-46.9339033613,6.52110070985515,-2.));
#6395=CARTESIAN_POINT('Ctrl Pts',(-46.9318515349223,6.54152004181577,-2.));
#6396=CARTESIAN_POINT('Ctrl Pts',(-46.926438247681,6.56277494227198,-2.));
#6397=CARTESIAN_POINT('Ctrl Pts',(-46.9096939754606,6.60424764440536,-2.));
#6398=CARTESIAN_POINT('Ctrl Pts',(-46.8930366360734,6.63000973240801,-2.));
#6399=CARTESIAN_POINT('Ctrl Pts',(-46.869770839596,6.65389037354016,-2.));
#6400=CARTESIAN_POINT('Ctrl Pts',(-46.8637086146835,6.65946102149325,-2.));
#6401=CARTESIAN_POINT('Ctrl Pts',(-46.8571852364003,6.66471679923146,-2.));
#6402=CARTESIAN_POINT('Origin',(-62.3886823194278,10.,-2.));
#6403=CARTESIAN_POINT('',(-62.3886823194278,5.96813543224889,-2.));
#6404=CARTESIAN_POINT('Ctrl Pts',(-61.0018134667184,4.48142992787622,-2.));
#6405=CARTESIAN_POINT('Ctrl Pts',(-61.5965899352488,5.13274989456736,-2.));
#6406=CARTESIAN_POINT('Ctrl Pts',(-62.3886823194278,5.96813543224889,-2.));
#6407=CARTESIAN_POINT('',(-62.3886823194278,6.25411904583025,-2.));
#6408=CARTESIAN_POINT('',(-62.3886823194278,8.12948933182507,-2.));
#6409=CARTESIAN_POINT('',(-60.4886823194278,7.53923072998835,-2.));
#6410=CARTESIAN_POINT('Ctrl Pts',(-60.4886823194278,7.53923072998835,-2.));
#6411=CARTESIAN_POINT('Ctrl Pts',(-61.5271928059882,6.84148720230208,-2.));
#6412=CARTESIAN_POINT('Ctrl Pts',(-62.3886823194278,6.25411904583025,-2.));
#6413=CARTESIAN_POINT('',(-60.0630993975807,7.53923072998835,-2.));
#6414=CARTESIAN_POINT('',(-60.3624933988827,7.53923072998835,-2.));
#6415=CARTESIAN_POINT('',(-59.3356380584018,6.22668451103792,-2.));
#6416=CARTESIAN_POINT('Ctrl Pts',(-60.0630993975812,7.53923072998916,-2.));
#6417=CARTESIAN_POINT('Ctrl Pts',(-59.6646879017095,6.82529345608258,-2.));
#6418=CARTESIAN_POINT('Ctrl Pts',(-59.3356380584018,6.22668451103792,-2.));
#6419=CARTESIAN_POINT('',(-58.9870224460348,6.22668451103792,-2.));
#6420=CARTESIAN_POINT('',(-59.094475586478,6.22668451103792,-2.));
#6421=CARTESIAN_POINT('',(-58.3898943168238,6.39452891149923,-2.));
#6422=CARTESIAN_POINT('Ctrl Pts',(-58.9870224460348,6.22668451103792,-2.));
#6423=CARTESIAN_POINT('Ctrl Pts',(-58.6924288638913,6.30959254570421,-2.));
#6424=CARTESIAN_POINT('Ctrl Pts',(-58.3898943168238,6.39452891149923,-2.));
#6425=CARTESIAN_POINT('',(-49.9973502691919,6.39452891149923,-2.));
#6426=CARTESIAN_POINT('',(-54.2513573199268,6.39452891149923,-2.));
#6427=CARTESIAN_POINT('Ctrl Pts',(-49.9973502691917,6.3945289114996,-2.));
#6428=CARTESIAN_POINT('Ctrl Pts',(-49.9128209645265,6.54793202395932,-2.));
#6429=CARTESIAN_POINT('Ctrl Pts',(-49.8241451884351,6.70820393249937,-2.));
#6430=CARTESIAN_POINT('Origin',(-59.094475586478,4.87053501049943E-17,-4.87053501049943E-17));
#6431=CARTESIAN_POINT('Origin',(-58.9870224460348,5.52849573300955E-17,
-5.52849573300955E-17));
#6432=CARTESIAN_POINT('Origin',(-59.3356380584018,3.39384076391967E-17,
-3.39384076391967E-17));
#6433=CARTESIAN_POINT('Origin',(-59.6993687279913,1.16663276259723E-17,
-1.16663276259723E-17));
#6434=CARTESIAN_POINT('Origin',(-60.0630993975807,-1.0605752387252E-17,
1.0605752387252E-17));
#6435=CARTESIAN_POINT('Origin',(-58.2965930466346,9.75615650307321E-17,
-9.75615650307321E-17));
#6436=CARTESIAN_POINT('Origin',(-58.3898943168238,9.18485099360516E-17,
-9.18485099360516E-17));
#6437=CARTESIAN_POINT('Origin',(-54.2513573199268,3.45260814256191E-16,
-3.45260814256191E-16));
#6438=CARTESIAN_POINT('Origin',(-49.9973502691919,6.05743620167832E-16,
-6.05743620167832E-16));
#6439=CARTESIAN_POINT('Origin',(-61.7429688918733,-1.13468092345782E-16,
1.13468092345782E-16));
#6440=CARTESIAN_POINT('Origin',(-62.3886823194278,-1.5300663645684E-16,
1.5300663645684E-16));
#6441=CARTESIAN_POINT('Origin',(-60.3624933988827,-2.89383476561716E-17,
2.89383476561716E-17));
#6442=CARTESIAN_POINT('Origin',(-60.4886823194278,-3.66651905378416E-17,
3.66651905378416E-17));
#6443=CARTESIAN_POINT('Origin',(-46.8571852658804,1.32834746842009E-16,
10.));
#6444=CARTESIAN_POINT('Origin',(-46.8571852658804,7.98023271172829E-16,
-7.98023271172829E-16));
#6445=CARTESIAN_POINT('Origin',(-46.8571852658804,7.98023271172829E-16,
-7.98023271172829E-16));
#6446=CARTESIAN_POINT('Origin',(-46.7349989822264,8.0550502323166E-16,-8.0550502323166E-16));
#6447=CARTESIAN_POINT('Origin',(-46.9339033613,7.93325642673213E-16,-7.93325642673213E-16));
#6448=CARTESIAN_POINT('Origin',(-39.6531546106349,1.23914292531812E-15,
-1.23914292531812E-15));
#6449=CARTESIAN_POINT('Origin',(-46.917626901842,7.94322288372047E-16,-7.94322288372047E-16));
#6450=CARTESIAN_POINT('Origin',(-61.4386823194278,-9.48359134973409E-17,
9.48359134973409E-17));
#6451=CARTESIAN_POINT('Origin',(-62.3886823194278,-1.5300663645684E-16,
1.5300663645684E-16));
#6452=CARTESIAN_POINT('Origin',(-62.3886823194278,6.25897866365015,5.69346714565993E-16));
#6453=CARTESIAN_POINT('Origin',(-62.3886823194278,4.99228297633978,8.89253117420164));
#6454=CARTESIAN_POINT('',(-46.9339033613,3.91724397396608,5.5839013347748));
#6455=CARTESIAN_POINT('Ctrl Pts',(-46.9339033613,3.91724397396608,5.5839013347748));
#6456=CARTESIAN_POINT('Ctrl Pts',(-46.8976566121692,4.02871252273233,5.92696625222548));
#6457=CARTESIAN_POINT('Ctrl Pts',(-46.8571852658804,4.15210962816686,6.30674349215642));
#6458=CARTESIAN_POINT('',(-46.85718524467,3.9616237894709,5.72048836233685));
#6459=CARTESIAN_POINT('',(-46.8571852658804,3.44719800446505,4.13724859272587));
#6460=CARTESIAN_POINT('Ctrl Pts',(-46.9339033613,3.91724397396608,5.5839013347748));
#6461=CARTESIAN_POINT('Ctrl Pts',(-46.9318515349223,3.9235538945557,5.60332127349433));
#6462=CARTESIAN_POINT('Ctrl Pts',(-46.926438247681,3.93012202001041,5.62353588507642));
#6463=CARTESIAN_POINT('Ctrl Pts',(-46.9096939754606,3.94293778977228,5.66297876868874));
#6464=CARTESIAN_POINT('Ctrl Pts',(-46.8930366360734,3.95089871277568,5.68747997035703));
#6465=CARTESIAN_POINT('Ctrl Pts',(-46.869770839596,3.95827823672209,5.71019180971907));
#6466=CARTESIAN_POINT('Ctrl Pts',(-46.8637086146835,3.95999966160927,5.71548981075483));
#6467=CARTESIAN_POINT('Ctrl Pts',(-46.8571852364003,3.96162378624903,5.72048835242096));
#6468=CARTESIAN_POINT('Origin',(-62.3886823194278,4.99228297633978,8.89253117420164));
#6469=CARTESIAN_POINT('',(-46.8571852658804,4.27418137097241,6.68244168534337));
#6470=CARTESIAN_POINT('',(-39.6531546106349,4.27418137097241,6.68244168534337));
#6471=CARTESIAN_POINT('',(-46.8571852658804,3.44719800446505,4.13724859272587));
#6472=CARTESIAN_POINT('Origin',(-46.8571852658804,-9.51056516295153,3.09016994374947));
#6473=CARTESIAN_POINT('',(-46.85718524467,0.157397724290285,6.95655633983664));
#6474=CARTESIAN_POINT('',(-46.8571852658804,-1.28407904384041,2.5201470213402));
#6475=CARTESIAN_POINT('Origin',(-46.8571852658804,7.98023271172829E-16,
-7.98023271172829E-16));
#6476=CARTESIAN_POINT('',(-46.8571852658804,0.469955305791799,7.91850966284316));
#6477=CARTESIAN_POINT('Origin',(-46.8571852658804,7.98023271172829E-16,
-7.98023271172829E-16));
#6478=CARTESIAN_POINT('',(-46.8571852658804,-1.28407904384041,2.5201470213402));
#6479=CARTESIAN_POINT('Origin',(-62.3886823194278,-0.666045055090518,4.42226005393051));
#6480=CARTESIAN_POINT('',(-46.9339033613,0.113017908785468,6.81996931227459));
#6481=CARTESIAN_POINT('Ctrl Pts',(-46.8571852658804,0.347883562986244,7.54281146965621));
#6482=CARTESIAN_POINT('Ctrl Pts',(-46.8976566121692,0.224486457551668,7.16303422972514));
#6483=CARTESIAN_POINT('Ctrl Pts',(-46.9339033613,0.113017908785468,6.81996931227459));
#6484=CARTESIAN_POINT('Ctrl Pts',(-46.8571852364003,0.157397721068418,6.95655632992075));
#6485=CARTESIAN_POINT('Ctrl Pts',(-46.8637086146835,0.155773596428652,6.95155778825462));
#6486=CARTESIAN_POINT('Ctrl Pts',(-46.869770839596,0.154052171541471,6.94625978721886));
#6487=CARTESIAN_POINT('Ctrl Pts',(-46.8930366360734,0.146672647595066,6.92354794785682));
#6488=CARTESIAN_POINT('Ctrl Pts',(-46.9096939754606,0.138711724591663,6.89904674618853));
#6489=CARTESIAN_POINT('Ctrl Pts',(-46.926438247681,0.125895954829798,6.8596038625762));
#6490=CARTESIAN_POINT('Ctrl Pts',(-46.9318515349223,0.119327829375082,6.83938925099412));
#6491=CARTESIAN_POINT('Ctrl Pts',(-46.9339033613,0.113017908785468,6.81996931227459));
#6492=CARTESIAN_POINT('Origin',(-62.3886823194278,-0.666045055090518,4.42226005393051));
#6493=CARTESIAN_POINT('',(-39.6531546106349,0.4699553057918,7.91850966284316));
#6494=CARTESIAN_POINT('Origin',(-59.094475586478,4.87053501049943E-17,-4.87053501049943E-17));
#6495=CARTESIAN_POINT('Origin',(-58.9870224460348,5.52849573300955E-17,
-5.52849573300955E-17));
#6496=CARTESIAN_POINT('Origin',(-59.3356380584018,3.39384076391967E-17,
-3.39384076391967E-17));
#6497=CARTESIAN_POINT('Origin',(-59.6993687279913,1.16663276259723E-17,
-1.16663276259723E-17));
#6498=CARTESIAN_POINT('Origin',(-60.0630993975807,-1.0605752387252E-17,
1.0605752387252E-17));
#6499=CARTESIAN_POINT('Origin',(-58.2965930466346,9.75615650307321E-17,
-9.75615650307321E-17));
#6500=CARTESIAN_POINT('Origin',(-58.3898943168238,9.18485099360516E-17,
-9.18485099360516E-17));
#6501=CARTESIAN_POINT('Origin',(-54.2513573199268,3.45260814256191E-16,
-3.45260814256191E-16));
#6502=CARTESIAN_POINT('Origin',(-49.9973502691919,6.05743620167832E-16,
-6.05743620167832E-16));
#6503=CARTESIAN_POINT('Origin',(-60.3624933988827,-2.89383476561716E-17,
2.89383476561716E-17));
#6504=CARTESIAN_POINT('Origin',(-60.4886823194278,-3.66651905378416E-17,
3.66651905378416E-17));
#6505=CARTESIAN_POINT('Origin',(-46.7349989822264,8.0550502323166E-16,-8.0550502323166E-16));
#6506=CARTESIAN_POINT('Origin',(-46.9339033613,7.93325642673213E-16,-7.93325642673213E-16));
#6507=CARTESIAN_POINT('Origin',(-39.6531546106349,1.23914292531812E-15,
-1.23914292531812E-15));
#6508=CARTESIAN_POINT('Origin',(-46.917626901842,7.94322288372047E-16,-7.94322288372047E-16));
#6509=CARTESIAN_POINT('Origin',(-61.4386823194278,-9.48359134973409E-17,
9.48359134973409E-17));
#6510=CARTESIAN_POINT('Origin',(-62.3886823194278,-1.5300663645684E-16,
1.5300663645684E-16));
#6511=CARTESIAN_POINT('Origin',(-62.3886823194278,1.93413077449809,5.95264244341681));
#6512=CARTESIAN_POINT('Origin',(-55.3399731409754,2.78602320218777E-16,
-2.78602320218777E-16));
#6513=CARTESIAN_POINT('Origin',(-62.3886823194278,-9.26574044833442,-4.25981853417484));
#6514=CARTESIAN_POINT('',(-46.9339033613,-6.4512518008883,-2.21497283721694));
#6515=CARTESIAN_POINT('Ctrl Pts',(-46.9339033613,-6.4512518008883,-2.21497283721694));
#6516=CARTESIAN_POINT('Ctrl Pts',(-46.897656612169,-6.74308025023674,-2.42699861655044));
#6517=CARTESIAN_POINT('Ctrl Pts',(-46.8571852658804,-7.06613806637591,-2.66171385898009));
#6518=CARTESIAN_POINT('',(-46.85718524467,-6.56743966629436,-2.2993882626726));
#6519=CARTESIAN_POINT('',(-46.8571852658804,-5.22065547645968,-1.32089227271247));
#6520=CARTESIAN_POINT('Ctrl Pts',(-46.9339033613,-6.4512518008883,-2.21497283721694));
#6521=CARTESIAN_POINT('Ctrl Pts',(-46.9318515349223,-6.46777138745822,-2.22697501940505));
#6522=CARTESIAN_POINT('Ctrl Pts',(-46.926438247681,-6.48496696314104,-2.23946833643216));
#6523=CARTESIAN_POINT('Ctrl Pts',(-46.9096939754606,-6.51851908396959,-2.26384537911888));
#6524=CARTESIAN_POINT('Ctrl Pts',(-46.8930366360734,-6.53936105097432,-2.2789879545151));
#6525=CARTESIAN_POINT('Ctrl Pts',(-46.869770839596,-6.5586808954868,-2.29302464318787));
#6526=CARTESIAN_POINT('Ctrl Pts',(-46.8637086146835,-6.56318764435053,-2.2962989879004));
#6527=CARTESIAN_POINT('Ctrl Pts',(-46.8571852364003,-6.5674396578594,-2.29938825654425));
#6528=CARTESIAN_POINT('Origin',(-62.3886823194278,-9.26574044833442,-4.25981853417484));
#6529=CARTESIAN_POINT('',(-46.8571852658804,-7.38572603810679,-2.89390811188154));
#6530=CARTESIAN_POINT('',(-39.6531546106349,-7.38572603810679,-2.89390811188154));
#6531=CARTESIAN_POINT('',(-46.8571852658804,-5.22065547645968,-1.32089227271247));
#6532=CARTESIAN_POINT('Origin',(-62.3886823194278,-9.26574044833442,-4.25981853417484));
#6533=CARTESIAN_POINT('',(-50.3109187097851,-5.38709446710387,-1.44181727773376));
#6534=CARTESIAN_POINT('Ctrl Pts',(-49.2099185243412,-4.87526375438663,-1.06995049780539));
#6535=CARTESIAN_POINT('Ctrl Pts',(-49.7248030035283,-5.117002725813,-1.24558414122292));
#6536=CARTESIAN_POINT('Ctrl Pts',(-50.3109187097806,-5.38709446710179,-1.44181727773224));
#6537=CARTESIAN_POINT('Ctrl Pts',(-50.3109187097895,-5.38709446710354,-1.44181727773352));
#6538=CARTESIAN_POINT('Ctrl Pts',(-55.0769483916492,-5.02571613731811,-1.17926055244486));
#6539=CARTESIAN_POINT('Ctrl Pts',(-59.0813300346888,-4.71406068831662,-0.952829614660666));
#6540=CARTESIAN_POINT('',(-62.3886823194278,-6.23525909750565,-2.0580449524706));
#6541=CARTESIAN_POINT('',(-62.3886823194278,-7.75246552962127,-3.16035994916587));
#6542=CARTESIAN_POINT('',(-60.4886823194278,-7.27493628965936,-2.81341464796747));
#6543=CARTESIAN_POINT('Ctrl Pts',(-60.4886823194278,-7.27493628965936,-2.81341464796747));
#6544=CARTESIAN_POINT('Ctrl Pts',(-61.5271928059882,-6.71044991804604,-2.40329129251096));
#6545=CARTESIAN_POINT('Ctrl Pts',(-62.3886823194278,-6.23525909750565,-2.0580449524706));
#6546=CARTESIAN_POINT('',(-60.0630993975807,-7.27493628965936,-2.81341464796747));
#6547=CARTESIAN_POINT('',(-60.3624933988827,-7.27493628965936,-2.81341464796747));
#6548=CARTESIAN_POINT('',(-59.3356380584018,-6.21306409262588,-2.04191933751616));
#6549=CARTESIAN_POINT('Ctrl Pts',(-60.0630993975812,-7.27493628966001,-2.81341464796795));
#6550=CARTESIAN_POINT('Ctrl Pts',(-59.6646879017095,-6.69734890215187,-2.39377284730377));
#6551=CARTESIAN_POINT('Ctrl Pts',(-59.3356380584018,-6.21306409262588,-2.04191933751616));
#6552=CARTESIAN_POINT('',(-58.9870224460348,-6.21306409262588,-2.04191933751616));
#6553=CARTESIAN_POINT('',(-59.094475586478,-6.21306409262588,-2.04191933751616));
#6554=CARTESIAN_POINT('',(-58.3898943168238,-6.34885306500976,-2.14057580078719));
#6555=CARTESIAN_POINT('Ctrl Pts',(-58.9870224460348,-6.21306409262588,-2.04191933751616));
#6556=CARTESIAN_POINT('Ctrl Pts',(-58.6924288638913,-6.28013810164114,-2.09065145758956));
#6557=CARTESIAN_POINT('Ctrl Pts',(-58.3898943168238,-6.34885306500976,-2.14057580078719));
#6558=CARTESIAN_POINT('',(-49.9973502691919,-6.34885306500976,-2.14057580078719));
#6559=CARTESIAN_POINT('',(-54.2513573199268,-6.34885306500976,-2.14057580078719));
#6560=CARTESIAN_POINT('Ctrl Pts',(-49.9973502691917,-6.34885306501006,-2.14057580078741));
#6561=CARTESIAN_POINT('Ctrl Pts',(-49.9128209645265,-6.47295878997998,-2.230743887947));
#6562=CARTESIAN_POINT('Ctrl Pts',(-49.8241451884351,-6.60262148770979,-2.32494935214361));
#6563=CARTESIAN_POINT('Origin',(-46.8571852658804,5.87785252292473,-8.09016994374948));
#6564=CARTESIAN_POINT('',(-46.85718524467,-4.21629865712446,-5.5354562401724));
#6565=CARTESIAN_POINT('',(-46.8571852658804,-0.442463484164948,-2.79360449333484));
#6566=CARTESIAN_POINT('Origin',(-46.8571852658804,7.98023271172829E-16,
-7.98023271172829E-16));
#6567=CARTESIAN_POINT('',(-46.8571852658804,-5.03458502893689,-6.12997608938133));
#6568=CARTESIAN_POINT('Origin',(-46.8571852658804,7.98023271172829E-16,
-7.98023271172829E-16));
#6569=CARTESIAN_POINT('',(-46.8571852658804,-0.442463484164948,-2.79360449333484));
#6570=CARTESIAN_POINT('Origin',(-62.3886823194278,-2.06049747291484,-3.96917499791979));
#6571=CARTESIAN_POINT('',(-46.9339033613,-4.1001107917184,-5.45104081471673));
#6572=CARTESIAN_POINT('Ctrl Pts',(-46.8571852658804,-4.71499705720602,-5.89778183647988));
#6573=CARTESIAN_POINT('Ctrl Pts',(-46.8976566121691,-4.39193924106558,-5.66306659404931));
#6574=CARTESIAN_POINT('Ctrl Pts',(-46.9339033613,-4.1001107917184,-5.45104081471673));
#6575=CARTESIAN_POINT('Ctrl Pts',(-46.8571852364003,-4.21629864868951,-5.53545623404404));
#6576=CARTESIAN_POINT('Ctrl Pts',(-46.8637086146835,-4.21204663518063,-5.53236696540019));
#6577=CARTESIAN_POINT('Ctrl Pts',(-46.869770839596,-4.20753988631691,-5.52909262068766));
#6578=CARTESIAN_POINT('Ctrl Pts',(-46.8930366360734,-4.18822004180443,-5.51505593201489));
#6579=CARTESIAN_POINT('Ctrl Pts',(-46.9096939754606,-4.1673780747997,-5.49991335661867));
#6580=CARTESIAN_POINT('Ctrl Pts',(-46.926438247681,-4.13382595397115,-5.47553631393195));
#6581=CARTESIAN_POINT('Ctrl Pts',(-46.9318515349223,-4.11663037828832,-5.46304299690484));
#6582=CARTESIAN_POINT('Ctrl Pts',(-46.9339033613,-4.1001107917184,-5.45104081471673));
#6583=CARTESIAN_POINT('Origin',(-62.3886823194278,-2.06049747291484,-3.96917499791979));
#6584=CARTESIAN_POINT('',(-39.6531546106349,-5.03458502893689,-6.12997608938134));
#6585=CARTESIAN_POINT('Origin',(-62.3886823194278,-2.06049747291484,-3.96917499791979));
#6586=CARTESIAN_POINT('',(-49.9973502691919,-3.99771205583987,-5.37664377828698));
#6587=CARTESIAN_POINT('Ctrl Pts',(-49.8241451884351,-4.2514804785399,-5.5610173296434));
#6588=CARTESIAN_POINT('Ctrl Pts',(-49.9128209645265,-4.12181778081007,-5.46681186544678));
#6589=CARTESIAN_POINT('Ctrl Pts',(-49.9973502691919,-3.99771205583987,-5.37664377828698));
#6590=CARTESIAN_POINT('',(-58.3898943168238,-3.99771205583987,-5.37664377828698));
#6591=CARTESIAN_POINT('',(-54.2513573199268,-3.99771205583987,-5.37664377828698));
#6592=CARTESIAN_POINT('',(-58.9870224460348,-3.86192308345599,-5.27798731501595));
#6593=CARTESIAN_POINT('Ctrl Pts',(-58.3898943168238,-3.99771205583987,-5.37664377828698));
#6594=CARTESIAN_POINT('Ctrl Pts',(-58.6924288639819,-3.92899709245064,-5.32671943507438));
#6595=CARTESIAN_POINT('Ctrl Pts',(-58.9870224460348,-3.86192308345599,-5.27798731501595));
#6596=CARTESIAN_POINT('',(-59.3356380584018,-3.86192308345599,-5.27798731501595));
#6597=CARTESIAN_POINT('',(-59.094475586478,-3.86192308345599,-5.27798731501595));
#6598=CARTESIAN_POINT('',(-60.0630993975807,-4.92379528048947,-6.04948262546726));
#6599=CARTESIAN_POINT('Ctrl Pts',(-60.0630993975812,-4.92379528049012,-6.04948262546774));
#6600=CARTESIAN_POINT('Ctrl Pts',(-59.6646879017095,-4.34620789298203,-5.6298408248036));
#6601=CARTESIAN_POINT('Ctrl Pts',(-59.3356380584018,-3.86192308345599,-5.27798731501595));
#6602=CARTESIAN_POINT('',(-60.4886823194278,-4.92379528048947,-6.04948262546726));
#6603=CARTESIAN_POINT('',(-60.3624933988827,-4.92379528048947,-6.04948262546726));
#6604=CARTESIAN_POINT('',(-62.3886823194278,-3.88411808833576,-5.29411292997039));
#6605=CARTESIAN_POINT('Ctrl Pts',(-62.3886823194278,-3.88411808833576,-5.29411292997039));
#6606=CARTESIAN_POINT('Ctrl Pts',(-61.5271928059882,-4.35930890887615,-5.63935927001075));
#6607=CARTESIAN_POINT('Ctrl Pts',(-60.4886823194278,-4.92379528048947,-6.04948262546726));
#6608=CARTESIAN_POINT('',(-62.3886823194278,-2.97427353732653,-4.63307216978825));
#6609=CARTESIAN_POINT('',(-50.3109187097851,-3.03595345793398,-4.67788525523355));
#6610=CARTESIAN_POINT('Ctrl Pts',(-59.0813300346888,-2.36291967914672,-4.18889759216046));
#6611=CARTESIAN_POINT('Ctrl Pts',(-55.0769483916849,-2.67457512814549,-4.41532852994267));
#6612=CARTESIAN_POINT('Ctrl Pts',(-50.3109187097851,-3.03595345793398,-4.67788525523355));
#6613=CARTESIAN_POINT('Ctrl Pts',(-49.2099185243412,-2.52412274521674,-4.30601847530518));
#6614=CARTESIAN_POINT('Ctrl Pts',(-49.7248030035283,-2.76586171664311,-4.48165211872271));
#6615=CARTESIAN_POINT('Ctrl Pts',(-50.3109187097806,-3.03595345793189,-4.67788525523204));
#6616=CARTESIAN_POINT('Origin',(-49.2267185299083,6.52931204809583E-16,
-6.52931204809583E-16));
#6617=CARTESIAN_POINT('Origin',(-50.3109187097852,5.86543090813523E-16,
-5.86543090813523E-16));
#6618=CARTESIAN_POINT('Origin',(-59.094475586478,4.87053501049943E-17,-4.87053501049943E-17));
#6619=CARTESIAN_POINT('Origin',(-58.9870224460348,5.52849573300955E-17,
-5.52849573300955E-17));
#6620=CARTESIAN_POINT('Origin',(-59.3356380584018,3.39384076391967E-17,
-3.39384076391967E-17));
#6621=CARTESIAN_POINT('Origin',(-59.6993687279913,1.16663276259723E-17,
-1.16663276259723E-17));
#6622=CARTESIAN_POINT('Origin',(-60.0630993975807,-1.0605752387252E-17,
1.0605752387252E-17));
#6623=CARTESIAN_POINT('Origin',(-58.2965930466346,9.75615650307321E-17,
-9.75615650307321E-17));
#6624=CARTESIAN_POINT('Origin',(-58.3898943168238,9.18485099360516E-17,
-9.18485099360516E-17));
#6625=CARTESIAN_POINT('Origin',(-49.6798076211378,6.25187499544446E-16,
-6.25187499544446E-16));
#6626=CARTESIAN_POINT('Origin',(-49.9973502691919,6.05743620167832E-16,
-6.05743620167832E-16));
#6627=CARTESIAN_POINT('',(-49.2146561407254,6.51717069281642,4.73500167060129));
#6628=CARTESIAN_POINT('',(-49.6798076211378,5.86537320921837,4.26144307912043));
#6629=CARTESIAN_POINT('',(-49.2146561407254,-7.48869016530383,-2.96871592914915));
#6630=CARTESIAN_POINT('Origin',(-49.2146561407254,6.53669813124726E-16,
-6.53669813124726E-16));
#6631=CARTESIAN_POINT('Origin',(-49.2146561407254,6.53669813124726E-16,
-6.53669813124726E-16));
#6632=CARTESIAN_POINT('Origin',(-54.2513573199268,3.45260814256191E-16,
-3.45260814256191E-16));
#6633=CARTESIAN_POINT('Origin',(-60.3624933988827,-2.89383476561716E-17,
2.89383476561716E-17));
#6634=CARTESIAN_POINT('Origin',(-60.4886823194278,-3.66651905378416E-17,
3.66651905378416E-17));
#6635=CARTESIAN_POINT('Origin',(-48.8000195445841,6.79058982138416E-16,
-6.79058982138416E-16));
#6636=CARTESIAN_POINT('',(-49.0414510599686,4.34539782766577,6.90162340168446));
#6637=CARTESIAN_POINT('',(-49.0414510599686,6.59807239225395,4.79378019583056));
#6638=CARTESIAN_POINT('Origin',(-49.0414510599686,6.64275565511974E-16,
-6.64275565511974E-16));
#6639=CARTESIAN_POINT('Origin',(-49.0414510599686,6.64275565511974E-16,
-6.64275565511974E-16));
#6640=CARTESIAN_POINT('',(-48.8000195445841,6.57754320190566,4.77886486597701));
#6641=CARTESIAN_POINT('Origin',(-46.917626901842,7.94322288372047E-16,-7.94322288372047E-16));
#6642=CARTESIAN_POINT('Origin',(-46.7349989822264,8.0550502323166E-16,-8.0550502323166E-16));
#6643=CARTESIAN_POINT('Origin',(-46.9339033613,7.93325642673213E-16,-7.93325642673213E-16));
#6644=CARTESIAN_POINT('Origin',(-39.6531546106349,1.23914292531812E-15,
-1.23914292531812E-15));
#6645=CARTESIAN_POINT('Origin',(-49.128053600347,6.5897268931835E-16,-6.5897268931835E-16));
#6646=CARTESIAN_POINT('',(-49.128053600347,6.55762154253518,4.76439093321592));
#6647=CARTESIAN_POINT('Origin',(-61.4386823194278,-9.48359134973409E-17,
9.48359134973409E-17));
#6648=CARTESIAN_POINT('Origin',(-62.3886823194278,-1.5300663645684E-16,
1.5300663645684E-16));
#6649=CARTESIAN_POINT('Origin',(-62.3886823194278,-5.06362010632317,-3.67893535290681));
#6650=CARTESIAN_POINT('Origin',(-55.3399731409754,2.78602320218777E-16,
-2.78602320218777E-16));
#6651=CARTESIAN_POINT('Origin',(-47.2588208699775,7.73430183323773E-16,
-7.73430183323773E-16));
#6652=CARTESIAN_POINT('',(-47.1289594205272,-4.85209948667446,-1.05312067218239));
#6653=CARTESIAN_POINT('',(-47.1289594205272,4.01682702451749,2.91839566095319));
#6654=CARTESIAN_POINT('Origin',(-47.1289594205272,7.81381903743871E-16,
-7.81381903743871E-16));
#6655=CARTESIAN_POINT('Origin',(-47.1289594205272,7.81381903743871E-16,
-7.81381903743871E-16));
#6656=CARTESIAN_POINT('',(-47.2588208699775,3.98470692258268,2.89505904089368));
#6657=CARTESIAN_POINT('Origin',(-47.1317983100473,7.81208071895673E-16,
-7.81208071895673E-16));
#6658=CARTESIAN_POINT('',(-47.1317983100473,3.99497528979786,2.90251944636869));
#6659=CARTESIAN_POINT('Origin',(-55.7724721691137,1.53268447543561E-30,
-6.80975331877101E-31));
#6660=CARTESIAN_POINT('',(-53.9724721691137,-4.0698511150054,-5.44759689236353));
#6661=CARTESIAN_POINT('',(-57.4724721691137,-4.0698511150054,-5.44759689236353));
#6662=CARTESIAN_POINT('',(-55.7724721691137,-4.0698511150054,-5.44759689236353));
#6663=CARTESIAN_POINT('',(-57.4724721691137,0.0905616028495999,-6.7993969288525));
#6664=CARTESIAN_POINT('Origin',(-57.4724721691137,1.57940221102997E-30,
-7.01732132125812E-31));
#6665=CARTESIAN_POINT('',(-53.9724721691137,0.0905616028495982,-6.7993969288525));
#6666=CARTESIAN_POINT('',(-55.7724721691137,0.0905616028495999,-6.7993969288525));
#6667=CARTESIAN_POINT('Origin',(-53.9724721691137,1.48321863774746E-30,
-6.58997543378466E-31));
#6668=CARTESIAN_POINT('Origin',(-53.9724721691137,7.84999999999998,-2.17881268582687E-15));
#6669=CARTESIAN_POINT('',(-53.9724721691137,-8.9,1.38031057854983E-15));
#6670=CARTESIAN_POINT('Origin',(-53.9724721691137,1.48321863774746E-30,
-6.58997543378466E-31));
#6671=CARTESIAN_POINT('',(-53.9724721691137,0.246740080289895,-7.2800648577316));
#6672=CARTESIAN_POINT('',(-53.9724721691137,1.03380191876531,-7.02433296425765));
#6673=CARTESIAN_POINT('',(-53.9724721691137,6.67150425225283,-5.19253243460934));
#6674=CARTESIAN_POINT('',(-53.9724721691137,3.29243600248395,-6.2904582638745));
#6675=CARTESIAN_POINT('Origin',(-53.9724721691137,1.48321863774746E-30,
-6.58997543378466E-31));
#6676=CARTESIAN_POINT('',(-53.9724721691137,4.07949784095937,-6.03472637040056));
#6677=CARTESIAN_POINT('',(-53.9724721691137,6.67150425225283,-5.19253243460934));
#6678=CARTESIAN_POINT('',(-53.9724721691137,3.92331936351907,-5.55405844152147));
#6679=CARTESIAN_POINT('',(-53.9724721691137,2.60020002324885,-1.48191583025361));
#6680=CARTESIAN_POINT('',(-53.9724721691137,6.49459583038079,-2.015));
#6681=CARTESIAN_POINT('Origin',(-53.9724721691137,1.48321863774746E-30,
-6.58997543378466E-31));
#6682=CARTESIAN_POINT('',(-53.9724721691137,7.,-2.015));
#6683=CARTESIAN_POINT('',(-53.9724721691137,7.42499999999999,-2.015));
#6684=CARTESIAN_POINT('',(-53.9724721691137,7.,-1.18743420870359));
#6685=CARTESIAN_POINT('',(-53.9724721691137,7.,1.0075));
#6686=CARTESIAN_POINT('',(-53.9724721691137,7.,1.18743420870358));
#6687=CARTESIAN_POINT('Origin',(-53.9724721691137,1.48321863774746E-30,
-6.58997543378466E-31));
#6688=CARTESIAN_POINT('',(-53.9724721691137,7.,2.015));
#6689=CARTESIAN_POINT('',(-53.9724721691137,7.,1.0075));
#6690=CARTESIAN_POINT('',(-53.9724721691137,6.49459583038079,2.015));
#6691=CARTESIAN_POINT('',(-53.9724721691137,4.92499999999999,2.015));
#6692=CARTESIAN_POINT('',(-53.9724721691137,3.92331936351907,5.55405844152146));
#6693=CARTESIAN_POINT('Origin',(-53.9724721691137,1.48321863774746E-30,
-6.58997543378466E-31));
#6694=CARTESIAN_POINT('',(-53.9724721691137,4.07949784095937,6.03472637040056));
#6695=CARTESIAN_POINT('',(-53.9724721691137,3.37274250918622,3.85955712099149));
#6696=CARTESIAN_POINT('',(-53.9724721691137,3.29243600248396,6.2904582638745));
#6697=CARTESIAN_POINT('',(-53.9724721691137,4.75512537191809,5.81520167827486));
#6698=CARTESIAN_POINT('',(-53.9724721691137,1.03380191876531,7.02433296425765));
#6699=CARTESIAN_POINT('Origin',(-53.9724721691137,1.48321863774746E-30,
-6.58997543378466E-31));
#6700=CARTESIAN_POINT('',(-53.9724721691137,0.2467400802899,7.2800648577316));
#6701=CARTESIAN_POINT('',(-53.9724721691137,4.75512537191809,5.81520167827486));
#6702=CARTESIAN_POINT('',(-53.9724721691137,0.090561602849605,6.7993969288525));
#6703=CARTESIAN_POINT('',(-53.9724721691137,-1.23255773742062,2.72725431758465));
#6704=CARTESIAN_POINT('',(-53.9724721691137,-4.0698511150054,5.44759689236354));
#6705=CARTESIAN_POINT('Origin',(-53.9724721691137,1.48321863774746E-30,
-6.58997543378466E-31));
#6706=CARTESIAN_POINT('',(-53.9724721691137,-4.4787316772553,5.74466600971283));
#6707=CARTESIAN_POINT('',(-53.9724721691137,0.921773654517846,1.82096921345994));
#6708=CARTESIAN_POINT('',(-53.9724721691137,-4.96516264468108,5.07515122059068));
#6709=CARTESIAN_POINT('',(-53.9724721691137,-4.89925845377014,5.16586055744379));
#6710=CARTESIAN_POINT('',(-53.9724721691137,-6.36107527656818,3.15384231150395));
#6711=CARTESIAN_POINT('Origin',(-53.9724721691137,1.48321863774746E-30,
-6.58997543378466E-31));
#6712=CARTESIAN_POINT('',(-53.9724721691137,-6.84750624399396,2.4843275223818));
#6713=CARTESIAN_POINT('',(-53.9724721691137,-4.89925845377014,5.16586055744379));
#6714=CARTESIAN_POINT('',(-53.9724721691137,-6.43862568174406,2.1872584050325));
#6715=CARTESIAN_POINT('',(-53.9724721691137,0.575541573716546,-2.90883240460228));
#6716=CARTESIAN_POINT('',(-53.9724721691137,-6.43862568174407,-2.1872584050325));
#6717=CARTESIAN_POINT('Origin',(-53.9724721691137,1.48321863774746E-30,
-6.58997543378466E-31));
#6718=CARTESIAN_POINT('',(-53.9724721691137,-6.84750624399397,-2.48432752238179));
#6719=CARTESIAN_POINT('',(-53.9724721691137,-1.44700091222082,1.4393692738711));
#6720=CARTESIAN_POINT('',(-53.9724721691137,-6.36107527656818,-3.15384231150395));
#6721=CARTESIAN_POINT('',(-53.9724721691137,-3.71487117040081,-6.79602980110931));
#6722=CARTESIAN_POINT('',(-53.9724721691137,-4.96516264468109,-5.07515122059067));
#6723=CARTESIAN_POINT('Origin',(-53.9724721691137,1.48321863774746E-30,
-6.58997543378466E-31));
#6724=CARTESIAN_POINT('',(-53.9724721691137,-4.4787316772553,-5.74466600971283));
#6725=CARTESIAN_POINT('',(-53.9724721691137,-3.71487117040081,-6.79602980110931));
#6726=CARTESIAN_POINT('',(-53.9724721691137,2.94431614045522,-0.351506082728759));
#6727=CARTESIAN_POINT('',(-53.9724721691137,-0.460015251483258,-5.10489560832253));
#6728=CARTESIAN_POINT('Origin',(-55.7724721691137,1.53268447543561E-30,
-6.80975331877101E-31));
#6729=CARTESIAN_POINT('',(-57.4724721691137,-6.43862568174406,2.1872584050325));
#6730=CARTESIAN_POINT('',(-55.7724721691137,-6.43862568174406,2.1872584050325));
#6731=CARTESIAN_POINT('',(-57.4724721691137,-6.43862568174407,-2.18725840503249));
#6732=CARTESIAN_POINT('Origin',(-57.4724721691137,1.57940221102997E-30,
-7.01732132125812E-31));
#6733=CARTESIAN_POINT('',(-55.7724721691137,-6.43862568174407,-2.1872584050325));
#6734=CARTESIAN_POINT('Origin',(-55.7724721691137,1.53268447543561E-30,
-6.80975331877101E-31));
#6735=CARTESIAN_POINT('',(-57.4724721691137,0.090561602849605,6.7993969288525));
#6736=CARTESIAN_POINT('',(-55.7724721691137,0.090561602849605,6.7993969288525));
#6737=CARTESIAN_POINT('',(-57.4724721691137,-4.0698511150054,5.44759689236354));
#6738=CARTESIAN_POINT('Origin',(-57.4724721691137,1.57940221102997E-30,
-7.01732132125812E-31));
#6739=CARTESIAN_POINT('',(-55.7724721691137,-4.0698511150054,5.44759689236354));
#6740=CARTESIAN_POINT('Origin',(-57.4724721691137,-4.4787316772553,5.74466600971283));
#6741=CARTESIAN_POINT('',(-57.4724721691137,-2.6059048226369,4.38397765224205));
#6742=CARTESIAN_POINT('',(-57.4724721691137,0.299990582189746,2.27272105870014));
#6743=CARTESIAN_POINT('',(-50.3709505836142,-2.6059048226369,4.38397765224205));
#6744=CARTESIAN_POINT('',(-53.9217113763639,-2.6059048226369,4.38397765224205));
#6745=CARTESIAN_POINT('',(-50.3709505836142,-4.13334733057894,5.49372959334512));
#6746=CARTESIAN_POINT('',(-50.3709505836142,0.312262616512016,2.26380490385987));
#6747=CARTESIAN_POINT('',(-51.6,-4.13334733057894,5.49372959334512));
#6748=CARTESIAN_POINT('',(-50.9854752918071,-4.13334733057894,5.49372959334512));
#6749=CARTESIAN_POINT('',(-51.6,-4.36233733150608,5.66010056750666));
#6750=CARTESIAN_POINT('',(-51.6,0.679785273918599,1.99678406324844));
#6751=CARTESIAN_POINT('',(-51.5355812901894,-4.4787316772553,5.74466600971283));
#6752=CARTESIAN_POINT('Ctrl Pts',(-51.5355812901894,-4.4787316772553,5.74466600971283));
#6753=CARTESIAN_POINT('Ctrl Pts',(-51.5681250821244,-4.41997736393168,5.70197850237947));
#6754=CARTESIAN_POINT('Ctrl Pts',(-51.6,-4.36233733150607,5.66010056750667));
#6755=CARTESIAN_POINT('',(-57.4724721691137,-4.4787316772553,5.74466600971283));
#6756=CARTESIAN_POINT('Origin',(-55.7724721691137,1.53268447543561E-30,
-6.80975331877101E-31));
#6757=CARTESIAN_POINT('',(-57.4724721691137,6.49459583038079,2.015));
#6758=CARTESIAN_POINT('',(-55.7724721691137,6.49459583038079,2.015));
#6759=CARTESIAN_POINT('',(-57.4724721691137,3.92331936351907,5.55405844152146));
#6760=CARTESIAN_POINT('Origin',(-57.4724721691137,1.57940221102997E-30,
-7.01732132125812E-31));
#6761=CARTESIAN_POINT('',(-55.7724721691137,3.92331936351907,5.55405844152146));
#6762=CARTESIAN_POINT('Origin',(-57.4724721691137,4.07949784095937,6.03472637040056));
#6763=CARTESIAN_POINT('',(-57.4724721691137,3.3641416375387,3.83308635991657));
#6764=CARTESIAN_POINT('',(-57.4724721691137,3.28202558151432,3.58035912615257));
#6765=CARTESIAN_POINT('',(-50.3709505836142,3.3641416375387,3.83308635991657));
#6766=CARTESIAN_POINT('',(-53.9217113763639,3.3641416375387,3.83308635991657));
#6767=CARTESIAN_POINT('',(-50.3709505836142,3.94757275971118,5.62870271970249));
#6768=CARTESIAN_POINT('',(-50.3709505836142,3.28381604719205,3.58586961289281));
#6769=CARTESIAN_POINT('',(-51.6,3.94757275971118,5.62870271970249));
#6770=CARTESIAN_POINT('',(-50.9854752918071,3.94757275971118,5.62870271970249));
#6771=CARTESIAN_POINT('',(-51.6,4.03503915698147,5.89789661063731));
#6772=CARTESIAN_POINT('',(-51.6,3.33743688026636,3.75089756809524));
#6773=CARTESIAN_POINT('',(-51.5355812901894,4.07949784095937,6.03472637040056));
#6774=CARTESIAN_POINT('Ctrl Pts',(-51.5355812901894,4.07949784095937,6.03472637040056));
#6775=CARTESIAN_POINT('Ctrl Pts',(-51.5681250821247,4.05705569025522,5.96565653263959));
#6776=CARTESIAN_POINT('Ctrl Pts',(-51.6,4.03503915698147,5.89789661063731));
#6777=CARTESIAN_POINT('',(-57.4724721691137,4.07949784095937,6.03472637040056));
#6778=CARTESIAN_POINT('Origin',(-57.4724721691137,7.,-2.015));
#6779=CARTESIAN_POINT('',(-57.4724721691137,6.49459583038079,-2.015));
#6780=CARTESIAN_POINT('',(-55.7724721691137,6.49459583038079,-2.015));
#6781=CARTESIAN_POINT('',(-57.4724721691137,4.68505869760454,-2.015));
#6782=CARTESIAN_POINT('',(-57.4724721691137,6.47499999999999,-2.015));
#6783=CARTESIAN_POINT('',(-50.3709505836142,4.68505869760454,-2.015));
#6784=CARTESIAN_POINT('',(-53.9217113763639,4.68505869760454,-2.015));
#6785=CARTESIAN_POINT('',(-50.3709505836142,6.57308146914367,-2.015));
#6786=CARTESIAN_POINT('',(-50.3709505836142,6.49375,-2.015));
#6787=CARTESIAN_POINT('',(-51.6,6.57308146914367,-2.015));
#6788=CARTESIAN_POINT('',(-50.9854752918071,6.57308146914367,-2.015));
#6789=CARTESIAN_POINT('',(-51.6,6.85612867645735,-2.015));
#6790=CARTESIAN_POINT('',(-51.6,7.05527465397453,-2.015));
#6791=CARTESIAN_POINT('',(-51.5355812901894,7.,-2.015));
#6792=CARTESIAN_POINT('Ctrl Pts',(-51.5355812901894,7.,-2.015));
#6793=CARTESIAN_POINT('Ctrl Pts',(-51.5681250821244,6.92737567476075,-2.015));
#6794=CARTESIAN_POINT('Ctrl Pts',(-51.6,6.85612867645735,-2.015));
#6795=CARTESIAN_POINT('',(-57.4724721691137,7.,-2.015));
#6796=CARTESIAN_POINT('Origin',(-55.7724721691137,1.53268447543561E-30,
-6.80975331877101E-31));
#6797=CARTESIAN_POINT('',(-57.4724721691137,3.92331936351907,-5.55405844152147));
#6798=CARTESIAN_POINT('',(-55.7724721691137,3.92331936351907,-5.55405844152147));
#6799=CARTESIAN_POINT('Origin',(-57.4724721691137,1.57940221102997E-30,
-7.01732132125812E-31));
#6800=CARTESIAN_POINT('Origin',(-51.6,7.11054930794905,-1.97357388985438E-15));
#6801=CARTESIAN_POINT('',(-51.6,3.94757275971117,-5.6287027197025));
#6802=CARTESIAN_POINT('Origin',(-51.6,1.41802068039356E-30,-6.30029936960867E-31));
#6803=CARTESIAN_POINT('',(-51.6,4.03503915698147,-5.89789661063731));
#6804=CARTESIAN_POINT('',(-51.6,2.56489439432899,-1.37325627735736));
#6805=CARTESIAN_POINT('Origin',(-51.6,1.41802068039356E-30,-6.30029936960867E-31));
#6806=CARTESIAN_POINT('Origin',(-50.9854752918071,1.40113291402088E-30,
-6.22526662480951E-31));
#6807=CARTESIAN_POINT('',(-50.3709505836142,3.94757275971117,-5.6287027197025));
#6808=CARTESIAN_POINT('Origin',(-50.3709505836142,1.3842451476482E-30,-6.15023388001035E-31));
#6809=CARTESIAN_POINT('',(-50.9854752918071,3.94757275971117,-5.6287027197025));
#6810=CARTESIAN_POINT('Origin',(-57.4724721691137,2.53441286908463,-1.27944378892479));
#6811=CARTESIAN_POINT('',(-51.5355812901894,4.07949784095937,-6.03472637040056));
#6812=CARTESIAN_POINT('',(-57.4724721691137,4.07949784095937,-6.03472637040056));
#6813=CARTESIAN_POINT('Ctrl Pts',(-51.6,4.03503915698147,-5.89789661063731));
#6814=CARTESIAN_POINT('Ctrl Pts',(-51.568125082125,4.05705569025502,-5.96565653263897));
#6815=CARTESIAN_POINT('Ctrl Pts',(-51.5355812901894,4.07949784095937,-6.03472637040056));
#6816=CARTESIAN_POINT('',(-50.3709505836142,3.3641416375387,-3.83308635991657));
#6817=CARTESIAN_POINT('',(-50.3709505836142,2.51127356125468,-1.20822832215493));
#6818=CARTESIAN_POINT('',(-57.4724721691137,3.3641416375387,-3.83308635991657));
#6819=CARTESIAN_POINT('',(-53.9217113763639,3.3641416375387,-3.83308635991657));
#6820=CARTESIAN_POINT('',(-57.4724721691137,2.50948309557695,-1.20271783541469));
#6821=CARTESIAN_POINT('Origin',(-51.6,7.11054930794905,-1.97357388985438E-15));
#6822=CARTESIAN_POINT('',(-51.6,-4.13334733057895,-5.49372959334511));
#6823=CARTESIAN_POINT('',(-51.6,-4.36233733150608,-5.66010056750666));
#6824=CARTESIAN_POINT('',(-51.6,2.70232775985597,-0.527320932517259));
#6825=CARTESIAN_POINT('',(-51.6,0.202281396311999,-7.14323509796835));
#6826=CARTESIAN_POINT('Origin',(-51.6,1.41802068039356E-30,-6.30029936960867E-31));
#6827=CARTESIAN_POINT('',(-51.6,0.114814999041704,-6.87404120703353));
#6828=CARTESIAN_POINT('',(-51.6,-0.49532088040311,-4.99623605542628));
#6829=CARTESIAN_POINT('Origin',(-51.6,1.41802068039356E-30,-6.30029936960867E-31));
#6830=CARTESIAN_POINT('Origin',(-50.9854752918071,1.40113291402088E-30,
-6.22526662480951E-31));
#6831=CARTESIAN_POINT('',(-50.3709505836142,0.114814999041703,-6.87404120703353));
#6832=CARTESIAN_POINT('',(-50.9854752918071,0.114814999041704,-6.87404120703353));
#6833=CARTESIAN_POINT('',(-50.3709505836142,-4.13334733057895,-5.49372959334511));
#6834=CARTESIAN_POINT('Origin',(-50.3709505836142,1.3842451476482E-30,-6.15023388001035E-31));
#6835=CARTESIAN_POINT('',(-50.9854752918071,-4.13334733057895,-5.49372959334511));
#6836=CARTESIAN_POINT('Origin',(-51.6,7.11054930794905,-1.97357388985438E-15));
#6837=CARTESIAN_POINT('',(-51.6,-6.50212189731761,2.23339110601408));
#6838=CARTESIAN_POINT('',(-51.6,-6.73111189824474,2.39976208017563));
#6839=CARTESIAN_POINT('',(-51.6,0.333553193117298,-2.73301755481378));
#6840=CARTESIAN_POINT('',(-51.6,-7.1460986158981,1.10829612526791E-15));
#6841=CARTESIAN_POINT('Origin',(-51.6,1.41802068039356E-30,-6.30029936960867E-31));
#6842=CARTESIAN_POINT('',(-51.6,-6.73111189824475,-2.39976208017562));
#6843=CARTESIAN_POINT('Origin',(-51.6,1.41802068039356E-30,-6.30029936960867E-31));
#6844=CARTESIAN_POINT('',(-51.6,-6.50212189731762,-2.23339110601407));
#6845=CARTESIAN_POINT('',(-51.6,-1.68898929282007,1.2635544240826));
#6846=CARTESIAN_POINT('Origin',(-51.6,1.41802068039356E-30,-6.30029936960867E-31));
#6847=CARTESIAN_POINT('Origin',(-50.9854752918071,1.40113291402088E-30,
-6.22526662480951E-31));
#6848=CARTESIAN_POINT('',(-50.3709505836142,-6.50212189731762,-2.23339110601407));
#6849=CARTESIAN_POINT('',(-50.9854752918071,-6.50212189731761,-2.23339110601407));
#6850=CARTESIAN_POINT('',(-50.3709505836142,-6.50212189731761,2.23339110601408));
#6851=CARTESIAN_POINT('Origin',(-50.3709505836142,1.3842451476482E-30,-6.15023388001035E-31));
#6852=CARTESIAN_POINT('',(-50.9854752918071,-6.50212189731761,2.23339110601408));
#6853=CARTESIAN_POINT('Origin',(-51.6,7.11054930794905,-1.97357388985438E-15));
#6854=CARTESIAN_POINT('',(-51.6,0.11481499904171,6.87404120703353));
#6855=CARTESIAN_POINT('',(-51.6,0.202281396312004,7.14323509796835));
#6856=CARTESIAN_POINT('',(-51.6,-1.26786336634048,2.6185947646884));
#6857=CARTESIAN_POINT('Origin',(-51.6,1.41802068039356E-30,-6.30029936960867E-31));
#6858=CARTESIAN_POINT('Origin',(-51.6,1.41802068039356E-30,-6.30029936960867E-31));
#6859=CARTESIAN_POINT('Origin',(-50.9854752918071,1.40113291402088E-30,
-6.22526662480951E-31));
#6860=CARTESIAN_POINT('',(-50.3709505836142,0.114814999041709,6.87404120703353));
#6861=CARTESIAN_POINT('Origin',(-50.3709505836142,1.3842451476482E-30,-6.15023388001035E-31));
#6862=CARTESIAN_POINT('',(-50.9854752918071,0.11481499904171,6.87404120703353));
#6863=CARTESIAN_POINT('Origin',(-51.6,7.11054930794905,-1.97357388985438E-15));
#6864=CARTESIAN_POINT('',(-51.6,6.57308146914368,2.015));
#6865=CARTESIAN_POINT('',(-51.6,6.85612867645735,2.015));
#6866=CARTESIAN_POINT('',(-51.6,4.55527465397453,2.015));
#6867=CARTESIAN_POINT('Origin',(-51.6,1.41802068039356E-30,-6.30029936960867E-31));
#6868=CARTESIAN_POINT('Origin',(-51.6,1.41802068039356E-30,-6.30029936960867E-31));
#6869=CARTESIAN_POINT('Origin',(-57.4724721691137,2.,2.015));
#6870=CARTESIAN_POINT('',(-51.5355812901894,7.,2.015));
#6871=CARTESIAN_POINT('',(-57.4724721691137,7.,2.015));
#6872=CARTESIAN_POINT('Ctrl Pts',(-51.6,6.85612867645735,2.015));
#6873=CARTESIAN_POINT('Ctrl Pts',(-51.5681250821244,6.92737567476075,2.015));
#6874=CARTESIAN_POINT('Ctrl Pts',(-51.5355812901894,7.,2.015));
#6875=CARTESIAN_POINT('',(-50.3709505836142,6.57308146914368,2.015));
#6876=CARTESIAN_POINT('',(-50.9854752918071,6.57308146914368,2.015));
#6877=CARTESIAN_POINT('',(-50.3709505836142,4.68505869760455,2.015));
#6878=CARTESIAN_POINT('',(-50.3709505836142,3.99375,2.015));
#6879=CARTESIAN_POINT('',(-57.4724721691137,4.68505869760455,2.015));
#6880=CARTESIAN_POINT('',(-53.9217113763639,4.68505869760455,2.015));
#6881=CARTESIAN_POINT('',(-57.4724721691137,3.97499999999999,2.015));
#6882=CARTESIAN_POINT('Origin',(-50.9854752918071,1.40113291402088E-30,
-6.22526662480951E-31));
#6883=CARTESIAN_POINT('Origin',(-50.3709505836142,1.3842451476482E-30,-6.15023388001035E-31));
#6884=CARTESIAN_POINT('Origin',(-52.6862360845569,1.44787155697673E-30,
-6.43292751919743E-31));
#6885=CARTESIAN_POINT('',(-51.4,-8.9,1.38031057854983E-15));
#6886=CARTESIAN_POINT('Origin',(-51.4,1.41252447620599E-30,-6.27587960461019E-31));
#6887=CARTESIAN_POINT('',(-52.6862360845569,-8.9,1.38031057854983E-15));
#6888=CARTESIAN_POINT('Origin',(-57.4724721691137,5.94999999999998,-1.65145674912992E-15));
#6889=CARTESIAN_POINT('Origin',(-57.4724721691137,1.57940221102997E-30,
-7.01732132125812E-31));
#6890=CARTESIAN_POINT('Origin',(-53.9217113763639,1.48182367933908E-30,
-6.58377760063424E-31));
#6891=CARTESIAN_POINT('Origin',(-50.3709505836142,1.3842451476482E-30,-6.15023388001035E-31));
#6892=CARTESIAN_POINT('Origin',(-50.3709505836142,5.9875,-1.66186508998578E-15));
#6893=CARTESIAN_POINT('Origin',(-57.4724721691137,-0.433646705380563,-2.80573974825047));
#6894=CARTESIAN_POINT('',(-51.5355812901894,-4.4787316772553,-5.74466600971283));
#6895=CARTESIAN_POINT('',(-57.4724721691137,-4.4787316772553,-5.74466600971283));
#6896=CARTESIAN_POINT('Ctrl Pts',(-51.6,-4.36233733150608,-5.66010056750666));
#6897=CARTESIAN_POINT('Ctrl Pts',(-51.5681250821238,-4.41997736393282,-5.7019785023803));
#6898=CARTESIAN_POINT('Ctrl Pts',(-51.5355812901894,-4.4787316772553,-5.74466600971283));
#6899=CARTESIAN_POINT('',(-50.3709505836142,-2.6059048226369,-4.38397765224205));
#6900=CARTESIAN_POINT('',(-50.3709505836142,2.33480510244939,-0.794341773128686));
#6901=CARTESIAN_POINT('',(-57.4724721691137,-2.6059048226369,-4.38397765224205));
#6902=CARTESIAN_POINT('',(-53.9217113763639,-2.6059048226369,-4.38397765224205));
#6903=CARTESIAN_POINT('',(-57.4724721691137,2.32253306812712,-0.803257927968957));
#6904=CARTESIAN_POINT('Origin',(-50.3709505836142,5.9875,-1.66186508998578E-15));
#6905=CARTESIAN_POINT('',(-50.3709505836142,-0.468616123130774,-5.07842484724761));
#6906=CARTESIAN_POINT('',(-50.3709505836142,-0.548941713477421,-4.83120810022385));
#6907=CARTESIAN_POINT('Origin',(-50.3709505836142,1.3842451476482E-30,-6.15023388001035E-31));
#6908=CARTESIAN_POINT('Origin',(-57.4724721691137,-2.80242127211923,-0.454598739080572));
#6909=CARTESIAN_POINT('',(-51.5355812901894,-6.84750624399396,2.4843275223818));
#6910=CARTESIAN_POINT('',(-57.4724721691137,-6.84750624399396,2.4843275223818));
#6911=CARTESIAN_POINT('Ctrl Pts',(-51.6,-6.73111189824474,2.39976208017563));
#6912=CARTESIAN_POINT('Ctrl Pts',(-51.5681250821239,-6.78875193067121,2.44164001504906));
#6913=CARTESIAN_POINT('Ctrl Pts',(-51.5355812901894,-6.84750624399396,2.4843275223818));
#6914=CARTESIAN_POINT('',(-50.3709505836142,-4.97467938937557,1.12363916491102));
#6915=CARTESIAN_POINT('',(-50.3709505836142,-0.0339694642892842,-2.46599671420236));
#6916=CARTESIAN_POINT('',(-57.4724721691137,-4.97467938937557,1.12363916491101));
#6917=CARTESIAN_POINT('',(-53.9217113763639,-4.97467938937557,1.12363916491102));
#6918=CARTESIAN_POINT('',(-57.4724721691137,-0.0462414986115543,-2.45708055936208));
#6919=CARTESIAN_POINT('Origin',(-50.3709505836142,5.9875,-1.66186508998578E-15));
#6920=CARTESIAN_POINT('',(-50.3709505836142,-4.97467938937557,-1.12363916491101));
#6921=CARTESIAN_POINT('',(-50.3709505836142,-2.05651195022665,0.996533583471172));
#6922=CARTESIAN_POINT('Origin',(-50.3709505836142,1.3842451476482E-30,-6.15023388001035E-31));
#6923=CARTESIAN_POINT('Origin',(-57.4724721691137,-1.29834489158484,2.52478227625583));
#6924=CARTESIAN_POINT('',(-51.5355812901894,0.2467400802899,7.2800648577316));
#6925=CARTESIAN_POINT('',(-57.4724721691137,0.2467400802899,7.2800648577316));
#6926=CARTESIAN_POINT('Ctrl Pts',(-51.6,0.202281396312004,7.14323509796835));
#6927=CARTESIAN_POINT('Ctrl Pts',(-51.5681250821246,0.224297929585841,7.21099501997091));
#6928=CARTESIAN_POINT('Ctrl Pts',(-51.5355812901894,0.2467400802899,7.2800648577316));
#6929=CARTESIAN_POINT('',(-50.3709505836142,-0.468616123130771,5.07842484724761));
#6930=CARTESIAN_POINT('',(-50.3709505836142,-1.32148419941479,2.45356680948597));
#6931=CARTESIAN_POINT('',(-57.4724721691137,-0.468616123130771,5.07842484724761));
#6932=CARTESIAN_POINT('',(-53.9217113763639,-0.468616123130771,5.07842484724761));
#6933=CARTESIAN_POINT('',(-57.4724721691137,-1.32327466509252,2.44805632274573));
#6934=CARTESIAN_POINT('Origin',(-50.3709505836142,5.9875,-1.66186508998578E-15));
#6935=CARTESIAN_POINT('Origin',(-50.3709505836142,1.3842451476482E-30,-6.15023388001035E-31));
#6936=CARTESIAN_POINT('Origin',(-50.3709505836142,5.9875,-1.66186508998578E-15));
#6937=CARTESIAN_POINT('Origin',(-50.3709505836142,1.3842451476482E-30,-6.15023388001035E-31));
#6938=CARTESIAN_POINT('Origin',(-53.9217113763639,1.48182367933908E-30,
-6.58377760063424E-31));
#6939=CARTESIAN_POINT('',(-57.4724721691137,-0.468616123130776,-5.07842484724761));
#6940=CARTESIAN_POINT('',(-53.9217113763639,-0.468616123130774,-5.07842484724761));
#6941=CARTESIAN_POINT('Origin',(-57.4724721691137,1.57940221102997E-30,
-7.01732132125812E-31));
#6942=CARTESIAN_POINT('Origin',(-53.9217113763639,1.48182367933908E-30,
-6.58377760063424E-31));
#6943=CARTESIAN_POINT('',(-57.4724721691137,-4.97467938937557,-1.12363916491101));
#6944=CARTESIAN_POINT('',(-53.9217113763639,-4.97467938937557,-1.12363916491101));
#6945=CARTESIAN_POINT('Origin',(-57.4724721691137,1.57940221102997E-30,
-7.01732132125812E-31));
#6946=CARTESIAN_POINT('Origin',(-53.9217113763639,1.48182367933908E-30,
-6.58377760063424E-31));
#6947=CARTESIAN_POINT('Origin',(-57.4724721691137,1.57940221102997E-30,
-7.01732132125812E-31));
#6948=CARTESIAN_POINT('Origin',(-53.9217113763639,1.48182367933908E-30,
-6.58377760063424E-31));
#6949=CARTESIAN_POINT('Origin',(-57.4724721691137,1.57940221102997E-30,
-7.01732132125812E-31));
#6950=CARTESIAN_POINT('Origin',(-57.4724721691137,5.94999999999998,-1.65145674912992E-15));
#6951=CARTESIAN_POINT('',(-57.4724721691137,-0.550732179155157,-4.82569761348361));
#6952=CARTESIAN_POINT('Origin',(-57.4724721691137,5.94999999999998,-1.65145674912992E-15));
#6953=CARTESIAN_POINT('',(-57.4724721691137,-2.06878398454892,0.987617428630902));
#6954=CARTESIAN_POINT('Origin',(-57.4724721691137,5.94999999999998,-1.65145674912992E-15));
#6955=CARTESIAN_POINT('Origin',(-57.4724721691137,5.94999999999998,-1.65145674912992E-15));
#6956=CARTESIAN_POINT('Origin',(-57.4724721691137,4.07949784095937,-6.03472637040056));
#6957=CARTESIAN_POINT('Ctrl Pts',(-53.9724721691137,1.03380191876531,-7.02433296425765));
#6958=CARTESIAN_POINT('Ctrl Pts',(-53.9724721691137,1.13945478632138,-6.9900042666252));
#6959=CARTESIAN_POINT('Ctrl Pts',(-53.9745435155628,1.26622292173704,-6.94881480257393));
#6960=CARTESIAN_POINT('Ctrl Pts',(-53.9820572859465,1.61911685217159,-6.8341526138947));
#6961=CARTESIAN_POINT('Ctrl Pts',(-53.9896294566391,1.91580555253462,-6.73775261149701));
#6962=CARTESIAN_POINT('Ctrl Pts',(-53.9896294566391,2.41043236871464,-6.57703861663515));
#6963=CARTESIAN_POINT('Ctrl Pts',(-53.9820572859465,2.70712106907767,-6.48063861423745));
#6964=CARTESIAN_POINT('Ctrl Pts',(-53.9745435155628,3.06001499951222,-6.36597642555822));
#6965=CARTESIAN_POINT('Ctrl Pts',(-53.9724721691137,3.18678313492788,-6.32478696150696));
#6966=CARTESIAN_POINT('Ctrl Pts',(-53.9724721691137,3.29243600248395,-6.2904582638745));
#6967=CARTESIAN_POINT('',(-51.5355812901894,0.246740080289895,-7.2800648577316));
#6968=CARTESIAN_POINT('',(-57.4724721691137,0.246740080289895,-7.2800648577316));
#6969=CARTESIAN_POINT('',(-51.6,0.795869637674806,-7.10164184875358));
#6970=CARTESIAN_POINT('Ctrl Pts',(-51.6,0.795869637674814,-7.10164184875358));
#6971=CARTESIAN_POINT('Ctrl Pts',(-51.5731770980387,0.523933356839256,-7.18999930251737));
#6972=CARTESIAN_POINT('Ctrl Pts',(-51.5355812901894,0.246740080289895,-7.2800648577316));
#6973=CARTESIAN_POINT('',(-51.6,1.18596913468007,-6.97489083868602));
#6974=CARTESIAN_POINT('',(-51.6,6.33708453514721,-5.3011919875056));
#6975=CARTESIAN_POINT('',(-51.6,3.14026878656919,-6.33990038944614));
#6976=CARTESIAN_POINT('Ctrl Pts',(-51.6,3.14026878656917,-6.33990038944614));
#6977=CARTESIAN_POINT('Ctrl Pts',(-51.6,3.04849618330531,-6.36971911582114));
#6978=CARTESIAN_POINT('Ctrl Pts',(-51.5982348006167,2.9383818561811,-6.40549742954123));
#6979=CARTESIAN_POINT('Ctrl Pts',(-51.5918537719278,2.63303706402732,-6.50470996665413));
#6980=CARTESIAN_POINT('Ctrl Pts',(-51.5854049621774,2.3767514513666,-6.58798221006872));
#6981=CARTESIAN_POINT('Ctrl Pts',(-51.5854049621774,2.16311896062463,-6.65739561406608));
#6982=CARTESIAN_POINT('Ctrl Pts',(-51.5854049621774,1.94948646988266,-6.72680901806344));
#6983=CARTESIAN_POINT('Ctrl Pts',(-51.5918537719278,1.69320085722194,-6.81008126147802));
#6984=CARTESIAN_POINT('Ctrl Pts',(-51.5982348006167,1.38785606506816,-6.90929379859093));
#6985=CARTESIAN_POINT('Ctrl Pts',(-51.6,1.27774173794395,-6.94507211231102));
#6986=CARTESIAN_POINT('Ctrl Pts',(-51.6,1.18596913468009,-6.97489083868601));
#6987=CARTESIAN_POINT('',(-51.6,3.53036828357445,-6.21314937937858));
#6988=CARTESIAN_POINT('',(-51.6,6.33708453514721,-5.3011919875056));
#6989=CARTESIAN_POINT('Ctrl Pts',(-51.5355812901894,4.07949784095937,-6.03472637040056));
#6990=CARTESIAN_POINT('Ctrl Pts',(-51.5731770980388,3.80230456441001,-6.12479192561478));
#6991=CARTESIAN_POINT('Ctrl Pts',(-51.6,3.53036828357445,-6.21314937937858));
#6992=CARTESIAN_POINT('Origin',(-57.4724721691137,0.246740080289895,-7.2800648577316));
#6993=CARTESIAN_POINT('Ctrl Pts',(-51.5355812901894,0.246740080289895,-7.2800648577316));
#6994=CARTESIAN_POINT('Ctrl Pts',(-51.5681250821251,0.224297929585482,-7.21099501996982));
#6995=CARTESIAN_POINT('Ctrl Pts',(-51.6,0.202281396311998,-7.14323509796835));
#6996=CARTESIAN_POINT('Origin',(-57.4724721691137,-4.4787316772553,-5.74466600971283));
#6997=CARTESIAN_POINT('Ctrl Pts',(-53.9724721691137,-6.36107527656818,-3.15384231150395));
#6998=CARTESIAN_POINT('Ctrl Pts',(-53.9724721691137,-6.29577821340964,-3.24371600869523));
#6999=CARTESIAN_POINT('Ctrl Pts',(-53.9745435155628,-6.21743119703232,-3.35155142555984));
#7000=CARTESIAN_POINT('Ctrl Pts',(-53.9820572859465,-5.99933075360022,-3.65174093274652));
#7001=CARTESIAN_POINT('Ctrl Pts',(-53.9896294566391,-5.81596705269783,-3.90411941553925));
#7002=CARTESIAN_POINT('Ctrl Pts',(-53.9896294566391,-5.51027086855144,-4.32487411655537));
#7003=CARTESIAN_POINT('Ctrl Pts',(-53.9820572859465,-5.32690716764905,-4.57725259934811));
#7004=CARTESIAN_POINT('Ctrl Pts',(-53.9745435155628,-5.10880672421696,-4.87744210653478));
#7005=CARTESIAN_POINT('Ctrl Pts',(-53.9724721691137,-5.03045970783963,-4.98527752339939));
#7006=CARTESIAN_POINT('Ctrl Pts',(-53.9724721691137,-4.96516264468109,-5.07515122059068));
#7007=CARTESIAN_POINT('',(-51.5355812901894,-6.84750624399397,-2.48432752238179));
#7008=CARTESIAN_POINT('',(-57.4724721691137,-6.84750624399397,-2.48432752238179));
#7009=CARTESIAN_POINT('',(-51.6,-6.50812551330291,-2.95144502426126));
#7010=CARTESIAN_POINT('Ctrl Pts',(-51.6,-6.5081255133029,-2.95144502426127));
#7011=CARTESIAN_POINT('Ctrl Pts',(-51.5731770980388,-6.67619137763351,-2.72012220714826));
#7012=CARTESIAN_POINT('Ctrl Pts',(-51.5355812901894,-6.84750624399397,-2.48432752238179));
#7013=CARTESIAN_POINT('',(-51.6,-6.26703076515942,-3.28328347672652));
#7014=CARTESIAN_POINT('',(-51.6,-3.84260813582703,-6.62021495132081));
#7015=CARTESIAN_POINT('',(-51.6,-5.05920715608986,-4.9457100553681));
#7016=CARTESIAN_POINT('Ctrl Pts',(-51.6,-5.05920715608987,-4.94571005536809));
#7017=CARTESIAN_POINT('Ctrl Pts',(-51.6,-5.115925744143,-4.86764361621711));
#7018=CARTESIAN_POINT('Ctrl Pts',(-51.5982348006167,-5.18398014095408,-4.77397477483776));
#7019=CARTESIAN_POINT('Ctrl Pts',(-51.5918537719278,-5.37269360079289,-4.51423298056606));
#7020=CARTESIAN_POINT('Ctrl Pts',(-51.5854049621774,-5.5310868202448,-4.29622341698723));
#7021=CARTESIAN_POINT('Ctrl Pts',(-51.5854049621774,-5.66311896062464,-4.11449676604731));
#7022=CARTESIAN_POINT('Ctrl Pts',(-51.5854049621774,-5.79515110100447,-3.9327701151074));
#7023=CARTESIAN_POINT('Ctrl Pts',(-51.5918537719278,-5.95354432045638,-3.71476055152856));
#7024=CARTESIAN_POINT('Ctrl Pts',(-51.5982348006167,-6.14225778029519,-3.45501875725686));
#7025=CARTESIAN_POINT('Ctrl Pts',(-51.6,-6.21031217710628,-3.36134991587751));
#7026=CARTESIAN_POINT('Ctrl Pts',(-51.6,-6.2670307651594,-3.28328347672654));
#7027=CARTESIAN_POINT('',(-51.6,-4.81811240794636,-5.27754850783336));
#7028=CARTESIAN_POINT('',(-51.6,-3.84260813582703,-6.62021495132081));
#7029=CARTESIAN_POINT('Ctrl Pts',(-51.5355812901894,-4.4787316772553,-5.74466600971283));
#7030=CARTESIAN_POINT('Ctrl Pts',(-51.5731770980387,-4.65004654361576,-5.50887132494636));
#7031=CARTESIAN_POINT('Ctrl Pts',(-51.6,-4.81811240794637,-5.27754850783335));
#7032=CARTESIAN_POINT('Origin',(-57.4724721691137,-6.84750624399397,-2.48432752238179));
#7033=CARTESIAN_POINT('Ctrl Pts',(-51.5355812901894,-6.84750624399397,-2.48432752238179));
#7034=CARTESIAN_POINT('Ctrl Pts',(-51.5681250821246,-6.78875193066993,-2.44164001504813));
#7035=CARTESIAN_POINT('Ctrl Pts',(-51.6,-6.73111189824475,-2.39976208017562));
#7036=CARTESIAN_POINT('Origin',(-57.4724721691137,-6.84750624399396,2.4843275223818));
#7037=CARTESIAN_POINT('Ctrl Pts',(-53.9724721691137,-4.96516264468108,5.07515122059068));
#7038=CARTESIAN_POINT('Ctrl Pts',(-53.9724721691137,-5.03045970783963,4.98527752339939));
#7039=CARTESIAN_POINT('Ctrl Pts',(-53.9745435155628,-5.10880672421696,4.87744210653478));
#7040=CARTESIAN_POINT('Ctrl Pts',(-53.9820572859465,-5.32690716764905,4.5772525993481));
#7041=CARTESIAN_POINT('Ctrl Pts',(-53.9896294566391,-5.51027086855144,4.32487411655538));
#7042=CARTESIAN_POINT('Ctrl Pts',(-53.9896294566391,-5.81596705269783,3.90411941553926));
#7043=CARTESIAN_POINT('Ctrl Pts',(-53.9820572859465,-5.99933075360021,3.65174093274653));
#7044=CARTESIAN_POINT('Ctrl Pts',(-53.9745435155628,-6.21743119703231,3.35155142555985));
#7045=CARTESIAN_POINT('Ctrl Pts',(-53.9724721691137,-6.29577821340963,3.24371600869524));
#7046=CARTESIAN_POINT('Ctrl Pts',(-53.9724721691137,-6.36107527656818,3.15384231150395));
#7047=CARTESIAN_POINT('',(-51.6,-4.81811240794636,5.27754850783336));
#7048=CARTESIAN_POINT('Ctrl Pts',(-51.6,-4.81811240794636,5.27754850783337));
#7049=CARTESIAN_POINT('Ctrl Pts',(-51.5731770980387,-4.65004654361574,5.50887132494638));
#7050=CARTESIAN_POINT('Ctrl Pts',(-51.5355812901894,-4.4787316772553,5.74466600971283));
#7051=CARTESIAN_POINT('',(-51.6,-5.05920715608985,4.94571005536811));
#7052=CARTESIAN_POINT('',(-51.6,-5.02699541919636,4.99004570765529));
#7053=CARTESIAN_POINT('',(-51.6,-6.26703076515941,3.28328347672652));
#7054=CARTESIAN_POINT('Ctrl Pts',(-51.6,-6.2670307651594,3.28328347672654));
#7055=CARTESIAN_POINT('Ctrl Pts',(-51.6,-6.21031217710627,3.36134991587752));
#7056=CARTESIAN_POINT('Ctrl Pts',(-51.5982348006167,-6.14225778029519,3.45501875725686));
#7057=CARTESIAN_POINT('Ctrl Pts',(-51.5918537719278,-5.95354432045638,3.71476055152857));
#7058=CARTESIAN_POINT('Ctrl Pts',(-51.5854049621774,-5.79515110100447,3.9327701151074));
#7059=CARTESIAN_POINT('Ctrl Pts',(-51.5854049621774,-5.66311896062463,4.11449676604732));
#7060=CARTESIAN_POINT('Ctrl Pts',(-51.5854049621774,-5.5310868202448,4.29622341698723));
#7061=CARTESIAN_POINT('Ctrl Pts',(-51.5918537719278,-5.37269360079289,4.51423298056607));
#7062=CARTESIAN_POINT('Ctrl Pts',(-51.5982348006167,-5.18398014095407,4.77397477483777));
#7063=CARTESIAN_POINT('Ctrl Pts',(-51.6,-5.11592574414299,4.86764361621711));
#7064=CARTESIAN_POINT('Ctrl Pts',(-51.6,-5.05920715608986,4.94571005536809));
#7065=CARTESIAN_POINT('',(-51.6,-6.5081255133029,2.95144502426127));
#7066=CARTESIAN_POINT('',(-51.6,-5.02699541919636,4.99004570765529));
#7067=CARTESIAN_POINT('Ctrl Pts',(-51.5355812901894,-6.84750624399396,2.4843275223818));
#7068=CARTESIAN_POINT('Ctrl Pts',(-51.5731770980387,-6.67619137763351,2.72012220714826));
#7069=CARTESIAN_POINT('Ctrl Pts',(-51.6,-6.50812551330291,2.95144502426127));
#7070=CARTESIAN_POINT('Origin',(-57.4724721691137,0.2467400802899,7.2800648577316));
#7071=CARTESIAN_POINT('Ctrl Pts',(-53.9724721691137,3.29243600248396,6.2904582638745));
#7072=CARTESIAN_POINT('Ctrl Pts',(-53.9724721691137,3.18678313492789,6.32478696150695));
#7073=CARTESIAN_POINT('Ctrl Pts',(-53.9745435155628,3.06001499951223,6.36597642555822));
#7074=CARTESIAN_POINT('Ctrl Pts',(-53.9820572859465,2.70712106907768,6.48063861423745));
#7075=CARTESIAN_POINT('Ctrl Pts',(-53.9896294566391,2.41043236871464,6.57703861663515));
#7076=CARTESIAN_POINT('Ctrl Pts',(-53.9896294566391,1.91580555253463,6.73775261149701));
#7077=CARTESIAN_POINT('Ctrl Pts',(-53.9820572859465,1.61911685217159,6.8341526138947));
#7078=CARTESIAN_POINT('Ctrl Pts',(-53.9745435155628,1.26622292173704,6.94881480257393));
#7079=CARTESIAN_POINT('Ctrl Pts',(-53.9724721691137,1.13945478632138,6.9900042666252));
#7080=CARTESIAN_POINT('Ctrl Pts',(-53.9724721691137,1.03380191876531,7.02433296425765));
#7081=CARTESIAN_POINT('',(-51.6,3.53036828357446,6.21314937937857));
#7082=CARTESIAN_POINT('Ctrl Pts',(-51.6,3.53036828357446,6.21314937937857));
#7083=CARTESIAN_POINT('Ctrl Pts',(-51.5731770980388,3.80230456441001,6.12479192561478));
#7084=CARTESIAN_POINT('Ctrl Pts',(-51.5355812901894,4.07949784095937,6.03472637040056));
#7085=CARTESIAN_POINT('',(-51.6,3.1402687865692,6.33990038944613));
#7086=CARTESIAN_POINT('',(-51.6,4.42070565481248,5.92386123117111));
#7087=CARTESIAN_POINT('',(-51.6,1.18596913468007,6.97489083868602));
#7088=CARTESIAN_POINT('Ctrl Pts',(-51.6,1.18596913468009,6.97489083868601));
#7089=CARTESIAN_POINT('Ctrl Pts',(-51.6,1.27774173794396,6.94507211231102));
#7090=CARTESIAN_POINT('Ctrl Pts',(-51.5982348006167,1.38785606506817,6.90929379859092));
#7091=CARTESIAN_POINT('Ctrl Pts',(-51.5918537719278,1.69320085722196,6.81008126147802));
#7092=CARTESIAN_POINT('Ctrl Pts',(-51.5854049621774,1.94948646988267,6.72680901806344));
#7093=CARTESIAN_POINT('Ctrl Pts',(-51.5854049621774,2.16311896062464,6.65739561406608));
#7094=CARTESIAN_POINT('Ctrl Pts',(-51.5854049621774,2.3767514513666,6.58798221006872));
#7095=CARTESIAN_POINT('Ctrl Pts',(-51.5918537719278,2.63303706402731,6.50470996665413));
#7096=CARTESIAN_POINT('Ctrl Pts',(-51.5982348006167,2.9383818561811,6.40549742954123));
#7097=CARTESIAN_POINT('Ctrl Pts',(-51.6,3.04849618330531,6.36971911582114));
#7098=CARTESIAN_POINT('Ctrl Pts',(-51.6,3.14026878656918,6.33990038944614));
#7099=CARTESIAN_POINT('',(-51.6,0.795869637674806,7.10164184875358));
#7100=CARTESIAN_POINT('',(-51.6,4.42070565481248,5.92386123117111));
#7101=CARTESIAN_POINT('Ctrl Pts',(-51.5355812901894,0.2467400802899,7.2800648577316));
#7102=CARTESIAN_POINT('Ctrl Pts',(-51.5731770980387,0.523933356839257,7.18999930251737));
#7103=CARTESIAN_POINT('Ctrl Pts',(-51.6,0.795869637674808,7.10164184875358));
#7104=CARTESIAN_POINT('Origin',(-54.2724721691137,2.013448607925E-30,-6.62660508128239E-31));
#7105=CARTESIAN_POINT('Origin',(-54.2724721691137,2.013448607925E-30,-6.62660508128239E-31));
#7106=CARTESIAN_POINT('Origin',(-54.2724721691137,2.013448607925E-30,-6.62660508128239E-31));
#7107=CARTESIAN_POINT('Origin',(-51.5,1.41527257829977E-30,-6.28808948710943E-31));
#7108=CARTESIAN_POINT('',(-51.4,7.575,-2.10248485288389E-15));
#7109=CARTESIAN_POINT('',(-51.4,-7.575,1.17481490252977E-15));
#7110=CARTESIAN_POINT('Origin',(-51.4,1.41252447620599E-30,-6.27587960461019E-31));
#7111=CARTESIAN_POINT('',(-51.5,-7.36054930794905,1.14155551389884E-15));
#7112=CARTESIAN_POINT('Origin',(-51.6,1.41802068039356E-30,-6.30029936960867E-31));
#7113=CARTESIAN_POINT('Origin',(-51.6,1.41802068039356E-30,-6.30029936960867E-31));
#7114=CARTESIAN_POINT('',(-51.6,7.,1.43761101419709));
#7115=CARTESIAN_POINT('Ctrl Pts',(-51.5355812901894,7.,2.015));
#7116=CARTESIAN_POINT('Ctrl Pts',(-51.5731770980388,7.,1.72354174089552));
#7117=CARTESIAN_POINT('Ctrl Pts',(-51.6,7.,1.43761101419709));
#7118=CARTESIAN_POINT('',(-51.6,7.,-1.43761101419709));
#7119=CARTESIAN_POINT('Origin',(-51.6,1.41802068039356E-30,-6.30029936960867E-31));
#7120=CARTESIAN_POINT('Ctrl Pts',(-51.6,7.,-1.43761101419709));
#7121=CARTESIAN_POINT('Ctrl Pts',(-51.5731770980388,7.,-1.72354174089552));
#7122=CARTESIAN_POINT('Ctrl Pts',(-51.5355812901894,7.,-2.015));
#7123=CARTESIAN_POINT('Origin',(-51.6,1.41802068039356E-30,-6.30029936960867E-31));
#7124=CARTESIAN_POINT('Origin',(-51.6,1.41802068039356E-30,-6.30029936960867E-31));
#7125=CARTESIAN_POINT('Origin',(-51.4,1.41252447620599E-30,-6.27587960461019E-31));
#7126=CARTESIAN_POINT('Origin',(-51.4,2.02903142367752E-30,-6.27587960461019E-31));
#7127=CARTESIAN_POINT('Origin',(-51.6,1.41802068039356E-30,-6.30029936960867E-31));
#7128=CARTESIAN_POINT('Origin',(-51.4,2.02903142367752E-30,-6.27587960461019E-31));
#7129=CARTESIAN_POINT('Origin',(-51.6,1.41802068039356E-30,-6.30029936960867E-31));
#7130=CARTESIAN_POINT('Origin',(-51.4,2.02903142367752E-30,-6.27587960461019E-31));
#7131=CARTESIAN_POINT('Origin',(-51.6,1.41802068039356E-30,-6.30029936960867E-31));
#7132=CARTESIAN_POINT('Origin',(-51.4,2.02903142367752E-30,-6.27587960461019E-31));
#7133=CARTESIAN_POINT('Origin',(-51.6,1.41802068039356E-30,-6.30029936960867E-31));
#7134=CARTESIAN_POINT('Origin',(-51.6,7.11054930794905,-1.97357388985438E-15));
#7135=CARTESIAN_POINT('Origin',(-51.6,7.11054930794905,-1.97357388985438E-15));
#7136=CARTESIAN_POINT('Origin',(-51.6,7.11054930794905,-1.97357388985438E-15));
#7137=CARTESIAN_POINT('Origin',(-51.6,7.11054930794905,-1.97357388985438E-15));
#7138=CARTESIAN_POINT('Origin',(-57.4724721691137,7.,2.015));
#7139=CARTESIAN_POINT('Ctrl Pts',(-53.9724721691137,7.,-1.18743420870359));
#7140=CARTESIAN_POINT('Ctrl Pts',(-53.9724721691137,7.,-1.07634420958592));
#7141=CARTESIAN_POINT('Ctrl Pts',(-53.9745435155628,7.,-0.943052303959231));
#7142=CARTESIAN_POINT('Ctrl Pts',(-53.9820572859465,7.,-0.571997666944333));
#7143=CARTESIAN_POINT('Ctrl Pts',(-53.9896294566391,7.,-0.260040706154261));
#7144=CARTESIAN_POINT('Ctrl Pts',(-53.9896294566391,7.,0.260040706154257));
#7145=CARTESIAN_POINT('Ctrl Pts',(-53.9820572859465,7.,0.571997666944329));
#7146=CARTESIAN_POINT('Ctrl Pts',(-53.9745435155628,7.,0.943052303959228));
#7147=CARTESIAN_POINT('Ctrl Pts',(-53.9724721691137,7.,1.07634420958592));
#7148=CARTESIAN_POINT('Ctrl Pts',(-53.9724721691137,7.,1.18743420870358));
#7149=CARTESIAN_POINT('',(-51.6,7.,-1.02743612940171));
#7150=CARTESIAN_POINT('',(-51.6,7.,1.0075));
#7151=CARTESIAN_POINT('',(-51.6,7.,1.0274361294017));
#7152=CARTESIAN_POINT('Ctrl Pts',(-51.6,7.,1.02743612940168));
#7153=CARTESIAN_POINT('Ctrl Pts',(-51.6,7.,0.930940703849717));
#7154=CARTESIAN_POINT('Ctrl Pts',(-51.5982348006167,7.,0.815159648531188));
#7155=CARTESIAN_POINT('Ctrl Pts',(-51.5918537719278,7.,0.494101134213595));
#7156=CARTESIAN_POINT('Ctrl Pts',(-51.5854049621774,7.,0.224626493885104));
#7157=CARTESIAN_POINT('Ctrl Pts',(-51.5854049621774,7.,-1.94289029309403E-15));
#7158=CARTESIAN_POINT('Ctrl Pts',(-51.5854049621774,7.,-0.224626493885108));
#7159=CARTESIAN_POINT('Ctrl Pts',(-51.5918537719278,7.,-0.494101134213599));
#7160=CARTESIAN_POINT('Ctrl Pts',(-51.5982348006167,7.,-0.815159648531192));
#7161=CARTESIAN_POINT('Ctrl Pts',(-51.6,7.,-0.930940703849721));
#7162=CARTESIAN_POINT('Ctrl Pts',(-51.6,7.,-1.02743612940169));
#7163=CARTESIAN_POINT('',(-51.6,7.,1.0075));
#7164=CARTESIAN_POINT('Origin',(-51.4,2.02903142367752E-30,-6.27587960461019E-31));
#7165=CARTESIAN_POINT('Origin',(-51.6,1.41802068039356E-30,-6.30029936960867E-31));
#7166=CARTESIAN_POINT('Origin',(-54.2724721691137,2.013448607925E-30,-6.62660508128239E-31));
#7167=CARTESIAN_POINT('Origin',(-51.4,8.0875,-2.24473217791399E-15));
#7168=CARTESIAN_POINT('Origin',(-51.6,7.11054930794905,-1.97357388985438E-15));
#7169=CARTESIAN_POINT('Origin',(-54.2724721691137,2.013448607925E-30,-6.62660508128239E-31));
#7170=UNCERTAINTY_MEASURE_WITH_UNIT(LENGTH_MEASURE(0.01),#7174,
'DISTANCE_ACCURACY_VALUE',
'Maximum model space distance between geometric entities at asserted c
onnectivities');
#7171=UNCERTAINTY_MEASURE_WITH_UNIT(LENGTH_MEASURE(0.01),#7174,
'DISTANCE_ACCURACY_VALUE',
'Maximum model space distance between geometric entities at asserted c
onnectivities');
#7172=(
GEOMETRIC_REPRESENTATION_CONTEXT(3)
GLOBAL_UNCERTAINTY_ASSIGNED_CONTEXT((#7170))
GLOBAL_UNIT_ASSIGNED_CONTEXT((#7174,#7176,#7177))
REPRESENTATION_CONTEXT('','3D')
);
#7173=(
GEOMETRIC_REPRESENTATION_CONTEXT(3)
GLOBAL_UNCERTAINTY_ASSIGNED_CONTEXT((#7171))
GLOBAL_UNIT_ASSIGNED_CONTEXT((#7174,#7176,#7177))
REPRESENTATION_CONTEXT('','3D')
);
#7174=(
LENGTH_UNIT()
NAMED_UNIT(*)
SI_UNIT(.MILLI.,.METRE.)
);
#7175=(
LENGTH_UNIT()
NAMED_UNIT(*)
SI_UNIT(.CENTI.,.METRE.)
);
#7176=(
NAMED_UNIT(*)
PLANE_ANGLE_UNIT()
SI_UNIT($,.RADIAN.)
);
#7177=(
NAMED_UNIT(*)
SI_UNIT($,.STERADIAN.)
SOLID_ANGLE_UNIT()
);
#7178=SHAPE_DEFINITION_REPRESENTATION(#7179,#7180);
#7179=PRODUCT_DEFINITION_SHAPE('',$,#7182);
#7180=SHAPE_REPRESENTATION('',(#4050),#7172);
#7181=PRODUCT_DEFINITION_CONTEXT('part definition',#7186,'design');
#7182=PRODUCT_DEFINITION('110_115_Welle_H25A_kpl_Shrinkwrap_1',
'110_115_Welle_H25A_kpl_Shrinkwrap_1',#7183,#7181);
#7183=PRODUCT_DEFINITION_FORMATION('',$,#7188);
#7184=PRODUCT_RELATED_PRODUCT_CATEGORY(
'110_115_Welle_H25A_kpl_Shrinkwrap_1',
'110_115_Welle_H25A_kpl_Shrinkwrap_1',(#7188));
#7185=APPLICATION_PROTOCOL_DEFINITION('international standard',
'automotive_design',2009,#7186);
#7186=APPLICATION_CONTEXT(
'Core Data for Automotive Mechanical Design Process');
#7187=PRODUCT_CONTEXT('part definition',#7186,'mechanical');
#7188=PRODUCT('110_115_Welle_H25A_kpl_Shrinkwrap_1',
'110_115_Welle_H25A_kpl_Shrinkwrap_1',$,(#7187));
#7189=PRESENTATION_STYLE_ASSIGNMENT((#7197));
#7190=PRESENTATION_STYLE_ASSIGNMENT((#7198));
#7191=PRESENTATION_STYLE_ASSIGNMENT((#7199));
#7192=PRESENTATION_STYLE_ASSIGNMENT((#7200));
#7193=PRESENTATION_STYLE_ASSIGNMENT((#7201));
#7194=PRESENTATION_STYLE_ASSIGNMENT((#7202));
#7195=PRESENTATION_STYLE_ASSIGNMENT((#7203));
#7196=PRESENTATION_STYLE_ASSIGNMENT((#7204));
#7197=SURFACE_STYLE_USAGE(.BOTH.,#7217);
#7198=SURFACE_STYLE_USAGE(.BOTH.,#7218);
#7199=SURFACE_STYLE_USAGE(.BOTH.,#7219);
#7200=SURFACE_STYLE_USAGE(.BOTH.,#7220);
#7201=SURFACE_STYLE_USAGE(.BOTH.,#7221);
#7202=SURFACE_STYLE_USAGE(.BOTH.,#7222);
#7203=SURFACE_STYLE_USAGE(.BOTH.,#7223);
#7204=SURFACE_STYLE_USAGE(.BOTH.,#7224);
#7205=SURFACE_STYLE_RENDERING_WITH_PROPERTIES($,#7249,(#7211));
#7206=SURFACE_STYLE_RENDERING_WITH_PROPERTIES($,#7250,(#7212));
#7207=SURFACE_STYLE_RENDERING_WITH_PROPERTIES($,#7251,(#7213));
#7208=SURFACE_STYLE_RENDERING_WITH_PROPERTIES($,#7254,(#7214));
#7209=SURFACE_STYLE_RENDERING_WITH_PROPERTIES($,#7255,(#7215));
#7210=SURFACE_STYLE_RENDERING_WITH_PROPERTIES($,#7256,(#7216));
#7211=SURFACE_STYLE_TRANSPARENT(0.);
#7212=SURFACE_STYLE_TRANSPARENT(0.);
#7213=SURFACE_STYLE_TRANSPARENT(0.);
#7214=SURFACE_STYLE_TRANSPARENT(0.);
#7215=SURFACE_STYLE_TRANSPARENT(0.);
#7216=SURFACE_STYLE_TRANSPARENT(0.);
#7217=SURFACE_SIDE_STYLE('',(#7225,#7205));
#7218=SURFACE_SIDE_STYLE('',(#7226,#7206));
#7219=SURFACE_SIDE_STYLE('',(#7227,#7207));
#7220=SURFACE_SIDE_STYLE('',(#7228));
#7221=SURFACE_SIDE_STYLE('',(#7229));
#7222=SURFACE_SIDE_STYLE('',(#7230,#7208));
#7223=SURFACE_SIDE_STYLE('',(#7231,#7209));
#7224=SURFACE_SIDE_STYLE('',(#7232,#7210));
#7225=SURFACE_STYLE_FILL_AREA(#7233);
#7226=SURFACE_STYLE_FILL_AREA(#7234);
#7227=SURFACE_STYLE_FILL_AREA(#7235);
#7228=SURFACE_STYLE_FILL_AREA(#7236);
#7229=SURFACE_STYLE_FILL_AREA(#7237);
#7230=SURFACE_STYLE_FILL_AREA(#7238);
#7231=SURFACE_STYLE_FILL_AREA(#7239);
#7232=SURFACE_STYLE_FILL_AREA(#7240);
#7233=FILL_AREA_STYLE('',(#7241));
#7234=FILL_AREA_STYLE('',(#7242));
#7235=FILL_AREA_STYLE('',(#7243));
#7236=FILL_AREA_STYLE('',(#7244));
#7237=FILL_AREA_STYLE('',(#7245));
#7238=FILL_AREA_STYLE('',(#7246));
#7239=FILL_AREA_STYLE('',(#7247));
#7240=FILL_AREA_STYLE('',(#7248));
#7241=FILL_AREA_STYLE_COLOUR('',#7249);
#7242=FILL_AREA_STYLE_COLOUR('',#7250);
#7243=FILL_AREA_STYLE_COLOUR('',#7251);
#7244=FILL_AREA_STYLE_COLOUR('',#7252);
#7245=FILL_AREA_STYLE_COLOUR('',#7253);
#7246=FILL_AREA_STYLE_COLOUR('',#7254);
#7247=FILL_AREA_STYLE_COLOUR('',#7255);
#7248=FILL_AREA_STYLE_COLOUR('',#7256);
#7249=COLOUR_RGB('',0.749019607843137,0.749019607843137,0.749019607843137);
#7250=COLOUR_RGB('',0.501960784313725,0.501960784313725,0.501960784313725);
#7251=COLOUR_RGB('',0.,0.,0.);
#7252=COLOUR_RGB('',0.576470588235294,0.576470588235294,0.576470588235294);
#7253=COLOUR_RGB('',0.784313725490196,0.784313725490196,0.792156862745098);
#7254=COLOUR_RGB('',0.8,0.796078431372549,0.701960784313725);
#7255=COLOUR_RGB('',0.309803921568627,0.309803921568627,0.309803921568627);
#7256=COLOUR_RGB('',0.87843137254902,0.874509803921569,0.858823529411765);
ENDSEC;
END-ISO-10303-21;
